[2026-09-08 13:16:37,573] DEBUG asyncio Using proactor: IocpProactor
[2026-09-08 13:16:37,648] INFO tria_engine Tria Engine (FastAPI) starting — env=development
[2026-09-08 13:16:37,798] INFO tria_engine UI storage table ready
[2026-09-08 13:16:37,798] INFO tria_engine Database connection OK
[2026-09-08 13:17:24,451] INFO uvicorn.access 127.0.0.1:63550 - "POST /api/accounts/login/ HTTP/1.1" 400
[2026-09-08 13:17:34,996] INFO uvicorn.access 127.0.0.1:63552 - "POST /api/accounts/login/ HTTP/1.1" 200
[2026-09-08 13:17:35,297] INFO uvicorn.access 127.0.0.1:63553 - "POST /api/signature-requests HTTP/1.1" 500
[2026-09-08 13:17:35,405] INFO uvicorn.access 127.0.0.1:63554 - "POST /api/signature-requests HTTP/1.1" 200
[2026-09-08 13:18:11,380] DEBUG asyncio Using proactor: IocpProactor
[2026-09-08 13:18:11,442] INFO tria_engine Tria Engine (FastAPI) starting — env=development
[2026-09-08 13:18:11,552] INFO tria_engine UI storage table ready
[2026-09-08 13:18:11,552] INFO tria_engine Database connection OK
[2026-09-08 13:18:59,734] INFO uvicorn.access 127.0.0.1:63560 - "POST /api/signature-requests HTTP/1.1" 400
[2026-09-08 13:18:59,852] INFO uvicorn.access 127.0.0.1:63561 - "POST /api/signature-requests/3/sign HTTP/1.1" 200
[2026-09-08 13:19:10,580] INFO uvicorn.access 127.0.0.1:63565 - "POST /api/accounts/login/ HTTP/1.1" 200
[2026-09-08 13:19:10,745] INFO uvicorn.access 127.0.0.1:63566 - "POST /api/signature-requests/3/sign HTTP/1.1" 200
[2026-09-08 13:19:10,850] INFO uvicorn.access 127.0.0.1:63567 - "GET /api/signature-requests HTTP/1.1" 200
[2026-09-08 13:19:10,948] INFO uvicorn.access 127.0.0.1:63568 - "POST /api/signature-requests HTTP/1.1" 200
[2026-09-08 13:19:11,045] INFO uvicorn.access 127.0.0.1:63569 - "POST /api/signature-requests/4/sign HTTP/1.1" 404
[2026-09-08 13:19:22,180] INFO uvicorn.access 127.0.0.1:63570 - "POST /api/signature-requests/5/sign HTTP/1.1" 403
[2026-09-08 13:19:22,281] INFO uvicorn.access 127.0.0.1:63571 - "POST /api/signature-requests/5/sign HTTP/1.1" 200
[2026-09-08 13:19:48,001] DEBUG asyncio Using proactor: IocpProactor
[2026-09-08 13:19:48,004] INFO tria_engine Tria Engine (FastAPI) starting — env=development
[2026-09-08 13:19:48,035] INFO tria_engine UI storage table ready
[2026-09-08 13:19:48,047] INFO tria_engine Database connection OK
[2026-09-08 13:19:48,241] INFO audit {'event': 'user_registered', 'status': 'success', 'user_id': 2, 'user_email': 'u1788853788049@example.com', 'patient_id': None, 'patient_code': None, 'ip': 'testclient', 'path': '/api/accounts/register/', 'method': 'POST', 'details': {}}
[2026-09-08 13:19:48,246] INFO httpx HTTP Request: POST http://testserver/api/accounts/register/ "HTTP/1.1 201 Created"
[2026-09-08 13:19:48,381] INFO httpx HTTP Request: POST http://testserver/api/accounts/login/ "HTTP/1.1 200 OK"
[2026-09-08 13:19:48,404] INFO httpx HTTP Request: GET http://testserver/api/accounts/check-session/?username=u1788853788049 "HTTP/1.1 200 OK"
[2026-09-08 13:19:48,425] INFO httpx HTTP Request: GET http://testserver/api/accounts/users/?page_number=1&page_size=10 "HTTP/1.1 200 OK"
[2026-09-08 13:19:48,455] INFO httpx HTTP Request: POST http://testserver/api/accounts/logout/ "HTTP/1.1 200 OK"
[2026-09-08 13:19:48,461] DEBUG asyncio Using proactor: IocpProactor
[2026-09-08 13:19:48,464] INFO tria_engine Tria Engine (FastAPI) starting — env=development
[2026-09-08 13:19:48,465] INFO tria_engine UI storage table ready
[2026-09-08 13:19:48,472] INFO tria_engine Database connection OK
[2026-09-08 13:19:48,479] INFO audit {'event': 'login_failed', 'status': 'failed', 'user_id': None, 'user_email': None, 'patient_id': None, 'patient_code': None, 'ip': 'testclient', 'path': '/api/accounts/login/', 'method': 'POST', 'details': {'email': 'nobody@example.com'}}
[2026-09-08 13:19:48,487] INFO httpx HTTP Request: POST http://testserver/api/accounts/login/ "HTTP/1.1 401 Unauthorized"
[2026-09-08 13:19:48,491] DEBUG asyncio Using proactor: IocpProactor
[2026-09-08 13:19:48,494] INFO tria_engine Tria Engine (FastAPI) starting — env=development
[2026-09-08 13:19:48,496] INFO tria_engine UI storage table ready
[2026-09-08 13:19:48,503] INFO tria_engine Database connection OK
[2026-09-08 13:19:48,508] INFO httpx HTTP Request: POST http://testserver/api/accounts/login/ "HTTP/1.1 400 Bad Request"
[2026-09-08 13:19:48,515] DEBUG asyncio Using proactor: IocpProactor
[2026-09-08 13:19:48,517] INFO tria_engine Tria Engine (FastAPI) starting — env=development
[2026-09-08 13:19:48,518] INFO tria_engine UI storage table ready
[2026-09-08 13:19:48,525] INFO tria_engine Database connection OK
[2026-09-08 13:19:48,664] INFO audit {'event': 'user_registered', 'status': 'success', 'user_id': 3, 'user_email': 'u1788853788528@example.com', 'patient_id': None, 'patient_code': None, 'ip': 'testclient', 'path': '/api/accounts/register/', 'method': 'POST', 'details': {}}
[2026-09-08 13:19:48,666] INFO httpx HTTP Request: POST http://testserver/api/accounts/register/ "HTTP/1.1 201 Created"
[2026-09-08 13:19:48,672] INFO httpx HTTP Request: POST http://testserver/api/accounts/register/ "HTTP/1.1 409 Conflict"
[2026-09-08 13:19:48,679] DEBUG asyncio Using proactor: IocpProactor
[2026-09-08 13:19:48,680] INFO tria_engine Tria Engine (FastAPI) starting — env=development
[2026-09-08 13:19:48,681] INFO tria_engine UI storage table ready
[2026-09-08 13:19:48,688] INFO tria_engine Database connection OK
[2026-09-08 13:19:48,694] INFO httpx HTTP Request: GET http://testserver/api/accounts/users/ "HTTP/1.1 401 Unauthorized"
[2026-09-08 13:19:48,700] DEBUG asyncio Using proactor: IocpProactor
[2026-09-08 13:19:48,702] INFO tria_engine Tria Engine (FastAPI) starting — env=development
[2026-09-08 13:19:48,703] INFO tria_engine UI storage table ready
[2026-09-08 13:19:48,714] INFO tria_engine Database connection OK
[2026-09-08 13:19:48,844] INFO audit {'event': 'user_registered', 'status': 'success', 'user_id': 4, 'user_email': 'u1788853788715@example.com', 'patient_id': None, 'patient_code': None, 'ip': 'testclient', 'path': '/api/accounts/register/', 'method': 'POST', 'details': {}}
[2026-09-08 13:19:48,847] INFO httpx HTTP Request: POST http://testserver/api/accounts/register/ "HTTP/1.1 201 Created"
[2026-09-08 13:19:49,000] INFO httpx HTTP Request: POST http://testserver/api/accounts/login/ "HTTP/1.1 200 OK"
[2026-09-08 13:19:49,038] INFO audit {'event': 'document_uploaded', 'status': 'success', 'user_id': 4, 'user_email': 'u1788853788715@example.com', 'patient_id': None, 'patient_code': None, 'ip': 'testclient', 'path': '/api/accounts/documents/upload/', 'method': 'POST', 'details': {'user_id': 4, 'document_number': 1, 'file_name': 'notes.txt'}}
[2026-09-08 13:19:49,059] INFO httpx HTTP Request: POST http://testserver/api/accounts/documents/upload/ "HTTP/1.1 201 Created"
[2026-09-08 13:19:49,081] INFO httpx HTTP Request: GET http://testserver/api/accounts/documents/?page_size=10 "HTTP/1.1 200 OK"
[2026-09-08 13:19:49,091] INFO httpx HTTP Request: GET http://testserver/api/accounts/documents/download/?document_number=1 "HTTP/1.1 200 OK"
[2026-09-08 13:19:49,118] INFO audit {'event': 'document_deleted', 'status': 'success', 'user_id': 4, 'user_email': 'u1788853788715@example.com', 'patient_id': None, 'patient_code': None, 'ip': 'testclient', 'path': '/api/accounts/documents/delete/', 'method': 'DELETE', 'details': {'user_id': 4, 'document_number': 1, 'file_name': 'notes.txt'}}
[2026-09-08 13:19:49,127] INFO httpx HTTP Request: DELETE http://testserver/api/accounts/documents/delete/?user_id=4&document_number=1 "HTTP/1.1 200 OK"
[2026-09-08 13:19:49,132] DEBUG asyncio Using proactor: IocpProactor
[2026-09-08 13:19:49,134] INFO tria_engine Tria Engine (FastAPI) starting — env=development
[2026-09-08 13:19:49,135] INFO tria_engine UI storage table ready
[2026-09-08 13:19:49,144] INFO tria_engine Database connection OK
[2026-09-08 13:19:49,260] INFO audit {'event': 'user_registered', 'status': 'success', 'user_id': 5, 'user_email': 'u1788853789146@example.com', 'patient_id': None, 'patient_code': None, 'ip': 'testclient', 'path': '/api/accounts/register/', 'method': 'POST', 'details': {}}
[2026-09-08 13:19:49,262] INFO httpx HTTP Request: POST http://testserver/api/accounts/register/ "HTTP/1.1 201 Created"
[2026-09-08 13:19:49,396] INFO httpx HTTP Request: POST http://testserver/api/accounts/login/ "HTTP/1.1 200 OK"
[2026-09-08 13:19:49,402] INFO httpx HTTP Request: POST http://testserver/api/accounts/documents/upload/ "HTTP/1.1 400 Bad Request"
[2026-09-08 13:19:49,407] DEBUG asyncio Using proactor: IocpProactor
[2026-09-08 13:19:49,410] INFO tria_engine Tria Engine (FastAPI) starting — env=development
[2026-09-08 13:19:49,411] INFO tria_engine UI storage table ready
[2026-09-08 13:19:49,421] INFO tria_engine Database connection OK
[2026-09-08 13:19:49,539] INFO audit {'event': 'user_registered', 'status': 'success', 'user_id': 6, 'user_email': 'u1788853789422@example.com', 'patient_id': None, 'patient_code': None, 'ip': 'testclient', 'path': '/api/accounts/register/', 'method': 'POST', 'details': {}}
[2026-09-08 13:19:49,541] INFO httpx HTTP Request: POST http://testserver/api/accounts/register/ "HTTP/1.1 201 Created"
[2026-09-08 13:19:49,673] INFO httpx HTTP Request: POST http://testserver/api/accounts/login/ "HTTP/1.1 200 OK"
[2026-09-08 13:19:49,683] INFO httpx HTTP Request: POST http://testserver/api/accounts/documents/upload/ "HTTP/1.1 400 Bad Request"
[2026-09-08 13:19:49,688] DEBUG asyncio Using proactor: IocpProactor
[2026-09-08 13:19:49,690] INFO tria_engine Tria Engine (FastAPI) starting — env=development
[2026-09-08 13:19:49,693] INFO tria_engine UI storage table ready
[2026-09-08 13:19:49,710] INFO tria_engine Database connection OK
[2026-09-08 13:19:49,847] INFO httpx HTTP Request: POST http://testserver/api/accounts/login/ "HTTP/1.1 200 OK"
[2026-09-08 13:19:49,852] INFO httpx HTTP Request: GET http://testserver/api/accounts/users/?page_number=not-a-number "HTTP/1.1 400 Bad Request"
[2026-09-08 13:19:49,856] DEBUG asyncio Using proactor: IocpProactor
[2026-09-08 13:19:49,858] INFO tria_engine Tria Engine (FastAPI) starting — env=development
[2026-09-08 13:19:49,860] INFO tria_engine UI storage table ready
[2026-09-08 13:19:49,868] INFO tria_engine Database connection OK
[2026-09-08 13:19:50,080] INFO audit {'event': 'user_registered', 'status': 'success', 'user_id': 7, 'user_email': 'u1788853789869@example.com', 'patient_id': None, 'patient_code': None, 'ip': 'testclient', 'path': '/api/accounts/register/', 'method': 'POST', 'details': {}}
[2026-09-08 13:19:50,081] INFO httpx HTTP Request: POST http://testserver/api/accounts/register/ "HTTP/1.1 201 Created"
[2026-09-08 13:19:50,222] INFO httpx HTTP Request: POST http://testserver/api/accounts/login/ "HTTP/1.1 200 OK"
[2026-09-08 13:19:50,240] INFO audit {'event': 'profile_photo_uploaded', 'status': 'success', 'user_id': 7, 'user_email': 'u1788853789869@example.com', 'patient_id': None, 'patient_code': None, 'ip': 'testclient', 'path': '/api/accounts/profile-photo/upload/', 'method': 'POST', 'details': {'file_name': 'p.png'}}
[2026-09-08 13:19:50,249] INFO httpx HTTP Request: POST http://testserver/api/accounts/profile-photo/upload/ "HTTP/1.1 200 OK"
[2026-09-08 13:19:50,254] INFO audit {'event': 'profile_photo_viewed', 'status': 'success', 'user_id': 7, 'user_email': 'u1788853789869@example.com', 'patient_id': None, 'patient_code': None, 'ip': 'testclient', 'path': '/api/accounts/profile-photo/view/', 'method': 'GET', 'details': {}}
[2026-09-08 13:19:50,262] INFO httpx HTTP Request: GET http://testserver/api/accounts/profile-photo/view/ "HTTP/1.1 200 OK"
[2026-09-08 13:19:50,275] INFO audit {'event': 'profile_photo_deleted', 'status': 'success', 'user_id': 7, 'user_email': 'u1788853789869@example.com', 'patient_id': None, 'patient_code': None, 'ip': 'testclient', 'path': '/api/accounts/profile-photo/delete/', 'method': 'DELETE', 'details': {'file_name': 'profile_photos/user_7/24ca481f13c34f15bb752659ff41ae29.png'}}
[2026-09-08 13:19:50,284] INFO httpx HTTP Request: DELETE http://testserver/api/accounts/profile-photo/delete/ "HTTP/1.1 200 OK"
[2026-09-08 13:19:50,287] DEBUG asyncio Using proactor: IocpProactor
[2026-09-08 13:19:50,289] INFO tria_engine Tria Engine (FastAPI) starting — env=development
[2026-09-08 13:19:50,290] INFO tria_engine UI storage table ready
[2026-09-08 13:19:50,300] INFO tria_engine Database connection OK
[2026-09-08 13:19:50,429] INFO audit {'event': 'user_registered', 'status': 'success', 'user_id': 8, 'user_email': 'u1788853790301@example.com', 'patient_id': None, 'patient_code': None, 'ip': 'testclient', 'path': '/api/accounts/register/', 'method': 'POST', 'details': {}}
[2026-09-08 13:19:50,432] INFO httpx HTTP Request: POST http://testserver/api/accounts/register/ "HTTP/1.1 201 Created"
[2026-09-08 13:19:50,579] INFO httpx HTTP Request: POST http://testserver/api/accounts/login/ "HTTP/1.1 200 OK"
[2026-09-08 13:19:50,613] INFO audit {'event': 'form_uploaded', 'status': 'success', 'user_id': 8, 'user_email': 'u1788853790301@example.com', 'patient_id': None, 'patient_code': None, 'ip': None, 'path': None, 'method': None, 'details': {'user_id': 8, 'form_type': 'IMAGE', 'file': 'scan.png'}}
[2026-09-08 13:19:50,622] INFO httpx HTTP Request: POST http://testserver/api/accounts/upload-form/ "HTTP/1.1 201 Created"
[2026-09-08 13:19:50,630] INFO audit {'event': 'form_viewed', 'status': 'success', 'user_id': 8, 'user_email': 'u1788853790301@example.com', 'patient_id': None, 'patient_code': None, 'ip': 'testclient', 'path': '/api/accounts/upload-form/view/', 'method': 'GET', 'details': {'form_id': 1, 'form_type': 'IMAGE', 'file_name': 'scan.png'}}
[2026-09-08 13:19:50,637] INFO httpx HTTP Request: GET http://testserver/api/accounts/upload-form/view/?form_id=1 "HTTP/1.1 200 OK"
[2026-09-08 13:19:50,660] INFO audit {'event': 'form_deleted', 'status': 'success', 'user_id': 8, 'user_email': 'u1788853790301@example.com', 'patient_id': None, 'patient_code': None, 'ip': 'testclient', 'path': '/api/accounts/upload-form/delete/', 'method': 'DELETE', 'details': {'user_id': 8, 'form_id': 1, 'form_type': 'IMAGE', 'file_name': 'scan.png'}}
[2026-09-08 13:19:50,667] INFO httpx HTTP Request: DELETE http://testserver/api/accounts/upload-form/delete/ "HTTP/1.1 200 OK"
[2026-09-08 13:19:50,672] DEBUG asyncio Using proactor: IocpProactor
[2026-09-08 13:19:50,673] INFO tria_engine Tria Engine (FastAPI) starting — env=development
[2026-09-08 13:19:50,674] INFO tria_engine UI storage table ready
[2026-09-08 13:19:50,683] INFO tria_engine Database connection OK
[2026-09-08 13:19:50,807] INFO audit {'event': 'user_registered', 'status': 'success', 'user_id': 9, 'user_email': 'u1788853790685@example.com', 'patient_id': None, 'patient_code': None, 'ip': 'testclient', 'path': '/api/accounts/register/', 'method': 'POST', 'details': {}}
[2026-09-08 13:19:50,810] INFO httpx HTTP Request: POST http://testserver/api/accounts/register/ "HTTP/1.1 201 Created"
[2026-09-08 13:19:50,935] INFO httpx HTTP Request: POST http://testserver/api/accounts/login/ "HTTP/1.1 200 OK"
[2026-09-08 13:19:51,179] INFO audit {'event': 'change_password_success', 'status': 'success', 'user_id': 9, 'user_email': 'u1788853790685@example.com', 'patient_id': None, 'patient_code': None, 'ip': 'testclient', 'path': '/api/accounts/change-password/', 'method': 'POST', 'details': {}}
[2026-09-08 13:19:51,187] INFO httpx HTTP Request: POST http://testserver/api/accounts/change-password/ "HTTP/1.1 200 OK"
[2026-09-08 13:19:51,208] INFO httpx HTTP Request: POST http://testserver/api/accounts/logout/ "HTTP/1.1 200 OK"
[2026-09-08 13:19:51,326] INFO audit {'event': 'otp_generated', 'status': 'success', 'user_id': 9, 'user_email': 'u1788853790685@example.com', 'patient_id': None, 'patient_code': None, 'ip': 'testclient', 'path': '/api/accounts/login-mfa/', 'method': 'POST', 'details': {'expires_at': '2026-09-08 07:59:51.316796'}}
[2026-09-08 13:19:51,347] INFO httpx HTTP Request: POST http://testserver/api/accounts/login-mfa/ "HTTP/1.1 200 OK"
[2026-09-08 13:19:51,379] INFO audit {'event': 'otp_verified', 'status': 'success', 'user_id': 9, 'user_email': 'u1788853790685@example.com', 'patient_id': None, 'patient_code': None, 'ip': 'testclient', 'path': '/api/accounts/verify-otp/', 'method': 'POST', 'details': {}}
[2026-09-08 13:19:51,412] INFO httpx HTTP Request: POST http://testserver/api/accounts/verify-otp/ "HTTP/1.1 200 OK"
[2026-09-08 13:19:51,435] INFO audit {'event': 'password_reset_otp_generated', 'status': 'success', 'user_id': 9, 'user_email': 'u1788853790685@example.com', 'patient_id': None, 'patient_code': None, 'ip': 'testclient', 'path': '/api/accounts/forgot-password/', 'method': 'POST', 'details': {}}
[2026-09-08 13:19:51,447] INFO httpx HTTP Request: POST http://testserver/api/accounts/forgot-password/ "HTTP/1.1 200 OK"
[2026-09-08 13:19:51,583] INFO audit {'event': 'password_reset_success', 'status': 'success', 'user_id': 9, 'user_email': 'u1788853790685@example.com', 'patient_id': None, 'patient_code': None, 'ip': 'testclient', 'path': '/api/accounts/reset-password/', 'method': 'POST', 'details': {}}
[2026-09-08 13:19:51,590] INFO httpx HTTP Request: POST http://testserver/api/accounts/reset-password/ "HTTP/1.1 200 OK"
[2026-09-08 13:19:51,597] DEBUG asyncio Using proactor: IocpProactor
[2026-09-08 13:19:51,599] INFO tria_engine Tria Engine (FastAPI) starting — env=development
[2026-09-08 13:19:51,600] INFO tria_engine UI storage table ready
[2026-09-08 13:19:51,607] INFO tria_engine Database connection OK
[2026-09-08 13:19:51,730] INFO audit {'event': 'user_registered', 'status': 'success', 'user_id': 10, 'user_email': 'u1788853791610@example.com', 'patient_id': None, 'patient_code': None, 'ip': 'testclient', 'path': '/api/accounts/register/', 'method': 'POST', 'details': {}}
[2026-09-08 13:19:51,731] INFO httpx HTTP Request: POST http://testserver/api/accounts/register/ "HTTP/1.1 201 Created"
[2026-09-08 13:19:51,854] INFO httpx HTTP Request: POST http://testserver/api/accounts/login/ "HTTP/1.1 200 OK"
[2026-09-08 13:19:51,861] INFO audit {'event': 'integrity_check_completed', 'status': 'success', 'user_id': 10, 'user_email': 'u1788853791610@example.com', 'patient_id': None, 'patient_code': None, 'ip': 'testclient', 'path': '/api/accounts/integrity-check/', 'method': 'POST', 'details': {}}
[2026-09-08 13:19:51,868] INFO httpx HTTP Request: POST http://testserver/api/accounts/integrity-check/ "HTTP/1.1 200 OK"
[2026-09-08 13:19:51,872] DEBUG asyncio Using proactor: IocpProactor
[2026-09-08 13:19:51,874] INFO tria_engine Tria Engine (FastAPI) starting — env=development
[2026-09-08 13:19:51,877] INFO tria_engine UI storage table ready
[2026-09-08 13:19:51,885] INFO tria_engine Database connection OK
[2026-09-08 13:19:52,014] INFO httpx HTTP Request: POST http://testserver/api/accounts/login/ "HTTP/1.1 200 OK"
[2026-09-08 13:19:52,032] INFO httpx HTTP Request: GET http://testserver/api/accounts/audit-logs/?page_number=1&page_size=10 "HTTP/1.1 200 OK"
[2026-09-08 13:19:52,036] DEBUG asyncio Using proactor: IocpProactor
[2026-09-08 13:19:52,038] INFO tria_engine Tria Engine (FastAPI) starting — env=development
[2026-09-08 13:19:52,039] INFO tria_engine UI storage table ready
[2026-09-08 13:19:52,049] INFO tria_engine Database connection OK
[2026-09-08 13:19:52,052] INFO httpx HTTP Request: GET http://testserver/swagger/ "HTTP/1.1 307 Temporary Redirect"
[2026-09-08 13:19:52,055] DEBUG asyncio Using proactor: IocpProactor
[2026-09-08 13:19:52,057] INFO tria_engine Tria Engine (FastAPI) starting — env=development
[2026-09-08 13:19:52,060] INFO tria_engine UI storage table ready
[2026-09-08 13:19:52,068] INFO tria_engine Database connection OK
[2026-09-08 13:19:52,212] INFO httpx HTTP Request: POST http://testserver/api/accounts/login/ "HTTP/1.1 200 OK"
[2026-09-08 13:19:52,429] INFO httpx HTTP Request: GET http://testserver/billing/plans/ "HTTP/1.1 200 OK"
[2026-09-08 13:19:52,452] INFO httpx HTTP Request: POST http://testserver/billing/plans/ "HTTP/1.1 200 OK"
[2026-09-08 13:19:52,471] INFO httpx HTTP Request: POST http://testserver/billing/plans/ "HTTP/1.1 200 OK"
[2026-09-08 13:19:52,480] INFO httpx HTTP Request: POST http://testserver/billing/plans/ "HTTP/1.1 409 Conflict"
[2026-09-08 13:19:52,502] INFO httpx HTTP Request: PUT http://testserver/billing/plans/2/ "HTTP/1.1 200 OK"
[2026-09-08 13:19:52,511] INFO httpx HTTP Request: GET http://testserver/billing/plans/ "HTTP/1.1 200 OK"
[2026-09-08 13:19:52,530] INFO httpx HTTP Request: DELETE http://testserver/billing/plans/1/ "HTTP/1.1 200 OK"
[2026-09-08 13:19:52,537] INFO httpx HTTP Request: GET http://testserver/billing/plans/ "HTTP/1.1 200 OK"
[2026-09-08 13:19:52,543] DEBUG asyncio Using proactor: IocpProactor
[2026-09-08 13:19:52,545] INFO tria_engine Tria Engine (FastAPI) starting — env=development
[2026-09-08 13:19:52,547] INFO tria_engine UI storage table ready
[2026-09-08 13:19:52,554] INFO tria_engine Database connection OK
[2026-09-08 13:19:52,688] INFO httpx HTTP Request: POST http://testserver/api/accounts/login/ "HTTP/1.1 200 OK"
[2026-09-08 13:19:52,711] INFO httpx HTTP Request: POST http://testserver/billing/plans/ "HTTP/1.1 200 OK"
[2026-09-08 13:19:52,737] INFO httpx HTTP Request: POST http://testserver/billing/subscription/assign/ "HTTP/1.1 200 OK"
[2026-09-08 13:19:52,751] INFO httpx HTTP Request: DELETE http://testserver/billing/plans/3/ "HTTP/1.1 409 Conflict"
[2026-09-08 13:19:52,756] DEBUG asyncio Using proactor: IocpProactor
[2026-09-08 13:19:52,759] INFO tria_engine Tria Engine (FastAPI) starting — env=development
[2026-09-08 13:19:52,760] INFO tria_engine UI storage table ready
[2026-09-08 13:19:52,767] INFO tria_engine Database connection OK
[2026-09-08 13:19:53,005] INFO httpx HTTP Request: POST http://testserver/api/accounts/login/ "HTTP/1.1 200 OK"
[2026-09-08 13:19:53,014] INFO httpx HTTP Request: POST http://testserver/billing/plans/ "HTTP/1.1 403 Forbidden"
[2026-09-08 13:19:53,020] INFO httpx HTTP Request: POST http://testserver/billing/subscription/assign/ "HTTP/1.1 403 Forbidden"
[2026-09-08 13:19:53,024] DEBUG asyncio Using proactor: IocpProactor
[2026-09-08 13:19:53,028] INFO tria_engine Tria Engine (FastAPI) starting — env=development
[2026-09-08 13:19:53,029] INFO tria_engine UI storage table ready
[2026-09-08 13:19:53,036] INFO tria_engine Database connection OK
[2026-09-08 13:19:53,170] INFO httpx HTTP Request: POST http://testserver/api/accounts/login/ "HTTP/1.1 200 OK"
[2026-09-08 13:19:53,190] INFO httpx HTTP Request: POST http://testserver/billing/plans/ "HTTP/1.1 200 OK"
[2026-09-08 13:19:53,199] INFO httpx HTTP Request: GET http://testserver/billing/subscription/me/ "HTTP/1.1 200 OK"
[2026-09-08 13:19:53,214] INFO httpx HTTP Request: POST http://testserver/billing/subscription/assign/ "HTTP/1.1 200 OK"
[2026-09-08 13:19:53,229] INFO httpx HTTP Request: PATCH http://testserver/billing/subscription/me/ "HTTP/1.1 200 OK"
[2026-09-08 13:19:53,233] DEBUG asyncio Using proactor: IocpProactor
[2026-09-08 13:19:53,235] INFO tria_engine Tria Engine (FastAPI) starting — env=development
[2026-09-08 13:19:53,236] INFO tria_engine UI storage table ready
[2026-09-08 13:19:53,245] INFO tria_engine Database connection OK
[2026-09-08 13:19:53,378] INFO httpx HTTP Request: POST http://testserver/api/accounts/login/ "HTTP/1.1 200 OK"
[2026-09-08 13:19:53,399] INFO httpx HTTP Request: POST http://testserver/billing/plans/ "HTTP/1.1 200 OK"
[2026-09-08 13:19:53,446] INFO httpx HTTP Request: POST http://testserver/billing/subscription/checkout/ "HTTP/1.1 200 OK"
[2026-09-08 13:19:53,469] INFO httpx HTTP Request: POST http://testserver/billing/subscription/confirm/ "HTTP/1.1 200 OK"
[2026-09-08 13:19:53,478] INFO httpx HTTP Request: POST http://testserver/billing/subscription/confirm/ "HTTP/1.1 409 Conflict"
[2026-09-08 13:19:53,482] DEBUG asyncio Using proactor: IocpProactor
[2026-09-08 13:19:53,484] INFO tria_engine Tria Engine (FastAPI) starting — env=development
[2026-09-08 13:19:53,486] INFO tria_engine UI storage table ready
[2026-09-08 13:19:53,496] INFO tria_engine Database connection OK
[2026-09-08 13:19:53,638] INFO httpx HTTP Request: POST http://testserver/api/accounts/login/ "HTTP/1.1 200 OK"
[2026-09-08 13:19:53,648] INFO httpx HTTP Request: POST http://testserver/billing/subscription/checkout/ "HTTP/1.1 404 Not Found"
[2026-09-08 13:19:53,653] DEBUG asyncio Using proactor: IocpProactor
[2026-09-08 13:19:53,654] INFO tria_engine Tria Engine (FastAPI) starting — env=development
[2026-09-08 13:19:53,655] INFO tria_engine UI storage table ready
[2026-09-08 13:19:53,665] INFO tria_engine Database connection OK
[2026-09-08 13:19:53,803] INFO httpx HTTP Request: POST http://testserver/api/accounts/login/ "HTTP/1.1 200 OK"
[2026-09-08 13:19:53,815] INFO httpx HTTP Request: POST http://testserver/api/site/amendments/ "HTTP/1.1 400 Bad Request"
[2026-09-08 13:19:53,821] INFO httpx HTTP Request: POST http://testserver/api/site/amendments/ "HTTP/1.1 400 Bad Request"
[2026-09-08 13:19:53,844] INFO httpx HTTP Request: POST http://testserver/api/site/amendments/ "HTTP/1.1 201 Created"
[2026-09-08 13:19:53,867] INFO httpx HTTP Request: GET http://testserver/api/accounts/audit-logs/?page_size=100 "HTTP/1.1 200 OK"
[2026-09-08 13:19:53,877] INFO httpx HTTP Request: POST http://testserver/api/site/amendments/AMD-MTSDD15X/close "HTTP/1.1 400 Bad Request"
[2026-09-08 13:19:53,908] INFO httpx HTTP Request: POST http://testserver/api/site/amendments/AMD-MTSDD15X/assess "HTTP/1.1 200 OK"
[2026-09-08 13:19:53,934] INFO httpx HTTP Request: POST http://testserver/api/site/amendments/AMD-MTSDD15X/complete-task "HTTP/1.1 400 Bad Request"
[2026-09-08 13:19:53,964] INFO httpx HTTP Request: POST http://testserver/api/site/amendments/AMD-MTSDD15X/publish "HTTP/1.1 200 OK"
[2026-09-08 13:19:53,991] INFO httpx HTTP Request: POST http://testserver/api/site/amendments/AMD-MTSDD15X/complete-task "HTTP/1.1 200 OK"
[2026-09-08 13:19:54,030] INFO httpx HTTP Request: POST http://testserver/api/site/amendments/AMD-MTSDD15X/sites/SITE-01/compliant "HTTP/1.1 200 OK"
[2026-09-08 13:19:54,058] INFO httpx HTTP Request: POST http://testserver/api/site/amendments/AMD-MTSDD15X/close "HTTP/1.1 200 OK"
[2026-09-08 13:19:54,076] INFO httpx HTTP Request: DELETE http://testserver/api/site/amendments/AMD-MTSDD15X "HTTP/1.1 400 Bad Request"
[2026-09-08 13:19:54,085] INFO httpx HTTP Request: GET http://testserver/api/site/amendments/?studyCode=STUDY-A "HTTP/1.1 200 OK"
[2026-09-08 13:19:54,093] INFO httpx HTTP Request: GET http://testserver/api/site/amendments/AMD-MTSDD15X "HTTP/1.1 200 OK"
[2026-09-08 13:19:54,097] DEBUG asyncio Using proactor: IocpProactor
[2026-09-08 13:19:54,099] INFO tria_engine Tria Engine (FastAPI) starting — env=development
[2026-09-08 13:19:54,100] INFO tria_engine UI storage table ready
[2026-09-08 13:19:54,109] INFO tria_engine Database connection OK
[2026-09-08 13:19:54,239] INFO httpx HTTP Request: POST http://testserver/api/accounts/login/ "HTTP/1.1 200 OK"
[2026-09-08 13:19:54,273] INFO httpx HTTP Request: POST http://testserver/api/site/amendments/ "HTTP/1.1 201 Created"
[2026-09-08 13:19:54,316] INFO httpx HTTP Request: POST http://testserver/api/site/amendments/AMD-MTSDD1HN/assess "HTTP/1.1 200 OK"
[2026-09-08 13:19:54,342] INFO httpx HTTP Request: POST http://testserver/api/site/amendments/AMD-MTSDD1HN/publish "HTTP/1.1 200 OK"
[2026-09-08 13:19:54,372] INFO httpx HTTP Request: POST http://testserver/api/site/amendments/AMD-MTSDD1HN/complete-task "HTTP/1.1 200 OK"
[2026-09-08 13:19:54,389] INFO httpx HTTP Request: POST http://testserver/api/site/amendments/AMD-MTSDD1HN/sites/SITE-02/compliant "HTTP/1.1 400 Bad Request"
[2026-09-08 13:19:54,423] INFO httpx HTTP Request: PATCH http://testserver/api/site/amendments/AMD-MTSDD1HN/irb-ref "HTTP/1.1 200 OK"
[2026-09-08 13:19:54,454] INFO httpx HTTP Request: POST http://testserver/api/site/amendments/AMD-MTSDD1HN/sites/SITE-02/compliant "HTTP/1.1 200 OK"
[2026-09-08 13:19:54,493] INFO httpx HTTP Request: POST http://testserver/api/site/amendments/AMD-MTSDD1HN/close "HTTP/1.1 200 OK"
[2026-09-08 13:19:54,498] DEBUG asyncio Using proactor: IocpProactor
[2026-09-08 13:19:54,499] INFO tria_engine Tria Engine (FastAPI) starting — env=development
[2026-09-08 13:19:54,500] INFO tria_engine UI storage table ready
[2026-09-08 13:19:54,509] INFO tria_engine Database connection OK
[2026-09-08 13:19:54,646] INFO httpx HTTP Request: POST http://testserver/api/accounts/login/ "HTTP/1.1 200 OK"
[2026-09-08 13:19:54,679] INFO httpx HTTP Request: POST http://testserver/api/site/ip/shipments/ "HTTP/1.1 201 Created"
[2026-09-08 13:19:54,685] INFO httpx HTTP Request: POST http://testserver/api/site/ip/shipments/ "HTTP/1.1 400 Bad Request"
[2026-09-08 13:19:54,717] INFO httpx HTTP Request: POST http://testserver/api/site/ip/lots/IPL-MTSDD1SU/receive "HTTP/1.1 200 OK"
[2026-09-08 13:19:54,726] INFO httpx HTTP Request: POST http://testserver/api/site/ip/lots/IPL-MTSDD1SU/dispense "HTTP/1.1 400 Bad Request"
[2026-09-08 13:19:54,733] INFO httpx HTTP Request: GET http://testserver/api/site/ip/lots/IPL-MTSDD1SU "HTTP/1.1 200 OK"
[2026-09-08 13:19:54,741] INFO httpx HTTP Request: POST http://testserver/api/site/ip/lots/IPL-MTSDD1SU/excursions/EXC-mtsdd1u1/disposition "HTTP/1.1 400 Bad Request"
[2026-09-08 13:19:54,771] INFO httpx HTTP Request: POST http://testserver/api/site/ip/lots/IPL-MTSDD1SU/excursions/EXC-mtsdd1u1/disposition "HTTP/1.1 200 OK"
[2026-09-08 13:19:54,786] INFO httpx HTTP Request: POST http://testserver/api/site/ip/lots/IPL-MTSDD1SU/dispense "HTTP/1.1 400 Bad Request"
[2026-09-08 13:19:54,812] INFO httpx HTTP Request: POST http://testserver/api/site/ip/lots/IPL-MTSDD1SU/dispense "HTTP/1.1 200 OK"
[2026-09-08 13:19:54,819] INFO httpx HTTP Request: POST http://testserver/api/site/ip/lots/IPL-MTSDD1SU/return "HTTP/1.1 400 Bad Request"
[2026-09-08 13:19:54,829] INFO httpx HTTP Request: POST http://testserver/api/site/ip/lots/IPL-MTSDD1SU/destroy "HTTP/1.1 400 Bad Request"
[2026-09-08 13:19:54,843] INFO httpx HTTP Request: POST http://testserver/api/site/ip/lots/IPL-MTSDD1SU/return "HTTP/1.1 200 OK"
[2026-09-08 13:19:54,875] INFO httpx HTTP Request: POST http://testserver/api/site/ip/lots/IPL-MTSDD1SU/destroy "HTTP/1.1 200 OK"
[2026-09-08 13:19:54,913] INFO httpx HTTP Request: POST http://testserver/api/site/ip/shipments/ "HTTP/1.1 201 Created"
[2026-09-08 13:19:54,937] INFO httpx HTTP Request: POST http://testserver/api/site/ip/lots/IPL-MTSDD1Z6/receive "HTTP/1.1 200 OK"
[2026-09-08 13:19:54,964] INFO httpx HTTP Request: POST http://testserver/api/site/ip/lots/IPL-MTSDD1Z6/dispense "HTTP/1.1 200 OK"
[2026-09-08 13:19:54,992] INFO httpx HTTP Request: POST http://testserver/api/site/ip/lots/IPL-MTSDD1Z6/reconcile "HTTP/1.1 200 OK"
[2026-09-08 13:19:55,023] INFO httpx HTTP Request: GET http://testserver/api/accounts/audit-logs/?page_size=100 "HTTP/1.1 200 OK"
[2026-09-08 13:19:55,032] INFO httpx HTTP Request: GET http://testserver/api/site/ip/lots/?studyCode=STUDY-A "HTTP/1.1 200 OK"
[2026-09-08 13:19:55,037] DEBUG asyncio Using proactor: IocpProactor
[2026-09-08 13:19:55,039] INFO tria_engine Tria Engine (FastAPI) starting — env=development
[2026-09-08 13:19:55,040] INFO tria_engine UI storage table ready
[2026-09-08 13:19:55,050] INFO tria_engine Database connection OK
[2026-09-08 13:19:55,202] INFO httpx HTTP Request: POST http://testserver/api/accounts/login/ "HTTP/1.1 200 OK"
[2026-09-08 13:19:55,212] INFO httpx HTTP Request: POST http://testserver/api/site/irb/ "HTTP/1.1 400 Bad Request"
[2026-09-08 13:19:55,237] INFO httpx HTTP Request: POST http://testserver/api/site/irb/ "HTTP/1.1 201 Created"
[2026-09-08 13:19:55,252] INFO httpx HTTP Request: POST http://testserver/api/site/irb/IRB-MTSDD28H/decision "HTTP/1.1 400 Bad Request"
[2026-09-08 13:19:55,273] INFO httpx HTTP Request: POST http://testserver/api/site/irb/IRB-MTSDD28H/submit "HTTP/1.1 200 OK"
[2026-09-08 13:19:55,295] INFO httpx HTTP Request: POST http://testserver/api/site/irb/IRB-MTSDD28H/start-review "HTTP/1.1 200 OK"
[2026-09-08 13:19:55,323] INFO httpx HTTP Request: POST http://testserver/api/site/irb/IRB-MTSDD28H/decision "HTTP/1.1 200 OK"
[2026-09-08 13:19:55,343] INFO httpx HTTP Request: POST http://testserver/api/site/irb/IRB-MTSDD28H/conditions/0/resolve "HTTP/1.1 200 OK"
[2026-09-08 13:19:55,360] INFO httpx HTTP Request: POST http://testserver/api/site/irb/IRB-MTSDD28H/correspondence "HTTP/1.1 200 OK"
[2026-09-08 13:19:55,388] INFO httpx HTTP Request: POST http://testserver/api/site/irb/ "HTTP/1.1 201 Created"
[2026-09-08 13:19:55,406] INFO httpx HTTP Request: POST http://testserver/api/site/irb/IRB-MTSDD2CM/submit "HTTP/1.1 200 OK"
[2026-09-08 13:19:55,425] INFO httpx HTTP Request: POST http://testserver/api/site/irb/IRB-MTSDD2CM/start-review "HTTP/1.1 200 OK"
[2026-09-08 13:19:55,454] INFO httpx HTTP Request: POST http://testserver/api/site/irb/IRB-MTSDD2CM/decision "HTTP/1.1 200 OK"
[2026-09-08 13:19:55,480] INFO httpx HTTP Request: GET http://testserver/api/accounts/audit-logs/?page_size=100 "HTTP/1.1 200 OK"
[2026-09-08 13:19:55,485] DEBUG asyncio Using proactor: IocpProactor
[2026-09-08 13:19:55,487] INFO tria_engine Tria Engine (FastAPI) starting — env=development
[2026-09-08 13:19:55,488] INFO tria_engine UI storage table ready
[2026-09-08 13:19:55,507] INFO tria_engine Database connection OK
[2026-09-08 13:19:55,721] INFO httpx HTTP Request: POST http://testserver/api/accounts/login/ "HTTP/1.1 200 OK"
[2026-09-08 13:19:55,773] INFO httpx HTTP Request: POST http://testserver/api/site/icf/versions/ "HTTP/1.1 201 Created"
[2026-09-08 13:19:55,796] INFO httpx HTTP Request: POST http://testserver/api/site/icf/versions/ "HTTP/1.1 400 Bad Request"
[2026-09-08 13:19:55,809] INFO httpx HTTP Request: POST http://testserver/api/site/icf/events/ "HTTP/1.1 400 Bad Request"
[2026-09-08 13:19:55,835] INFO httpx HTTP Request: POST http://testserver/api/site/icf/versions/ICFV-MTSDD2MS/approve "HTTP/1.1 200 OK"
[2026-09-08 13:19:55,864] INFO httpx HTTP Request: POST http://testserver/api/site/icf/versions/ICFV-MTSDD2MS/activate "HTTP/1.1 200 OK"
[2026-09-08 13:19:55,870] INFO httpx HTTP Request: POST http://testserver/api/site/icf/events/ "HTTP/1.1 400 Bad Request"
[2026-09-08 13:19:55,899] INFO httpx HTTP Request: POST http://testserver/api/site/icf/events/ "HTTP/1.1 201 Created"
[2026-09-08 13:19:55,915] INFO httpx HTTP Request: GET http://testserver/api/site/icf/enroll-check?studyCode=STUDY-A&siteCode=SITE-01&subjectId=SUBJ-01 "HTTP/1.1 200 OK"
[2026-09-08 13:19:55,922] INFO httpx HTTP Request: GET http://testserver/api/site/icf/enroll-check?studyCode=STUDY-A&siteCode=SITE-01&subjectId=SUBJ-02 "HTTP/1.1 200 OK"
[2026-09-08 13:19:55,952] INFO httpx HTTP Request: POST http://testserver/api/site/icf/versions/ "HTTP/1.1 201 Created"
[2026-09-08 13:19:55,972] INFO httpx HTTP Request: POST http://testserver/api/site/icf/versions/ICFV-MTSDD2SB/approve "HTTP/1.1 200 OK"
[2026-09-08 13:19:56,006] INFO httpx HTTP Request: POST http://testserver/api/site/icf/versions/ICFV-MTSDD2SB/activate "HTTP/1.1 200 OK"
[2026-09-08 13:19:56,016] INFO httpx HTTP Request: GET http://testserver/api/site/icf/versions/?studyCode=STUDY-A "HTTP/1.1 200 OK"
[2026-09-08 13:19:56,047] INFO httpx HTTP Request: POST http://testserver/api/site/icf/campaigns/ "HTTP/1.1 201 Created"
[2026-09-08 13:19:56,077] INFO httpx HTTP Request: POST http://testserver/api/site/icf/campaigns/RC-MTSDD2UU/complete-subject "HTTP/1.1 200 OK"
[2026-09-08 13:19:56,083] INFO httpx HTTP Request: GET http://testserver/api/site/icf/procedures-blocked?studyCode=STUDY-A&subjectId=SUBJ-02 "HTTP/1.1 200 OK"
[2026-09-08 13:19:56,108] INFO httpx HTTP Request: POST http://testserver/api/site/icf/campaigns/RC-MTSDD2UU/complete-subject "HTTP/1.1 200 OK"
[2026-09-08 13:19:56,115] INFO httpx HTTP Request: GET http://testserver/api/site/icf/procedures-blocked?studyCode=STUDY-A&subjectId=SUBJ-02 "HTTP/1.1 200 OK"
[2026-09-08 13:19:56,122] INFO httpx HTTP Request: GET http://testserver/api/site/icf/events/?studyCode=STUDY-A&subjectId=SUBJ-01 "HTTP/1.1 200 OK"
[2026-09-08 13:19:56,152] INFO httpx HTTP Request: GET http://testserver/api/accounts/audit-logs/?page_size=100 "HTTP/1.1 200 OK"
[2026-09-08 13:19:56,159] DEBUG asyncio Using proactor: IocpProactor
[2026-09-08 13:19:56,162] INFO tria_engine Tria Engine (FastAPI) starting — env=development
[2026-09-08 13:19:56,163] INFO tria_engine UI storage table ready
[2026-09-08 13:19:56,191] INFO tria_engine Database connection OK
[2026-09-08 13:19:56,326] INFO httpx HTTP Request: POST http://testserver/api/accounts/login/ "HTTP/1.1 200 OK"
[2026-09-08 13:19:56,360] INFO httpx HTTP Request: POST http://testserver/api/site/vendors/ "HTTP/1.1 201 Created"
[2026-09-08 13:19:56,368] INFO httpx HTTP Request: POST http://testserver/api/site/vendors/ "HTTP/1.1 400 Bad Request"
[2026-09-08 13:19:56,392] INFO httpx HTTP Request: POST http://testserver/api/site/vendors/ "HTTP/1.1 201 Created"
[2026-09-08 13:19:56,400] INFO httpx HTTP Request: POST http://testserver/api/site/vendors/VND-MTSDD33K/offboard "HTTP/1.1 400 Bad Request"
[2026-09-08 13:19:56,416] INFO httpx HTTP Request: POST http://testserver/api/site/vendors/VND-MTSDD33K/activate "HTTP/1.1 200 OK"
[2026-09-08 13:19:56,445] INFO httpx HTTP Request: POST http://testserver/api/site/vendors/kits/ "HTTP/1.1 201 Created"
[2026-09-08 13:19:56,459] INFO httpx HTTP Request: POST http://testserver/api/site/vendors/kits/KT-MTSDD35Y/advance "HTTP/1.1 200 OK"
[2026-09-08 13:19:56,486] INFO httpx HTTP Request: POST http://testserver/api/site/vendors/kits/KT-MTSDD35Y/advance "HTTP/1.1 200 OK"
[2026-09-08 13:19:56,516] INFO httpx HTTP Request: POST http://testserver/api/site/vendors/kits/KT-MTSDD35Y/advance "HTTP/1.1 200 OK"
[2026-09-08 13:19:56,524] INFO httpx HTTP Request: POST http://testserver/api/site/vendors/kits/KT-MTSDD35Y/advance "HTTP/1.1 400 Bad Request"
[2026-09-08 13:19:56,556] INFO httpx HTTP Request: POST http://testserver/api/site/vendors/VND-MTSDD33K/offboard "HTTP/1.1 200 OK"
[2026-09-08 13:19:56,565] INFO httpx HTTP Request: POST http://testserver/api/site/vendors/kits/ "HTTP/1.1 400 Bad Request"
[2026-09-08 13:19:56,572] INFO httpx HTTP Request: GET http://testserver/api/site/vendors/ "HTTP/1.1 200 OK"
[2026-09-08 13:19:56,598] INFO httpx HTTP Request: GET http://testserver/api/accounts/audit-logs/?page_size=100 "HTTP/1.1 200 OK"
[2026-09-08 13:19:56,603] DEBUG asyncio Using proactor: IocpProactor
[2026-09-08 13:19:56,606] INFO tria_engine Tria Engine (FastAPI) starting — env=development
[2026-09-08 13:19:56,608] INFO tria_engine UI storage table ready
[2026-09-08 13:19:56,617] INFO tria_engine Database connection OK
[2026-09-08 13:19:56,759] INFO httpx HTTP Request: POST http://testserver/api/accounts/login/ "HTTP/1.1 200 OK"
[2026-09-08 13:19:56,768] INFO httpx HTTP Request: PUT http://testserver/api/site/feasibility-scoring/ "HTTP/1.1 400 Bad Request"
[2026-09-08 13:19:56,786] INFO httpx HTTP Request: PUT http://testserver/api/site/feasibility-scoring/ "HTTP/1.1 200 OK"
[2026-09-08 13:19:56,810] INFO httpx HTTP Request: POST http://testserver/api/site/feasibility/ "HTTP/1.1 201 Created"
[2026-09-08 13:19:56,818] INFO httpx HTTP Request: POST http://testserver/api/site/feasibility/FC-MTSDD3GA/questionnaire-response "HTTP/1.1 400 Bad Request"
[2026-09-08 13:19:56,835] INFO httpx HTTP Request: POST http://testserver/api/site/feasibility/FC-MTSDD3GA/send-questionnaire "HTTP/1.1 200 OK"
[2026-09-08 13:19:56,852] INFO httpx HTTP Request: POST http://testserver/api/site/feasibility/FC-MTSDD3GA/questionnaire-response "HTTP/1.1 200 OK"
[2026-09-08 13:19:56,888] INFO httpx HTTP Request: POST http://testserver/api/site/feasibility/FC-MTSDD3GA/score "HTTP/1.1 200 OK"
[2026-09-08 13:19:56,899] INFO httpx HTTP Request: POST http://testserver/api/site/feasibility/FC-MTSDD3GA/decide "HTTP/1.1 400 Bad Request"
[2026-09-08 13:19:56,906] INFO httpx HTTP Request: POST http://testserver/api/site/feasibility/FC-MTSDD3GA/decide "HTTP/1.1 400 Bad Request"
[2026-09-08 13:19:56,930] INFO httpx HTTP Request: PUT http://testserver/api/site/feasibility-scoring/ "HTTP/1.1 200 OK"
[2026-09-08 13:19:56,959] INFO httpx HTTP Request: POST http://testserver/api/site/feasibility/FC-MTSDD3GA/decide "HTTP/1.1 200 OK"
[2026-09-08 13:19:56,988] INFO httpx HTTP Request: POST http://testserver/api/site/feasibility/FC-MTSDD3GA/convert "HTTP/1.1 200 OK"
[2026-09-08 13:19:57,002] INFO httpx HTTP Request: DELETE http://testserver/api/site/feasibility/FC-MTSDD3GA "HTTP/1.1 400 Bad Request"
[2026-09-08 13:19:57,027] INFO httpx HTTP Request: POST http://testserver/api/site/feasibility/ "HTTP/1.1 201 Created"
[2026-09-08 13:19:57,059] INFO httpx HTTP Request: DELETE http://testserver/api/site/feasibility/FC-MTSDD3MA "HTTP/1.1 200 OK"
[2026-09-08 13:19:57,067] INFO httpx HTTP Request: GET http://testserver/api/site/feasibility/?studyCode=STUDY-A "HTTP/1.1 200 OK"
[2026-09-08 13:19:57,094] INFO httpx HTTP Request: GET http://testserver/api/accounts/audit-logs/?page_size=100 "HTTP/1.1 200 OK"
[2026-09-08 13:19:57,099] DEBUG asyncio Using proactor: IocpProactor
[2026-09-08 13:19:57,101] INFO tria_engine Tria Engine (FastAPI) starting — env=development
[2026-09-08 13:19:57,102] INFO tria_engine UI storage table ready
[2026-09-08 13:19:57,112] INFO tria_engine Database connection OK
[2026-09-08 13:19:57,117] INFO httpx HTTP Request: GET http://testserver/api/site/amendments/ "HTTP/1.1 401 Unauthorized"
[2026-09-08 13:19:57,120] INFO httpx HTTP Request: POST http://testserver/api/site/vendors/ "HTTP/1.1 401 Unauthorized"
[2026-09-08 13:19:57,126] DEBUG asyncio Using proactor: IocpProactor
[2026-09-08 13:19:57,128] INFO tria_engine Tria Engine (FastAPI) starting — env=development
[2026-09-08 13:19:57,129] INFO tria_engine UI storage table ready
[2026-09-08 13:19:57,137] INFO tria_engine Database connection OK
[2026-09-08 13:19:57,264] INFO httpx HTTP Request: POST http://testserver/api/accounts/login/ "HTTP/1.1 200 OK"
[2026-09-08 13:19:57,285] INFO httpx HTTP Request: POST http://testserver/api/site/amendments/ "HTTP/1.1 201 Created"
[2026-09-08 13:19:57,316] INFO httpx HTTP Request: GET http://testserver/api/accounts/audit-logs/?page_size=100 "HTTP/1.1 200 OK"
[2026-09-08 13:19:57,326] DEBUG asyncio Using proactor: IocpProactor
[2026-09-08 13:19:57,328] INFO tria_engine Tria Engine (FastAPI) starting — env=development
[2026-09-08 13:19:57,330] INFO tria_engine UI storage table ready
[2026-09-08 13:19:57,338] INFO tria_engine Database connection OK
[2026-09-08 13:19:57,600] INFO httpx HTTP Request: POST http://testserver/api/accounts/login/ "HTTP/1.1 200 OK"
[2026-09-08 13:19:57,619] INFO httpx HTTP Request: POST http://testserver/api/site/amendments/sync "HTTP/1.1 200 OK"
[2026-09-08 13:19:57,628] INFO httpx HTTP Request: GET http://testserver/api/site/amendments/ "HTTP/1.1 200 OK"
[2026-09-08 13:19:57,643] INFO httpx HTTP Request: POST http://testserver/api/site/amendments/sync "HTTP/1.1 200 OK"
[2026-09-08 13:19:57,649] INFO httpx HTTP Request: GET http://testserver/api/site/amendments/ "HTTP/1.1 200 OK"
[2026-09-08 13:19:57,653] DEBUG asyncio Using proactor: IocpProactor
[2026-09-08 13:19:57,655] INFO tria_engine Tria Engine (FastAPI) starting — env=development
[2026-09-08 13:19:57,657] INFO tria_engine UI storage table ready
[2026-09-08 13:19:57,667] INFO tria_engine Database connection OK
[2026-09-08 13:19:57,909] INFO httpx HTTP Request: POST http://testserver/api/accounts/login/ "HTTP/1.1 200 OK"
[2026-09-08 13:19:57,919] INFO httpx HTTP Request: POST http://testserver/api/site/amendments/sync "HTTP/1.1 200 OK"
[2026-09-08 13:19:57,926] DEBUG asyncio Using proactor: IocpProactor
[2026-09-08 13:19:57,929] INFO tria_engine Tria Engine (FastAPI) starting — env=development
[2026-09-08 13:19:57,930] INFO tria_engine UI storage table ready
[2026-09-08 13:19:57,939] INFO tria_engine Database connection OK
[2026-09-08 13:19:58,068] INFO httpx HTTP Request: POST http://testserver/api/accounts/login/ "HTTP/1.1 200 OK"
[2026-09-08 13:19:58,086] INFO httpx HTTP Request: POST http://testserver/api/site/ip/sync "HTTP/1.1 200 OK"
[2026-09-08 13:19:58,336] INFO httpx HTTP Request: POST http://testserver/api/accounts/login/ "HTTP/1.1 200 OK"
[2026-09-08 13:19:58,347] INFO httpx HTTP Request: POST http://testserver/api/site/ip/sync "HTTP/1.1 200 OK"
[2026-09-08 13:19:58,351] DEBUG asyncio Using proactor: IocpProactor
[2026-09-08 13:19:58,353] INFO tria_engine Tria Engine (FastAPI) starting — env=development
[2026-09-08 13:19:58,354] INFO tria_engine UI storage table ready
[2026-09-08 13:19:58,364] INFO tria_engine Database connection OK
[2026-09-08 13:19:58,595] INFO httpx HTTP Request: POST http://testserver/api/accounts/login/ "HTTP/1.1 200 OK"
[2026-09-08 13:19:58,602] INFO httpx HTTP Request: POST http://testserver/api/site/irb/sync "HTTP/1.1 403 Forbidden"
[2026-09-08 13:19:58,607] DEBUG asyncio Using proactor: IocpProactor
[2026-09-08 13:19:58,610] INFO tria_engine Tria Engine (FastAPI) starting — env=development
[2026-09-08 13:19:58,611] INFO tria_engine UI storage table ready
[2026-09-08 13:19:58,619] INFO tria_engine Database connection OK
[2026-09-08 13:19:58,861] INFO httpx HTTP Request: POST http://testserver/api/accounts/login/ "HTTP/1.1 200 OK"
[2026-09-08 13:19:58,883] INFO httpx HTTP Request: POST http://testserver/api/site/irb/sync "HTTP/1.1 200 OK"
[2026-09-08 13:19:58,914] INFO httpx HTTP Request: POST http://testserver/api/site/icf/versions/sync "HTTP/1.1 200 OK"
[2026-09-08 13:19:58,943] INFO httpx HTTP Request: POST http://testserver/api/site/icf/events/sync "HTTP/1.1 200 OK"
[2026-09-08 13:19:58,960] INFO httpx HTTP Request: POST http://testserver/api/site/icf/campaigns/sync "HTTP/1.1 200 OK"
[2026-09-08 13:19:58,977] INFO httpx HTTP Request: POST http://testserver/api/site/vendors/sync "HTTP/1.1 200 OK"
[2026-09-08 13:19:58,995] INFO httpx HTTP Request: POST http://testserver/api/site/vendors/kits/sync "HTTP/1.1 200 OK"
[2026-09-08 13:19:59,013] INFO httpx HTTP Request: POST http://testserver/api/site/feasibility/sync "HTTP/1.1 200 OK"
[2026-09-08 13:19:59,029] INFO httpx HTTP Request: POST http://testserver/api/site/feasibility-scoring/sync "HTTP/1.1 200 OK"
[2026-09-08 13:19:59,036] INFO httpx HTTP Request: GET http://testserver/api/site/vendors/ "HTTP/1.1 200 OK"
[2026-09-08 13:19:59,046] INFO httpx HTTP Request: GET http://testserver/api/site/feasibility/ "HTTP/1.1 200 OK"
[2026-09-08 13:19:59,050] DEBUG asyncio Using proactor: IocpProactor
[2026-09-08 13:19:59,052] INFO tria_engine Tria Engine (FastAPI) starting — env=development
[2026-09-08 13:19:59,053] INFO tria_engine UI storage table ready
[2026-09-08 13:19:59,064] INFO tria_engine Database connection OK
[2026-09-08 13:19:59,312] INFO httpx HTTP Request: POST http://testserver/api/accounts/login/ "HTTP/1.1 200 OK"
[2026-09-08 13:19:59,332] INFO httpx HTTP Request: POST http://testserver/api/site/amendments/sync "HTTP/1.1 200 OK"
[2026-09-08 13:19:59,589] INFO httpx HTTP Request: POST http://testserver/api/accounts/login/ "HTTP/1.1 200 OK"
[2026-09-08 13:19:59,606] INFO httpx HTTP Request: POST http://testserver/api/site/amendments/sync "HTTP/1.1 200 OK"
[2026-09-08 13:19:59,730] INFO httpx HTTP Request: POST http://testserver/api/accounts/login/ "HTTP/1.1 200 OK"
[2026-09-08 13:19:59,737] INFO httpx HTTP Request: GET http://testserver/api/site/amendments/ "HTTP/1.1 200 OK"
[2026-09-08 13:19:59,742] DEBUG asyncio Using proactor: IocpProactor
[2026-09-08 13:19:59,744] INFO tria_engine Tria Engine (FastAPI) starting — env=development
[2026-09-08 13:19:59,745] INFO tria_engine UI storage table ready
[2026-09-08 13:19:59,753] INFO tria_engine Database connection OK
[2026-09-08 13:19:59,758] INFO httpx HTTP Request: GET http://testserver/api/health/ "HTTP/1.1 200 OK"
[2026-09-08 13:19:59,763] DEBUG asyncio Using proactor: IocpProactor
[2026-09-08 13:19:59,764] INFO tria_engine Tria Engine (FastAPI) starting — env=development
[2026-09-08 13:19:59,765] INFO tria_engine UI storage table ready
[2026-09-08 13:19:59,775] INFO tria_engine Database connection OK
[2026-09-08 13:19:59,779] INFO httpx HTTP Request: GET http://testserver/api/health "HTTP/1.1 200 OK"
[2026-09-08 13:19:59,783] DEBUG asyncio Using proactor: IocpProactor
[2026-09-08 13:19:59,784] INFO tria_engine Tria Engine (FastAPI) starting — env=development
[2026-09-08 13:19:59,786] INFO tria_engine UI storage table ready
[2026-09-08 13:19:59,795] INFO tria_engine Database connection OK
[2026-09-08 13:19:59,800] INFO httpx HTTP Request: GET http://testserver/api/health/ready/ "HTTP/1.1 200 OK"
[2026-09-08 13:19:59,805] DEBUG asyncio Using proactor: IocpProactor
[2026-09-08 13:19:59,808] INFO tria_engine Tria Engine (FastAPI) starting — env=development
[2026-09-08 13:19:59,810] INFO tria_engine UI storage table ready
[2026-09-08 13:19:59,817] INFO tria_engine Database connection OK
[2026-09-08 13:19:59,822] INFO httpx HTTP Request: GET http://testserver/api/site/amendments/ "HTTP/1.1 401 Unauthorized"
[2026-09-08 13:19:59,828] DEBUG asyncio Using proactor: IocpProactor
[2026-09-08 13:19:59,830] INFO tria_engine Tria Engine (FastAPI) starting — env=development
[2026-09-08 13:19:59,831] INFO tria_engine UI storage table ready
[2026-09-08 13:19:59,840] INFO tria_engine Database connection OK
[2026-09-08 13:20:00,099] INFO httpx HTTP Request: POST http://testserver/api/accounts/login/ "HTTP/1.1 200 OK"
[2026-09-08 13:20:00,114] INFO httpx HTTP Request: POST http://testserver/api/site/amendments/ "HTTP/1.1 403 Forbidden"
[2026-09-08 13:20:00,118] DEBUG asyncio Using proactor: IocpProactor
[2026-09-08 13:20:00,120] INFO tria_engine Tria Engine (FastAPI) starting — env=development
[2026-09-08 13:20:00,121] INFO tria_engine UI storage table ready
[2026-09-08 13:20:00,132] INFO tria_engine Database connection OK
[2026-09-08 13:20:00,371] INFO httpx HTTP Request: POST http://testserver/api/accounts/login/ "HTTP/1.1 200 OK"
[2026-09-08 13:20:00,397] INFO httpx HTTP Request: POST http://testserver/api/site/amendments/ "HTTP/1.1 403 Forbidden"
[2026-09-08 13:20:00,404] DEBUG asyncio Using proactor: IocpProactor
[2026-09-08 13:20:00,408] INFO tria_engine Tria Engine (FastAPI) starting — env=development
[2026-09-08 13:20:00,410] INFO tria_engine UI storage table ready
[2026-09-08 13:20:00,421] INFO tria_engine Database connection OK
[2026-09-08 13:20:00,661] INFO httpx HTTP Request: POST http://testserver/api/accounts/login/ "HTTP/1.1 200 OK"
[2026-09-08 13:20:00,683] INFO httpx HTTP Request: POST http://testserver/api/site/amendments/ "HTTP/1.1 403 Forbidden"
[2026-09-08 13:20:00,695] DEBUG asyncio Using proactor: IocpProactor
[2026-09-08 13:20:00,698] INFO tria_engine Tria Engine (FastAPI) starting — env=development
[2026-09-08 13:20:00,699] INFO tria_engine UI storage table ready
[2026-09-08 13:20:00,715] INFO tria_engine Database connection OK
[2026-09-08 13:20:00,974] INFO httpx HTTP Request: POST http://testserver/api/accounts/login/ "HTTP/1.1 200 OK"
[2026-09-08 13:20:00,998] INFO httpx HTTP Request: POST http://testserver/api/site/ip/shipments/ "HTTP/1.1 403 Forbidden"
[2026-09-08 13:20:01,002] DEBUG asyncio Using proactor: IocpProactor
[2026-09-08 13:20:01,004] INFO tria_engine Tria Engine (FastAPI) starting — env=development
[2026-09-08 13:20:01,005] INFO tria_engine UI storage table ready
[2026-09-08 13:20:01,015] INFO tria_engine Database connection OK
[2026-09-08 13:20:01,249] INFO httpx HTTP Request: POST http://testserver/api/accounts/login/ "HTTP/1.1 200 OK"
[2026-09-08 13:20:01,279] INFO httpx HTTP Request: POST http://testserver/api/site/ip/shipments/ "HTTP/1.1 403 Forbidden"
[2026-09-08 13:20:01,286] DEBUG asyncio Using proactor: IocpProactor
[2026-09-08 13:20:01,290] INFO tria_engine Tria Engine (FastAPI) starting — env=development
[2026-09-08 13:20:01,292] INFO tria_engine UI storage table ready
[2026-09-08 13:20:01,302] INFO tria_engine Database connection OK
[2026-09-08 13:20:01,542] INFO httpx HTTP Request: POST http://testserver/api/accounts/login/ "HTTP/1.1 200 OK"
[2026-09-08 13:20:01,550] INFO httpx HTTP Request: DELETE http://testserver/api/site/amendments/AMD-b38bc5 "HTTP/1.1 404 Not Found"
[2026-09-08 13:20:01,554] DEBUG asyncio Using proactor: IocpProactor
[2026-09-08 13:20:01,558] INFO tria_engine Tria Engine (FastAPI) starting — env=development
[2026-09-08 13:20:01,559] INFO tria_engine UI storage table ready
[2026-09-08 13:20:01,567] INFO tria_engine Database connection OK
[2026-09-08 13:20:01,808] INFO httpx HTTP Request: POST http://testserver/api/accounts/login/ "HTTP/1.1 200 OK"
[2026-09-08 13:20:01,830] INFO httpx HTTP Request: POST http://testserver/api/site/amendments/ "HTTP/1.1 201 Created"
[2026-09-08 13:20:01,834] DEBUG asyncio Using proactor: IocpProactor
[2026-09-08 13:20:01,836] INFO tria_engine Tria Engine (FastAPI) starting — env=development
[2026-09-08 13:20:01,837] INFO tria_engine UI storage table ready
[2026-09-08 13:20:01,847] INFO tria_engine Database connection OK
[2026-09-08 13:20:02,114] INFO httpx HTTP Request: POST http://testserver/api/accounts/login/ "HTTP/1.1 200 OK"
[2026-09-08 13:20:02,150] INFO httpx HTTP Request: POST http://testserver/api/site/ip/shipments/ "HTTP/1.1 201 Created"
[2026-09-08 13:20:02,154] DEBUG asyncio Using proactor: IocpProactor
[2026-09-08 13:20:02,157] INFO tria_engine Tria Engine (FastAPI) starting — env=development
[2026-09-08 13:20:02,159] INFO tria_engine UI storage table ready
[2026-09-08 13:20:02,167] INFO tria_engine Database connection OK
[2026-09-08 13:20:02,405] INFO httpx HTTP Request: POST http://testserver/api/accounts/login/ "HTTP/1.1 200 OK"
[2026-09-08 13:20:02,438] INFO httpx HTTP Request: POST http://testserver/api/site/amendments/ "HTTP/1.1 201 Created"
[2026-09-08 13:20:02,702] INFO httpx HTTP Request: POST http://testserver/api/accounts/login/ "HTTP/1.1 200 OK"
[2026-09-08 13:20:02,710] INFO httpx HTTP Request: GET http://testserver/api/site/amendments/AMD-MTSDD7SG "HTTP/1.1 404 Not Found"
[2026-09-08 13:20:02,716] INFO httpx HTTP Request: GET http://testserver/api/site/amendments/ "HTTP/1.1 200 OK"
[2026-09-08 13:20:02,720] DEBUG asyncio Using proactor: IocpProactor
[2026-09-08 13:20:02,724] INFO tria_engine Tria Engine (FastAPI) starting — env=development
[2026-09-08 13:20:02,725] INFO tria_engine UI storage table ready
[2026-09-08 13:20:02,733] INFO tria_engine Database connection OK
[2026-09-08 13:20:02,967] INFO httpx HTTP Request: POST http://testserver/api/accounts/login/ "HTTP/1.1 200 OK"
[2026-09-08 13:20:02,990] INFO httpx HTTP Request: POST http://testserver/api/site/amendments/ "HTTP/1.1 201 Created"
[2026-09-08 13:20:03,023] INFO httpx HTTP Request: GET http://testserver/api/accounts/audit-logs/?page_size=100 "HTTP/1.1 200 OK"
[2026-09-08 13:20:03,028] DEBUG asyncio Using proactor: IocpProactor
[2026-09-08 13:20:03,030] INFO tria_engine Tria Engine (FastAPI) starting — env=development
[2026-09-08 13:20:03,031] INFO tria_engine UI storage table ready
[2026-09-08 13:20:03,040] INFO tria_engine Database connection OK
[2026-09-08 13:20:03,300] INFO httpx HTTP Request: POST http://testserver/api/accounts/login/ "HTTP/1.1 200 OK"
[2026-09-08 13:20:03,346] INFO httpx HTTP Request: POST http://testserver/api/site/amendments/ "HTTP/1.1 201 Created"
[2026-09-08 13:20:03,496] INFO httpx HTTP Request: POST http://testserver/api/accounts/login/ "HTTP/1.1 200 OK"
[2026-09-08 13:20:03,502] INFO httpx HTTP Request: GET http://testserver/api/site/amendments/AMD-MTSDD8HC "HTTP/1.1 200 OK"
[2026-09-08 13:20:03,508] DEBUG asyncio Using proactor: IocpProactor
[2026-09-08 13:20:03,510] INFO tria_engine Tria Engine (FastAPI) starting — env=development
[2026-09-08 13:20:03,511] INFO tria_engine UI storage table ready
[2026-09-08 13:20:03,519] INFO tria_engine Database connection OK
[2026-09-08 13:20:03,526] INFO httpx HTTP Request: GET http://testserver/safety/ae-cases/ "HTTP/1.1 401 Unauthorized"
[2026-09-08 13:20:03,530] INFO httpx HTTP Request: GET http://testserver/monitoring/requests/ "HTTP/1.1 401 Unauthorized"
[2026-09-08 13:20:03,534] INFO httpx HTTP Request: GET http://testserver/organizations/ "HTTP/1.1 401 Unauthorized"
[2026-09-08 13:20:03,539] INFO httpx HTTP Request: GET http://testserver/ai-review/copilot?q=oncology "HTTP/1.1 401 Unauthorized"
[2026-09-08 13:20:03,544] INFO httpx HTTP Request: GET http://testserver/ai-review/sites/1/risk "HTTP/1.1 401 Unauthorized"
[2026-09-08 13:20:03,548] DEBUG asyncio Using proactor: IocpProactor
[2026-09-08 13:20:03,550] INFO tria_engine Tria Engine (FastAPI) starting — env=development
[2026-09-08 13:20:03,551] INFO tria_engine UI storage table ready
[2026-09-08 13:20:03,562] INFO tria_engine Database connection OK
[2026-09-08 13:20:03,697] INFO httpx HTTP Request: POST http://testserver/api/accounts/login/ "HTTP/1.1 200 OK"
[2026-09-08 13:20:03,725] INFO httpx HTTP Request: POST http://testserver/safety/ae-cases/ "HTTP/1.1 201 Created"
[2026-09-08 13:20:03,733] INFO httpx HTTP Request: GET http://testserver/safety/ae-cases/ "HTTP/1.1 200 OK"
[2026-09-08 13:20:03,741] INFO httpx HTTP Request: GET http://testserver/safety/ae-cases/summary/ "HTTP/1.1 200 OK"
[2026-09-08 13:20:03,748] INFO httpx HTTP Request: GET http://testserver/safety/ae-cases/AE-mtsdd8s8/ "HTTP/1.1 200 OK"
[2026-09-08 13:20:03,754] INFO httpx HTTP Request: GET http://testserver/safety/ae-cases/UNKNOWN/ "HTTP/1.1 404 Not Found"
[2026-09-08 13:20:03,763] INFO httpx HTTP Request: GET http://testserver/safety/ae-cases/?studyId=OTHER "HTTP/1.1 200 OK"
[2026-09-08 13:20:03,769] INFO httpx HTTP Request: GET http://testserver/safety/ae-cases/summary/?studyId=OTHER "HTTP/1.1 200 OK"
[2026-09-08 13:20:03,774] DEBUG asyncio Using proactor: IocpProactor
[2026-09-08 13:20:03,776] INFO tria_engine Tria Engine (FastAPI) starting — env=development
[2026-09-08 13:20:03,777] INFO tria_engine UI storage table ready
[2026-09-08 13:20:03,785] INFO tria_engine Database connection OK
[2026-09-08 13:20:03,912] INFO httpx HTTP Request: POST http://testserver/api/accounts/login/ "HTTP/1.1 200 OK"
[2026-09-08 13:20:03,918] INFO httpx HTTP Request: POST http://testserver/safety/ae-cases/ "HTTP/1.1 400 Bad Request"
[2026-09-08 13:20:03,940] INFO httpx HTTP Request: POST http://testserver/safety/ae-cases/ "HTTP/1.1 201 Created"
[2026-09-08 13:20:03,967] INFO httpx HTTP Request: POST http://testserver/safety/ae-cases/ "HTTP/1.1 201 Created"
[2026-09-08 13:20:03,986] INFO httpx HTTP Request: GET http://testserver/safety/ae-cases/summary/?studyId=STUDY-VAL "HTTP/1.1 200 OK"
[2026-09-08 13:20:03,994] DEBUG asyncio Using proactor: IocpProactor
[2026-09-08 13:20:03,997] INFO tria_engine Tria Engine (FastAPI) starting — env=development
[2026-09-08 13:20:03,998] INFO tria_engine UI storage table ready
[2026-09-08 13:20:04,010] INFO tria_engine Database connection OK
[2026-09-08 13:20:04,150] INFO httpx HTTP Request: POST http://testserver/api/accounts/login/ "HTTP/1.1 200 OK"
[2026-09-08 13:20:04,175] INFO httpx HTTP Request: POST http://testserver/safety/ae-cases/ "HTTP/1.1 201 Created"
[2026-09-08 13:20:04,202] INFO httpx HTTP Request: PATCH http://testserver/safety/ae-cases/AE-mtsdd94u/ "HTTP/1.1 200 OK"
[2026-09-08 13:20:04,227] INFO httpx HTTP Request: POST http://testserver/safety/ae-cases/AE-mtsdd94u/reconcile/ "HTTP/1.1 200 OK"
[2026-09-08 13:20:04,234] INFO httpx HTTP Request: POST http://testserver/safety/ae-cases/AE-mtsdd94u/reconcile/ "HTTP/1.1 400 Bad Request"
[2026-09-08 13:20:04,240] DEBUG asyncio Using proactor: IocpProactor
[2026-09-08 13:20:04,243] INFO tria_engine Tria Engine (FastAPI) starting — env=development
[2026-09-08 13:20:04,244] INFO tria_engine UI storage table ready
[2026-09-08 13:20:04,253] INFO tria_engine Database connection OK
[2026-09-08 13:20:04,602] INFO httpx HTTP Request: POST http://testserver/api/accounts/login/ "HTTP/1.1 200 OK"
[2026-09-08 13:20:04,612] INFO httpx HTTP Request: GET http://testserver/safety/ae-cases/?studyId=STUDY-SP "HTTP/1.1 200 OK"
[2026-09-08 13:20:04,643] INFO httpx HTTP Request: POST http://testserver/safety/ae-cases/ "HTTP/1.1 201 Created"
[2026-09-08 13:20:04,651] INFO httpx HTTP Request: GET http://testserver/safety/ae-cases/summary/?studyId=STUDY-SP "HTTP/1.1 200 OK"
[2026-09-08 13:20:04,777] INFO httpx HTTP Request: POST http://testserver/api/accounts/login/ "HTTP/1.1 200 OK"
[2026-09-08 13:20:04,784] INFO httpx HTTP Request: GET http://testserver/safety/ae-cases/ "HTTP/1.1 200 OK"
[2026-09-08 13:20:04,793] INFO httpx HTTP Request: POST http://testserver/safety/ae-cases/ "HTTP/1.1 403 Forbidden"
[2026-09-08 13:20:04,800] INFO httpx HTTP Request: POST http://testserver/safety/ae-cases/AE-mtsdd9hl/reconcile/ "HTTP/1.1 403 Forbidden"
[2026-09-08 13:20:04,804] DEBUG asyncio Using proactor: IocpProactor
[2026-09-08 13:20:04,808] INFO tria_engine Tria Engine (FastAPI) starting — env=development
[2026-09-08 13:20:04,809] INFO tria_engine UI storage table ready
[2026-09-08 13:20:04,817] INFO tria_engine Database connection OK
[2026-09-08 13:20:05,061] INFO httpx HTTP Request: POST http://testserver/api/accounts/login/ "HTTP/1.1 200 OK"
[2026-09-08 13:20:05,092] INFO httpx HTTP Request: POST http://testserver/safety/ae-cases/ "HTTP/1.1 201 Created"
[2026-09-08 13:20:05,130] INFO httpx HTTP Request: POST http://testserver/safety/ae-cases/ "HTTP/1.1 201 Created"
[2026-09-08 13:20:05,278] INFO httpx HTTP Request: POST http://testserver/api/accounts/login/ "HTTP/1.1 200 OK"
[2026-09-08 13:20:05,292] INFO httpx HTTP Request: GET http://testserver/safety/ae-cases/ "HTTP/1.1 200 OK"
[2026-09-08 13:20:05,300] INFO httpx HTTP Request: GET http://testserver/safety/ae-cases/summary/ "HTTP/1.1 200 OK"
[2026-09-08 13:20:05,308] INFO httpx HTTP Request: POST http://testserver/safety/ae-cases/ "HTTP/1.1 403 Forbidden"
[2026-09-08 13:20:05,315] INFO httpx HTTP Request: GET http://testserver/safety/ae-cases/ "HTTP/1.1 200 OK"
[2026-09-08 13:20:05,359] INFO httpx HTTP Request: POST http://testserver/safety/ae-cases/ "HTTP/1.1 201 Created"
[2026-09-08 13:20:05,376] INFO httpx HTTP Request: GET http://testserver/safety/ae-cases/summary/ "HTTP/1.1 200 OK"
[2026-09-08 13:20:05,385] DEBUG asyncio Using proactor: IocpProactor
[2026-09-08 13:20:05,389] INFO tria_engine Tria Engine (FastAPI) starting — env=development
[2026-09-08 13:20:05,392] INFO tria_engine UI storage table ready
[2026-09-08 13:20:05,404] INFO tria_engine Database connection OK
[2026-09-08 13:20:05,530] INFO httpx HTTP Request: POST http://testserver/api/accounts/login/ "HTTP/1.1 200 OK"
[2026-09-08 13:20:05,547] INFO httpx HTTP Request: GET http://testserver/monitoring/requests/ "HTTP/1.1 200 OK"
[2026-09-08 13:20:05,553] INFO httpx HTTP Request: GET http://testserver/organizations/ "HTTP/1.1 200 OK"
[2026-09-08 13:20:05,921] INFO httpx HTTP Request: POST http://testserver/api/accounts/login/ "HTTP/1.1 200 OK"
[2026-09-08 13:20:05,950] INFO httpx HTTP Request: POST http://testserver/monitoring/requests/ "HTTP/1.1 201 Created"
[2026-09-08 13:20:05,959] INFO httpx HTTP Request: GET http://testserver/monitoring/requests/ "HTTP/1.1 200 OK"
[2026-09-08 13:20:05,965] INFO httpx HTTP Request: POST http://testserver/monitoring/requests/ "HTTP/1.1 400 Bad Request"
[2026-09-08 13:20:05,972] INFO httpx HTTP Request: POST http://testserver/monitoring/requests/ "HTTP/1.1 400 Bad Request"
[2026-09-08 13:20:05,980] INFO httpx HTTP Request: POST http://testserver/monitoring/requests/ "HTTP/1.1 400 Bad Request"
[2026-09-08 13:20:06,102] INFO httpx HTTP Request: POST http://testserver/api/accounts/login/ "HTTP/1.1 200 OK"
[2026-09-08 13:20:06,127] INFO httpx HTTP Request: PUT http://testserver/monitoring/requests/MA-mtsddai3/approve/ "HTTP/1.1 200 OK"
[2026-09-08 13:20:06,134] INFO httpx HTTP Request: PUT http://testserver/monitoring/requests/MA-mtsddai3/approve/ "HTTP/1.1 400 Bad Request"
[2026-09-08 13:20:06,260] INFO httpx HTTP Request: POST http://testserver/api/accounts/login/ "HTTP/1.1 200 OK"
[2026-09-08 13:20:06,266] INFO httpx HTTP Request: GET http://testserver/monitoring/requests/ "HTTP/1.1 200 OK"
[2026-09-08 13:20:06,275] INFO httpx HTTP Request: GET http://testserver/monitoring/access-check/?site=5 "HTTP/1.1 200 OK"
[2026-09-08 13:20:06,278] DEBUG asyncio Using proactor: IocpProactor
[2026-09-08 13:20:06,280] INFO tria_engine Tria Engine (FastAPI) starting — env=development
[2026-09-08 13:20:06,281] INFO tria_engine UI storage table ready
[2026-09-08 13:20:06,291] INFO tria_engine Database connection OK
[2026-09-08 13:20:06,668] INFO httpx HTTP Request: POST http://testserver/api/accounts/login/ "HTTP/1.1 200 OK"
[2026-09-08 13:20:06,692] INFO httpx HTTP Request: POST http://testserver/monitoring/requests/ "HTTP/1.1 201 Created"
[2026-09-08 13:20:06,831] INFO httpx HTTP Request: POST http://testserver/api/accounts/login/ "HTTP/1.1 200 OK"
[2026-09-08 13:20:06,863] INFO httpx HTTP Request: PUT http://testserver/monitoring/requests/MA-mtsddb2s/reject/ "HTTP/1.1 200 OK"
[2026-09-08 13:20:06,875] INFO httpx HTTP Request: PUT http://testserver/monitoring/requests/MA-mtsddb2s/reject/ "HTTP/1.1 400 Bad Request"
[2026-09-08 13:20:06,999] INFO httpx HTTP Request: POST http://testserver/api/accounts/login/ "HTTP/1.1 200 OK"
[2026-09-08 13:20:07,032] INFO httpx HTTP Request: POST http://testserver/monitoring/requests/ "HTTP/1.1 201 Created"
[2026-09-08 13:20:07,168] INFO httpx HTTP Request: POST http://testserver/api/accounts/login/ "HTTP/1.1 200 OK"
[2026-09-08 13:20:07,182] INFO httpx HTTP Request: PUT http://testserver/monitoring/requests/MA-mtsddb2s/revoke/ "HTTP/1.1 400 Bad Request"
[2026-09-08 13:20:07,208] INFO httpx HTTP Request: PUT http://testserver/monitoring/requests/MA-mtsddbc0/approve/ "HTTP/1.1 200 OK"
[2026-09-08 13:20:07,232] INFO httpx HTTP Request: PUT http://testserver/monitoring/requests/MA-mtsddbc0/revoke/ "HTTP/1.1 200 OK"
[2026-09-08 13:20:07,241] INFO httpx HTTP Request: GET http://testserver/monitoring/access-check/?site=6 "HTTP/1.1 200 OK"
[2026-09-08 13:20:07,246] DEBUG asyncio Using proactor: IocpProactor
[2026-09-08 13:20:07,248] INFO tria_engine Tria Engine (FastAPI) starting — env=development
[2026-09-08 13:20:07,249] INFO tria_engine UI storage table ready
[2026-09-08 13:20:07,261] INFO tria_engine Database connection OK
[2026-09-08 13:20:07,649] INFO httpx HTTP Request: POST http://testserver/api/accounts/login/ "HTTP/1.1 200 OK"
[2026-09-08 13:20:07,683] INFO httpx HTTP Request: POST http://testserver/monitoring/requests/ "HTTP/1.1 201 Created"
[2026-09-08 13:20:07,811] INFO httpx HTTP Request: POST http://testserver/api/accounts/login/ "HTTP/1.1 200 OK"
[2026-09-08 13:20:07,817] INFO httpx HTTP Request: GET http://testserver/monitoring/requests/ "HTTP/1.1 200 OK"
[2026-09-08 13:20:07,826] INFO httpx HTTP Request: PUT http://testserver/monitoring/requests/MA-mtsddbu3/approve/ "HTTP/1.1 404 Not Found"
[2026-09-08 13:20:08,066] INFO httpx HTTP Request: POST http://testserver/api/accounts/login/ "HTTP/1.1 200 OK"
[2026-09-08 13:20:08,075] INFO httpx HTTP Request: PUT http://testserver/monitoring/requests/MA-mtsddbu3/approve/ "HTTP/1.1 403 Forbidden"
[2026-09-08 13:20:08,314] INFO httpx HTTP Request: POST http://testserver/api/accounts/login/ "HTTP/1.1 200 OK"
[2026-09-08 13:20:08,349] INFO httpx HTTP Request: PUT http://testserver/monitoring/requests/MA-mtsddbu3/approve/ "HTTP/1.1 200 OK"
[2026-09-08 13:20:08,355] DEBUG asyncio Using proactor: IocpProactor
[2026-09-08 13:20:08,358] INFO tria_engine Tria Engine (FastAPI) starting — env=development
[2026-09-08 13:20:08,359] INFO tria_engine UI storage table ready
[2026-09-08 13:20:08,368] INFO tria_engine Database connection OK
[2026-09-08 13:20:08,512] INFO httpx HTTP Request: POST http://testserver/api/accounts/login/ "HTTP/1.1 200 OK"
[2026-09-08 13:20:08,556] INFO httpx HTTP Request: GET http://testserver/ai-review/sites/9/risk "HTTP/1.1 200 OK"
[2026-09-08 13:20:08,795] INFO httpx HTTP Request: POST http://testserver/api/accounts/login/ "HTTP/1.1 200 OK"
[2026-09-08 13:20:08,816] INFO httpx HTTP Request: POST http://testserver/monitoring/requests/ "HTTP/1.1 201 Created"
[2026-09-08 13:20:08,950] INFO httpx HTTP Request: POST http://testserver/api/accounts/login/ "HTTP/1.1 200 OK"
[2026-09-08 13:20:08,964] INFO httpx HTTP Request: GET http://testserver/ai-review/sites/9/risk "HTTP/1.1 200 OK"
[2026-09-08 13:20:08,968] DEBUG asyncio Using proactor: IocpProactor
[2026-09-08 13:20:08,972] INFO tria_engine Tria Engine (FastAPI) starting — env=development
[2026-09-08 13:20:08,973] INFO tria_engine UI storage table ready
[2026-09-08 13:20:08,981] INFO tria_engine Database connection OK
[2026-09-08 13:20:09,109] INFO httpx HTTP Request: POST http://testserver/api/accounts/login/ "HTTP/1.1 200 OK"
[2026-09-08 13:20:09,146] INFO httpx HTTP Request: GET http://testserver/ai-review/copilot?q=oncology+phase+2 "HTTP/1.1 200 OK"
[2026-09-08 13:20:09,192] INFO httpx HTTP Request: POST http://testserver/safety/ae-cases/ "HTTP/1.1 201 Created"
[2026-09-08 13:20:09,216] INFO httpx HTTP Request: GET http://testserver/ai-review/copilot?q=ONCO "HTTP/1.1 200 OK"
[2026-09-08 13:20:09,222] DEBUG asyncio Using proactor: IocpProactor
[2026-09-08 13:20:09,225] INFO tria_engine Tria Engine (FastAPI) starting — env=development
[2026-09-08 13:20:09,227] INFO tria_engine UI storage table ready
[2026-09-08 13:20:09,239] INFO tria_engine Database connection OK
[2026-09-08 13:20:09,366] INFO httpx HTTP Request: POST http://testserver/api/accounts/login/ "HTTP/1.1 200 OK"
[2026-09-08 13:20:09,380] INFO httpx HTTP Request: POST http://testserver/ai-review/documents/DOC-1/qc "HTTP/1.1 200 OK"
[2026-09-08 13:20:09,393] INFO httpx HTTP Request: POST http://testserver/ai-review/comments/C-1/triage "HTTP/1.1 200 OK"
[2026-09-08 13:20:09,399] INFO httpx HTTP Request: POST http://testserver/ai-review/findings/F-1/decision "HTTP/1.1 400 Bad Request"
[2026-09-08 13:20:09,413] INFO httpx HTTP Request: POST http://testserver/ai-review/findings/F-1/decision "HTTP/1.1 200 OK"
[2026-09-08 13:20:09,743] INFO httpx HTTP Request: POST http://testserver/api/accounts/login/ "HTTP/1.1 200 OK"
[2026-09-08 13:20:09,749] INFO httpx HTTP Request: POST http://testserver/ai-review/documents/DOC-2/qc "HTTP/1.1 403 Forbidden"
[2026-09-08 13:20:09,910] INFO httpx HTTP Request: POST http://testserver/api/accounts/login/ "HTTP/1.1 200 OK"
[2026-09-08 13:20:09,928] INFO httpx HTTP Request: POST http://testserver/ai-review/documents/DOC-2/qc "HTTP/1.1 200 OK"
[2026-09-08 13:20:09,932] DEBUG asyncio Using proactor: IocpProactor
[2026-09-08 13:20:09,934] INFO tria_engine Tria Engine (FastAPI) starting — env=development
[2026-09-08 13:20:09,935] INFO tria_engine UI storage table ready
[2026-09-08 13:20:09,948] INFO tria_engine Database connection OK
[2026-09-08 13:20:10,303] INFO httpx HTTP Request: POST http://testserver/api/accounts/login/ "HTTP/1.1 200 OK"
[2026-09-08 13:20:10,339] INFO httpx HTTP Request: POST http://testserver/safety/ae-cases/ "HTTP/1.1 201 Created"
[2026-09-08 13:20:10,477] INFO httpx HTTP Request: POST http://testserver/api/accounts/login/ "HTTP/1.1 200 OK"
[2026-09-08 13:20:10,483] INFO httpx HTTP Request: GET http://testserver/safety/ae-cases/ "HTTP/1.1 200 OK"
[2026-09-08 13:20:10,492] INFO httpx HTTP Request: GET http://testserver/safety/ae-cases/summary/ "HTTP/1.1 200 OK"
[2026-09-08 13:20:10,498] INFO httpx HTTP Request: GET http://testserver/safety/ae-cases/AE-mtsdddvs/ "HTTP/1.1 200 OK"
[2026-09-08 13:20:10,506] INFO httpx HTTP Request: POST http://testserver/safety/ae-cases/ "HTTP/1.1 403 Forbidden"
[2026-09-08 13:20:10,513] INFO httpx HTTP Request: PATCH http://testserver/safety/ae-cases/AE-mtsdddvs/ "HTTP/1.1 403 Forbidden"
[2026-09-08 13:20:10,523] INFO httpx HTTP Request: POST http://testserver/safety/ae-cases/AE-mtsdddvs/reconcile/ "HTTP/1.1 403 Forbidden"
[2026-09-08 13:20:10,529] INFO httpx HTTP Request: GET http://testserver/safety/ae-cases/ "HTTP/1.1 200 OK"
[2026-09-08 13:20:10,535] INFO httpx HTTP Request: GET http://testserver/safety/ae-cases/AE-mtsdddvs/ "HTTP/1.1 200 OK"
[2026-09-08 13:20:10,541] DEBUG asyncio Using proactor: IocpProactor
[2026-09-08 13:20:10,543] INFO tria_engine Tria Engine (FastAPI) starting — env=development
[2026-09-08 13:20:10,544] INFO tria_engine UI storage table ready
[2026-09-08 13:20:10,552] INFO tria_engine Database connection OK
[2026-09-08 13:20:10,923] INFO httpx HTTP Request: POST http://testserver/api/accounts/login/ "HTTP/1.1 200 OK"
[2026-09-08 13:20:10,934] INFO httpx HTTP Request: GET http://testserver/organizations/ "HTTP/1.1 200 OK"
[2026-09-08 13:20:10,944] INFO httpx HTTP Request: GET http://testserver/monitoring/requests/ "HTTP/1.1 200 OK"
[2026-09-08 13:20:10,972] INFO httpx HTTP Request: POST http://testserver/monitoring/requests/ "HTTP/1.1 201 Created"
[2026-09-08 13:20:10,984] INFO httpx HTTP Request: GET http://testserver/monitoring/requests/ "HTTP/1.1 200 OK"
[2026-09-08 13:20:10,997] INFO httpx HTTP Request: GET http://testserver/monitoring/access-check/?site=13 "HTTP/1.1 200 OK"
[2026-09-08 13:20:11,011] INFO httpx HTTP Request: PUT http://testserver/monitoring/requests/MA-mtsddedi/approve/ "HTTP/1.1 403 Forbidden"
[2026-09-08 13:20:11,025] INFO httpx HTTP Request: PUT http://testserver/monitoring/requests/MA-mtsddedi/reject/ "HTTP/1.1 403 Forbidden"
[2026-09-08 13:20:11,039] INFO httpx HTTP Request: PUT http://testserver/monitoring/requests/MA-mtsddedi/revoke/ "HTTP/1.1 403 Forbidden"
[2026-09-08 13:20:11,176] INFO httpx HTTP Request: POST http://testserver/api/accounts/login/ "HTTP/1.1 200 OK"
[2026-09-08 13:20:11,208] INFO httpx HTTP Request: PUT http://testserver/monitoring/requests/MA-mtsddedi/approve/ "HTTP/1.1 200 OK"
[2026-09-08 13:20:11,350] INFO httpx HTTP Request: POST http://testserver/api/accounts/login/ "HTTP/1.1 200 OK"
[2026-09-08 13:20:11,360] INFO httpx HTTP Request: GET http://testserver/monitoring/access-check/?site=13 "HTTP/1.1 200 OK"
[2026-09-08 13:20:11,364] DEBUG asyncio Using proactor: IocpProactor
[2026-09-08 13:20:11,366] INFO tria_engine Tria Engine (FastAPI) starting — env=development
[2026-09-08 13:20:11,367] INFO tria_engine UI storage table ready
[2026-09-08 13:20:11,380] INFO tria_engine Database connection OK
[2026-09-08 13:20:11,729] INFO httpx HTTP Request: POST http://testserver/api/accounts/login/ "HTTP/1.1 200 OK"
[2026-09-08 13:20:11,740] INFO httpx HTTP Request: PUT http://testserver/api/accounts/users/50/scope/ "HTTP/1.1 403 Forbidden"
[2026-09-08 13:20:11,744] DEBUG asyncio Using proactor: IocpProactor
[2026-09-08 13:20:11,746] INFO tria_engine Tria Engine (FastAPI) starting — env=development
[2026-09-08 13:20:11,747] INFO tria_engine UI storage table ready
[2026-09-08 13:20:11,757] INFO tria_engine Database connection OK
[2026-09-08 13:20:11,890] INFO httpx HTTP Request: POST http://testserver/api/accounts/login/ "HTTP/1.1 200 OK"
[2026-09-08 13:20:11,901] INFO httpx HTTP Request: PUT http://testserver/api/accounts/users/999999999/scope/ "HTTP/1.1 404 Not Found"
[2026-09-08 13:20:11,908] DEBUG asyncio Using proactor: IocpProactor
[2026-09-08 13:20:11,910] INFO tria_engine Tria Engine (FastAPI) starting — env=development
[2026-09-08 13:20:11,911] INFO tria_engine UI storage table ready
[2026-09-08 13:20:11,919] INFO tria_engine Database connection OK
[2026-09-08 13:20:12,163] INFO httpx HTTP Request: POST http://testserver/api/accounts/login/ "HTTP/1.1 200 OK"
[2026-09-08 13:20:12,189] INFO httpx HTTP Request: POST http://testserver/api/site/irb/ "HTTP/1.1 201 Created"
[2026-09-08 13:20:12,415] INFO httpx HTTP Request: POST http://testserver/api/accounts/login/ "HTTP/1.1 200 OK"
[2026-09-08 13:20:12,439] INFO httpx HTTP Request: POST http://testserver/api/site/irb/ "HTTP/1.1 201 Created"
[2026-09-08 13:20:12,666] INFO httpx HTTP Request: POST http://testserver/api/accounts/login/ "HTTP/1.1 200 OK"
[2026-09-08 13:20:12,695] INFO httpx HTTP Request: POST http://testserver/api/site/irb/ "HTTP/1.1 201 Created"
[2026-09-08 13:20:12,932] INFO httpx HTTP Request: POST http://testserver/api/accounts/login/ "HTTP/1.1 200 OK"
[2026-09-08 13:20:12,958] INFO httpx HTTP Request: PUT http://testserver/api/accounts/users/54/scope/ "HTTP/1.1 200 OK"
[2026-09-08 13:20:13,082] INFO httpx HTTP Request: POST http://testserver/api/accounts/login/ "HTTP/1.1 200 OK"
[2026-09-08 13:20:13,091] INFO httpx HTTP Request: GET http://testserver/api/site/irb/ "HTTP/1.1 200 OK"
[2026-09-08 13:20:13,095] DEBUG asyncio Using proactor: IocpProactor
[2026-09-08 13:20:13,097] INFO tria_engine Tria Engine (FastAPI) starting — env=development
[2026-09-08 13:20:13,098] INFO tria_engine UI storage table ready
[2026-09-08 13:20:13,112] INFO tria_engine Database connection OK
[2026-09-08 13:20:13,365] INFO httpx HTTP Request: POST http://testserver/api/accounts/login/ "HTTP/1.1 200 OK"
[2026-09-08 13:20:13,389] INFO httpx HTTP Request: POST http://testserver/api/site/irb/ "HTTP/1.1 201 Created"
[2026-09-08 13:20:13,629] INFO httpx HTTP Request: POST http://testserver/api/accounts/login/ "HTTP/1.1 200 OK"
[2026-09-08 13:20:13,662] INFO httpx HTTP Request: POST http://testserver/api/site/irb/ "HTTP/1.1 201 Created"
[2026-09-08 13:20:13,905] INFO httpx HTTP Request: POST http://testserver/api/accounts/login/ "HTTP/1.1 200 OK"
[2026-09-08 13:20:13,946] INFO httpx HTTP Request: PUT http://testserver/api/accounts/users/57/scope/ "HTTP/1.1 200 OK"
[2026-09-08 13:20:14,082] INFO httpx HTTP Request: POST http://testserver/api/accounts/login/ "HTTP/1.1 200 OK"
[2026-09-08 13:20:14,091] INFO httpx HTTP Request: GET http://testserver/api/site/irb/ "HTTP/1.1 200 OK"
[2026-09-08 13:20:14,095] DEBUG asyncio Using proactor: IocpProactor
[2026-09-08 13:20:14,097] INFO tria_engine Tria Engine (FastAPI) starting — env=development
[2026-09-08 13:20:14,098] INFO tria_engine UI storage table ready
[2026-09-08 13:20:14,108] INFO tria_engine Database connection OK
[2026-09-08 13:20:14,341] INFO httpx HTTP Request: POST http://testserver/api/accounts/login/ "HTTP/1.1 200 OK"
[2026-09-08 13:20:14,363] INFO httpx HTTP Request: POST http://testserver/api/site/irb/ "HTTP/1.1 201 Created"
[2026-09-08 13:20:14,607] INFO httpx HTTP Request: POST http://testserver/api/accounts/login/ "HTTP/1.1 200 OK"
[2026-09-08 13:20:14,640] INFO httpx HTTP Request: PUT http://testserver/api/accounts/users/59/scope/ "HTTP/1.1 200 OK"
[2026-09-08 13:20:14,778] INFO httpx HTTP Request: POST http://testserver/api/accounts/login/ "HTTP/1.1 200 OK"
[2026-09-08 13:20:14,789] INFO httpx HTTP Request: GET http://testserver/api/site/irb/ "HTTP/1.1 200 OK"
[2026-09-08 13:20:14,793] DEBUG asyncio Using proactor: IocpProactor
[2026-09-08 13:20:14,795] INFO tria_engine Tria Engine (FastAPI) starting — env=development
[2026-09-08 13:20:14,796] INFO tria_engine UI storage table ready
[2026-09-08 13:20:14,807] INFO tria_engine Database connection OK
[2026-09-08 13:20:15,064] INFO httpx HTTP Request: POST http://testserver/api/accounts/login/ "HTTP/1.1 200 OK"
[2026-09-08 13:20:15,100] INFO httpx HTTP Request: GET http://testserver/api/accounts/users/?page_size=100 "HTTP/1.1 200 OK"
[2026-09-08 13:20:15,108] DEBUG asyncio Using proactor: IocpProactor
[2026-09-08 13:20:15,110] INFO tria_engine Tria Engine (FastAPI) starting — env=development
[2026-09-08 13:20:15,111] INFO tria_engine UI storage table ready
[2026-09-08 13:20:15,120] INFO tria_engine Database connection OK
[2026-09-08 13:20:15,368] INFO httpx HTTP Request: POST http://testserver/api/accounts/login/ "HTTP/1.1 200 OK"
[2026-09-08 13:20:15,391] INFO httpx HTTP Request: POST http://testserver/api/site/irb/ "HTTP/1.1 201 Created"
[2026-09-08 13:20:15,705] INFO httpx HTTP Request: POST http://testserver/api/accounts/login/ "HTTP/1.1 200 OK"
[2026-09-08 13:20:15,763] INFO httpx HTTP Request: POST http://testserver/api/site/irb/ "HTTP/1.1 201 Created"
[2026-09-08 13:20:15,773] DEBUG asyncio Using proactor: IocpProactor
[2026-09-08 13:20:15,775] INFO tria_engine Tria Engine (FastAPI) starting — env=development
[2026-09-08 13:20:15,776] INFO tria_engine UI storage table ready
[2026-09-08 13:20:15,812] INFO tria_engine Database connection OK
[2026-09-08 13:20:16,062] INFO httpx HTTP Request: POST http://testserver/api/accounts/login/ "HTTP/1.1 200 OK"
[2026-09-08 13:20:16,093] INFO httpx HTTP Request: POST http://testserver/api/site/irb/ "HTTP/1.1 201 Created"
[2026-09-08 13:20:16,326] INFO httpx HTTP Request: POST http://testserver/api/accounts/login/ "HTTP/1.1 200 OK"
[2026-09-08 13:20:16,353] INFO httpx HTTP Request: POST http://testserver/api/site/irb/ "HTTP/1.1 201 Created"
[2026-09-08 13:20:16,620] INFO httpx HTTP Request: POST http://testserver/api/accounts/login/ "HTTP/1.1 200 OK"
[2026-09-08 13:20:16,653] INFO httpx HTTP Request: POST http://testserver/api/site/irb/ "HTTP/1.1 201 Created"
[2026-09-08 13:20:16,905] INFO httpx HTTP Request: POST http://testserver/api/accounts/login/ "HTTP/1.1 200 OK"
[2026-09-08 13:20:16,915] INFO httpx HTTP Request: GET http://testserver/api/site/irb/ "HTTP/1.1 200 OK"
[2026-09-08 13:20:16,927] INFO httpx HTTP Request: GET http://testserver/api/site/irb/IRB-MTSDDIIZ "HTTP/1.1 404 Not Found"
[2026-09-08 13:20:16,934] INFO httpx HTTP Request: GET http://testserver/api/site/irb/IRB-MTSDDIBO "HTTP/1.1 200 OK"
[2026-09-08 13:20:16,940] DEBUG asyncio Using proactor: IocpProactor
[2026-09-08 13:20:16,942] INFO tria_engine Tria Engine (FastAPI) starting — env=development
[2026-09-08 13:20:16,943] INFO tria_engine UI storage table ready
[2026-09-08 13:20:16,958] INFO tria_engine Database connection OK
[2026-09-08 13:20:17,207] INFO httpx HTTP Request: POST http://testserver/api/accounts/login/ "HTTP/1.1 200 OK"
[2026-09-08 13:20:17,232] INFO httpx HTTP Request: POST http://testserver/api/site/irb/ "HTTP/1.1 201 Created"
[2026-09-08 13:20:17,475] INFO httpx HTTP Request: POST http://testserver/api/accounts/login/ "HTTP/1.1 200 OK"
[2026-09-08 13:20:17,501] INFO httpx HTTP Request: POST http://testserver/api/site/irb/ "HTTP/1.1 201 Created"
[2026-09-08 13:20:17,760] INFO httpx HTTP Request: POST http://testserver/api/accounts/login/ "HTTP/1.1 200 OK"
[2026-09-08 13:20:17,772] INFO httpx HTTP Request: GET http://testserver/api/site/irb/ "HTTP/1.1 200 OK"
[2026-09-08 13:20:17,780] INFO httpx HTTP Request: GET http://testserver/api/site/irb/IRB-MTSDDJEW "HTTP/1.1 404 Not Found"
[2026-09-08 13:20:17,784] DEBUG asyncio Using proactor: IocpProactor
[2026-09-08 13:20:17,788] INFO tria_engine Tria Engine (FastAPI) starting — env=development
[2026-09-08 13:20:17,789] INFO tria_engine UI storage table ready
[2026-09-08 13:20:17,797] INFO tria_engine Database connection OK
[2026-09-08 13:20:18,043] INFO httpx HTTP Request: POST http://testserver/api/accounts/login/ "HTTP/1.1 200 OK"
[2026-09-08 13:20:18,065] INFO httpx HTTP Request: POST http://testserver/api/site/irb/ "HTTP/1.1 201 Created"
[2026-09-08 13:20:18,304] INFO httpx HTTP Request: POST http://testserver/api/accounts/login/ "HTTP/1.1 200 OK"
[2026-09-08 13:20:18,337] INFO httpx HTTP Request: POST http://testserver/api/site/irb/ "HTTP/1.1 201 Created"
[2026-09-08 13:20:18,591] INFO httpx HTTP Request: POST http://testserver/api/accounts/login/ "HTTP/1.1 200 OK"
[2026-09-08 13:20:18,601] INFO httpx HTTP Request: GET http://testserver/api/site/irb/ "HTTP/1.1 200 OK"
[2026-09-08 13:20:18,611] INFO httpx HTTP Request: GET http://testserver/api/site/irb/IRB-MTSDDK21 "HTTP/1.1 404 Not Found"
[2026-09-08 13:20:18,615] DEBUG asyncio Using proactor: IocpProactor
[2026-09-08 13:20:18,617] INFO tria_engine Tria Engine (FastAPI) starting — env=development
[2026-09-08 13:20:18,618] INFO tria_engine UI storage table ready
[2026-09-08 13:20:18,628] INFO tria_engine Database connection OK
[2026-09-08 13:20:18,859] INFO httpx HTTP Request: POST http://testserver/api/accounts/login/ "HTTP/1.1 200 OK"
[2026-09-08 13:20:18,874] INFO httpx HTTP Request: POST http://testserver/api/site/irb/ "HTTP/1.1 403 Forbidden"
[2026-09-08 13:20:18,907] INFO httpx HTTP Request: POST http://testserver/api/site/ip/shipments/ "HTTP/1.1 403 Forbidden"
[2026-09-08 13:20:18,970] INFO httpx HTTP Request: POST http://testserver/api/site/ip/shipments/ "HTTP/1.1 201 Created"
[2026-09-08 13:20:18,974] DEBUG asyncio Using proactor: IocpProactor
[2026-09-08 13:20:18,976] INFO tria_engine Tria Engine (FastAPI) starting — env=development
[2026-09-08 13:20:18,977] INFO tria_engine UI storage table ready
[2026-09-08 13:20:18,986] INFO tria_engine Database connection OK
[2026-09-08 13:20:19,273] INFO httpx HTTP Request: POST http://testserver/api/accounts/login/ "HTTP/1.1 200 OK"
[2026-09-08 13:20:19,296] INFO httpx HTTP Request: POST http://testserver/api/site/irb/ "HTTP/1.1 201 Created"
[2026-09-08 13:20:19,525] INFO httpx HTTP Request: POST http://testserver/api/accounts/login/ "HTTP/1.1 200 OK"
[2026-09-08 13:20:19,531] INFO httpx HTTP Request: POST http://testserver/api/site/irb/IRB-MTSDDKSV/decision "HTTP/1.1 404 Not Found"
[2026-09-08 13:20:19,537] DEBUG asyncio Using proactor: IocpProactor
[2026-09-08 13:20:19,539] INFO tria_engine Tria Engine (FastAPI) starting — env=development
[2026-09-08 13:20:19,540] INFO tria_engine UI storage table ready
[2026-09-08 13:20:19,548] INFO tria_engine Database connection OK
[2026-09-08 13:20:19,790] INFO httpx HTTP Request: POST http://testserver/api/accounts/login/ "HTTP/1.1 200 OK"
[2026-09-08 13:20:19,814] INFO httpx HTTP Request: POST http://testserver/api/site/irb/ "HTTP/1.1 201 Created"
[2026-09-08 13:20:20,072] INFO httpx HTTP Request: POST http://testserver/api/accounts/login/ "HTTP/1.1 200 OK"
[2026-09-08 13:20:20,095] INFO httpx HTTP Request: POST http://testserver/api/site/irb/ "HTTP/1.1 201 Created"
[2026-09-08 13:20:20,334] INFO httpx HTTP Request: POST http://testserver/api/accounts/login/ "HTTP/1.1 200 OK"
[2026-09-08 13:20:20,344] INFO httpx HTTP Request: GET http://testserver/api/site/irb/ "HTTP/1.1 200 OK"
[2026-09-08 13:20:20,348] DEBUG asyncio Using proactor: IocpProactor
[2026-09-08 13:20:20,350] INFO tria_engine Tria Engine (FastAPI) starting — env=development
[2026-09-08 13:20:20,352] INFO tria_engine UI storage table ready
[2026-09-08 13:20:20,361] INFO tria_engine Database connection OK
[2026-09-08 13:20:20,603] INFO httpx HTTP Request: POST http://testserver/api/accounts/login/ "HTTP/1.1 200 OK"
[2026-09-08 13:20:20,692] INFO httpx HTTP Request: POST http://testserver/api/site/irb/ "HTTP/1.1 201 Created"
[2026-09-08 13:20:20,978] INFO httpx HTTP Request: POST http://testserver/api/accounts/login/ "HTTP/1.1 200 OK"
[2026-09-08 13:20:21,000] INFO httpx HTTP Request: POST http://testserver/api/site/irb/ "HTTP/1.1 201 Created"
[2026-09-08 13:20:21,138] INFO httpx HTTP Request: POST http://testserver/api/accounts/login/ "HTTP/1.1 200 OK"
[2026-09-08 13:20:21,150] INFO httpx HTTP Request: GET http://testserver/api/site/irb/ "HTTP/1.1 200 OK"
[2026-09-08 13:20:21,161] INFO httpx HTTP Request: GET http://testserver/api/site/irb/IRB-MTSDDM47 "HTTP/1.1 200 OK"
[2026-09-08 13:20:21,165] DEBUG asyncio Using proactor: IocpProactor
[2026-09-08 13:20:21,167] INFO tria_engine Tria Engine (FastAPI) starting — env=development
[2026-09-08 13:20:21,169] INFO tria_engine UI storage table ready
[2026-09-08 13:20:21,178] INFO tria_engine Database connection OK
[2026-09-08 13:20:22,764] DEBUG asyncio Using proactor: IocpProactor
[2026-09-08 13:20:22,767] INFO tria_engine Tria Engine (FastAPI) starting — env=development
[2026-09-08 13:20:22,769] INFO tria_engine UI storage table ready
[2026-09-08 13:20:22,777] INFO tria_engine Database connection OK
[2026-09-08 13:20:22,908] INFO httpx HTTP Request: POST http://testserver/api/accounts/login/ "HTTP/1.1 200 OK"
[2026-09-08 13:20:22,943] INFO httpx HTTP Request: POST http://testserver/api/eisf/documents "HTTP/1.1 200 OK"
[2026-09-08 13:20:22,985] INFO httpx HTTP Request: POST http://testserver/api/eisf/documents/EISF-MTSDDNLU/sign "HTTP/1.1 200 OK"
[2026-09-08 13:20:22,994] INFO httpx HTTP Request: GET http://testserver/api/eisf/documents/EISF-MTSDDNLU/signatures "HTTP/1.1 200 OK"
[2026-09-08 13:20:22,998] DEBUG asyncio Using proactor: IocpProactor
[2026-09-08 13:20:23,002] INFO tria_engine Tria Engine (FastAPI) starting — env=development
[2026-09-08 13:20:23,003] INFO tria_engine UI storage table ready
[2026-09-08 13:20:23,011] INFO tria_engine Database connection OK
[2026-09-08 13:20:23,153] INFO httpx HTTP Request: POST http://testserver/api/accounts/login/ "HTTP/1.1 200 OK"
[2026-09-08 13:20:23,191] INFO httpx HTTP Request: POST http://testserver/api/eisf/documents "HTTP/1.1 200 OK"
[2026-09-08 13:20:23,200] INFO httpx HTTP Request: POST http://testserver/api/eisf/documents/EISF-MTSDDNSN/sign "HTTP/1.1 400 Bad Request"
[2026-09-08 13:20:23,206] DEBUG asyncio Using proactor: IocpProactor
[2026-09-08 13:20:23,208] INFO tria_engine Tria Engine (FastAPI) starting — env=development
[2026-09-08 13:20:23,209] INFO tria_engine UI storage table ready
[2026-09-08 13:20:23,218] INFO tria_engine Database connection OK
[2026-09-08 13:20:23,358] INFO httpx HTTP Request: POST http://testserver/api/accounts/login/ "HTTP/1.1 200 OK"
[2026-09-08 13:20:23,403] INFO httpx HTTP Request: POST http://testserver/api/eisf/documents "HTTP/1.1 200 OK"
[2026-09-08 13:20:23,420] INFO httpx HTTP Request: GET http://testserver/api/eisf/documents/EISF-MTSDDNYD/verify-integrity "HTTP/1.1 200 OK"
[2026-09-08 13:20:23,449] INFO httpx HTTP Request: GET http://testserver/api/eisf/documents/EISF-MTSDDNYD/verify-integrity "HTTP/1.1 200 OK"
[2026-09-08 13:20:23,460] DEBUG asyncio Using proactor: IocpProactor
[2026-09-08 13:20:23,465] INFO tria_engine Tria Engine (FastAPI) starting — env=development
[2026-09-08 13:20:23,469] INFO tria_engine UI storage table ready
[2026-09-08 13:20:23,483] INFO tria_engine Database connection OK
[2026-09-08 13:20:23,623] INFO httpx HTTP Request: POST http://testserver/api/accounts/login/ "HTTP/1.1 200 OK"
[2026-09-08 13:20:23,670] INFO httpx HTTP Request: POST http://testserver/api/eisf/documents "HTTP/1.1 200 OK"
[2026-09-08 13:20:23,686] INFO httpx HTTP Request: GET http://testserver/api/eisf/documents/EISF-MTSDDO5O/download "HTTP/1.1 400 Bad Request"
[2026-09-08 13:20:23,697] INFO httpx HTTP Request: GET http://testserver/api/eisf/documents/EISF-MTSDDO5O/download?token=***REDACTED*** "HTTP/1.1 403 Forbidden"
[2026-09-08 13:20:23,709] INFO httpx HTTP Request: GET http://testserver/api/eisf/documents/EISF-MTSDDO5O/download-token "HTTP/1.1 200 OK"
[2026-09-08 13:20:23,722] INFO httpx HTTP Request: GET http://testserver/api/eisf/documents/EISF-MTSDDO5O/download?token=***REDACTED*** "HTTP/1.1 200 OK"
[2026-09-08 13:20:23,764] INFO httpx HTTP Request: POST http://testserver/api/eisf/documents "HTTP/1.1 200 OK"
[2026-09-08 13:20:23,779] INFO httpx HTTP Request: GET http://testserver/api/eisf/documents/EISF-MTSDDO8I/download?token=***REDACTED*** "HTTP/1.1 403 Forbidden"
[2026-09-08 13:20:23,786] DEBUG asyncio Using proactor: IocpProactor
[2026-09-08 13:20:23,788] INFO tria_engine Tria Engine (FastAPI) starting — env=development
[2026-09-08 13:20:23,789] INFO tria_engine UI storage table ready
[2026-09-08 13:20:23,797] INFO tria_engine Database connection OK
[2026-09-08 13:20:23,926] INFO httpx HTTP Request: POST http://testserver/api/accounts/login/ "HTTP/1.1 200 OK"
[2026-09-08 13:20:23,946] INFO httpx HTTP Request: POST http://testserver/api/audit/signatures "HTTP/1.1 200 OK"
[2026-09-08 13:20:23,956] DEBUG asyncio Using proactor: IocpProactor
[2026-09-08 13:20:23,958] INFO tria_engine Tria Engine (FastAPI) starting — env=development
[2026-09-08 13:20:23,960] INFO tria_engine UI storage table ready
[2026-09-08 13:20:23,972] INFO tria_engine Database connection OK
[2026-09-08 13:20:24,097] INFO httpx HTTP Request: POST http://testserver/api/accounts/login/ "HTTP/1.1 200 OK"
[2026-09-08 13:20:24,228] INFO httpx HTTP Request: POST http://testserver/api/signature-requests/ "HTTP/1.1 200 OK"
[2026-09-08 13:20:24,239] INFO httpx HTTP Request: GET http://testserver/api/signature-requests/ "HTTP/1.1 200 OK"
[2026-09-08 13:20:24,260] INFO httpx HTTP Request: POST http://testserver/api/signature-requests/1/sign "HTTP/1.1 200 OK"
[2026-09-08 13:20:24,397] INFO httpx HTTP Request: POST http://testserver/api/accounts/login/ "HTTP/1.1 200 OK"
[2026-09-08 13:20:24,421] INFO httpx HTTP Request: POST http://testserver/api/signature-requests/1/sign "HTTP/1.1 200 OK"
[2026-09-08 13:20:24,546] INFO httpx HTTP Request: POST http://testserver/api/accounts/login/ "HTTP/1.1 200 OK"
[2026-09-08 13:20:24,556] INFO httpx HTTP Request: POST http://testserver/api/signature-requests/1/sign "HTTP/1.1 400 Bad Request"
[2026-09-08 13:20:24,560] DEBUG asyncio Using proactor: IocpProactor
[2026-09-08 13:20:24,562] INFO tria_engine Tria Engine (FastAPI) starting — env=development
[2026-09-08 13:20:24,563] INFO tria_engine UI storage table ready
[2026-09-08 13:20:24,573] INFO tria_engine Database connection OK
[2026-09-08 13:20:24,579] INFO httpx HTTP Request: GET http://testserver/api/site/subjects/enrollment-counts/ "HTTP/1.1 401 Unauthorized"
[2026-09-08 13:20:24,584] DEBUG asyncio Using proactor: IocpProactor
[2026-09-08 13:20:24,587] INFO tria_engine Tria Engine (FastAPI) starting — env=development
[2026-09-08 13:20:24,588] INFO tria_engine UI storage table ready
[2026-09-08 13:20:24,595] INFO tria_engine Database connection OK
[2026-09-08 13:20:24,737] INFO httpx HTTP Request: POST http://testserver/api/accounts/login/ "HTTP/1.1 200 OK"
[2026-09-08 13:20:24,767] INFO httpx HTTP Request: POST http://testserver/api/site/subjects/sync "HTTP/1.1 200 OK"
[2026-09-08 13:20:24,776] INFO httpx HTTP Request: GET http://testserver/api/site/subjects/enrollment-counts/ "HTTP/1.1 200 OK"
[2026-09-08 13:20:24,796] DEBUG asyncio Using proactor: IocpProactor
[2026-09-08 13:20:24,797] INFO tria_engine Tria Engine (FastAPI) starting — env=development
[2026-09-08 13:20:24,799] INFO tria_engine UI storage table ready
[2026-09-08 13:20:24,808] INFO tria_engine Database connection OK
[2026-09-08 13:20:24,945] INFO httpx HTTP Request: POST http://testserver/api/accounts/login/ "HTTP/1.1 200 OK"
[2026-09-08 13:20:24,964] INFO httpx HTTP Request: POST http://testserver/api/site/subjects/sync "HTTP/1.1 200 OK"
[2026-09-08 13:20:24,973] INFO httpx HTTP Request: GET http://testserver/api/site/subjects/enrollment-counts/ "HTTP/1.1 200 OK"
[2026-09-08 13:20:24,987] INFO httpx HTTP Request: GET http://testserver/api/site/subjects/enrollment-counts/ "HTTP/1.1 200 OK"
[2026-09-08 13:20:24,995] INFO httpx HTTP Request: POST http://testserver/api/site/subjects/sync "HTTP/1.1 200 OK"
[2026-09-08 13:20:25,002] INFO httpx HTTP Request: GET http://testserver/api/site/subjects/enrollment-counts/ "HTTP/1.1 200 OK"
[2026-09-08 13:20:25,014] DEBUG asyncio Using proactor: IocpProactor
[2026-09-08 13:20:25,017] INFO tria_engine Tria Engine (FastAPI) starting — env=development
[2026-09-08 13:20:25,019] INFO tria_engine UI storage table ready
[2026-09-08 13:20:25,027] INFO tria_engine Database connection OK
[2026-09-08 13:20:25,363] INFO httpx HTTP Request: POST http://testserver/api/accounts/login/ "HTTP/1.1 200 OK"
[2026-09-08 13:20:25,381] INFO httpx HTTP Request: POST http://testserver/api/site/subjects/sync "HTTP/1.1 200 OK"
[2026-09-08 13:20:25,543] INFO httpx HTTP Request: POST http://testserver/api/accounts/login/ "HTTP/1.1 200 OK"
[2026-09-08 13:20:25,560] INFO httpx HTTP Request: POST http://testserver/api/site/subjects/sync "HTTP/1.1 200 OK"
[2026-09-08 13:20:25,571] INFO httpx HTTP Request: GET http://testserver/api/site/subjects/enrollment-counts/ "HTTP/1.1 200 OK"
[2026-09-08 13:20:25,588] DEBUG asyncio Using proactor: IocpProactor
[2026-09-08 13:20:25,590] INFO tria_engine Tria Engine (FastAPI) starting — env=development
[2026-09-08 13:20:25,591] INFO tria_engine UI storage table ready
[2026-09-08 13:20:25,599] INFO tria_engine Database connection OK
[2026-09-08 13:20:25,606] INFO httpx HTTP Request: POST http://testserver/api/site/subjects/history/sync "HTTP/1.1 401 Unauthorized"
[2026-09-08 13:20:25,611] INFO httpx HTTP Request: GET http://testserver/api/site/subjects/TNX-HIST%3A%3AS-1001/history "HTTP/1.1 401 Unauthorized"
[2026-09-08 13:20:25,615] INFO httpx HTTP Request: GET http://testserver/api/site/subjects/TNX-HIST%3A%3AS-1001/consent "HTTP/1.1 401 Unauthorized"
[2026-09-08 13:20:25,621] DEBUG asyncio Using proactor: IocpProactor
[2026-09-08 13:20:25,622] INFO tria_engine Tria Engine (FastAPI) starting — env=development
[2026-09-08 13:20:25,623] INFO tria_engine UI storage table ready
[2026-09-08 13:20:25,631] INFO tria_engine Database connection OK
[2026-09-08 13:20:25,762] INFO httpx HTTP Request: POST http://testserver/api/accounts/login/ "HTTP/1.1 200 OK"
[2026-09-08 13:20:25,775] INFO httpx HTTP Request: GET http://testserver/api/site/subjects/TNX-NOPE%3A%3AS-0/history "HTTP/1.1 404 Not Found"
[2026-09-08 13:20:25,785] INFO httpx HTTP Request: GET http://testserver/api/site/subjects/TNX-NOPE%3A%3AS-0/consent "HTTP/1.1 404 Not Found"
[2026-09-08 13:20:25,792] DEBUG asyncio Using proactor: IocpProactor
[2026-09-08 13:20:25,794] INFO tria_engine Tria Engine (FastAPI) starting — env=development
[2026-09-08 13:20:25,795] INFO tria_engine UI storage table ready
[2026-09-08 13:20:25,805] INFO tria_engine Database connection OK
[2026-09-08 13:20:25,930] INFO httpx HTTP Request: POST http://testserver/api/accounts/login/ "HTTP/1.1 200 OK"
[2026-09-08 13:20:25,946] INFO httpx HTTP Request: POST http://testserver/api/site/subjects/sync "HTTP/1.1 200 OK"
[2026-09-08 13:20:25,963] INFO httpx HTTP Request: POST http://testserver/api/site/subjects/history/sync "HTTP/1.1 200 OK"
[2026-09-08 13:20:26,190] INFO httpx HTTP Request: POST http://testserver/api/accounts/login/ "HTTP/1.1 200 OK"
[2026-09-08 13:20:26,196] INFO httpx HTTP Request: GET http://testserver/api/site/subjects/TNX-HIST-ORG%3A%3AS-1001/history "HTTP/1.1 404 Not Found"
[2026-09-08 13:20:26,205] INFO httpx HTTP Request: GET http://testserver/api/site/subjects/TNX-HIST-ORG%3A%3AS-1001/consent "HTTP/1.1 404 Not Found"
[2026-09-08 13:20:26,218] DEBUG asyncio Using proactor: IocpProactor
[2026-09-08 13:20:26,221] INFO tria_engine Tria Engine (FastAPI) starting — env=development
[2026-09-08 13:20:26,222] INFO tria_engine UI storage table ready
[2026-09-08 13:20:26,229] INFO tria_engine Database connection OK
[2026-09-08 13:20:26,467] INFO httpx HTTP Request: POST http://testserver/api/accounts/login/ "HTTP/1.1 200 OK"
[2026-09-08 13:20:26,477] INFO httpx HTTP Request: POST http://testserver/api/site/subjects/history/sync "HTTP/1.1 403 Forbidden"
[2026-09-08 13:20:26,481] DEBUG asyncio Using proactor: IocpProactor
[2026-09-08 13:20:26,484] INFO tria_engine Tria Engine (FastAPI) starting — env=development
[2026-09-08 13:20:26,486] INFO tria_engine UI storage table ready
[2026-09-08 13:20:26,495] INFO tria_engine Database connection OK
[2026-09-08 13:20:26,623] INFO httpx HTTP Request: POST http://testserver/api/accounts/login/ "HTTP/1.1 200 OK"
[2026-09-08 13:20:26,637] INFO httpx HTTP Request: POST http://testserver/api/site/subjects/sync "HTTP/1.1 200 OK"
[2026-09-08 13:20:26,657] INFO httpx HTTP Request: POST http://testserver/api/site/subjects/history/sync "HTTP/1.1 200 OK"
[2026-09-08 13:20:26,677] INFO httpx HTTP Request: GET http://testserver/api/site/subjects/TNX-HIST-APPEND%3A%3AS-1001/history "HTTP/1.1 200 OK"
[2026-09-08 13:20:26,693] DEBUG asyncio Using proactor: IocpProactor
[2026-09-08 13:20:26,695] INFO tria_engine Tria Engine (FastAPI) starting — env=development
[2026-09-08 13:20:26,696] INFO tria_engine UI storage table ready
[2026-09-08 13:20:26,707] INFO tria_engine Database connection OK
[2026-09-08 13:20:26,832] INFO httpx HTTP Request: POST http://testserver/api/accounts/login/ "HTTP/1.1 200 OK"
[2026-09-08 13:20:26,847] INFO httpx HTTP Request: POST http://testserver/api/site/subjects/sync "HTTP/1.1 200 OK"
[2026-09-08 13:20:26,862] INFO httpx HTTP Request: POST http://testserver/api/site/subjects/history/sync "HTTP/1.1 200 OK"
[2026-09-08 13:20:26,878] INFO httpx HTTP Request: POST http://testserver/api/site/visits/sync "HTTP/1.1 200 OK"
[2026-09-08 13:20:26,895] INFO httpx HTTP Request: POST http://testserver/api/site/icf/versions/sync "HTTP/1.1 200 OK"
[2026-09-08 13:20:26,932] INFO httpx HTTP Request: POST http://testserver/api/site/icf/events/sync "HTTP/1.1 200 OK"
[2026-09-08 13:20:26,952] INFO httpx HTTP Request: GET http://testserver/api/site/subjects/TNX-HIST-MERGE%3A%3AS-1001/history "HTTP/1.1 200 OK"
[2026-09-08 13:20:26,969] DEBUG asyncio Using proactor: IocpProactor
[2026-09-08 13:20:26,971] INFO tria_engine Tria Engine (FastAPI) starting — env=development
[2026-09-08 13:20:26,972] INFO tria_engine UI storage table ready
[2026-09-08 13:20:26,979] INFO tria_engine Database connection OK
[2026-09-08 13:20:27,116] INFO httpx HTTP Request: POST http://testserver/api/accounts/login/ "HTTP/1.1 200 OK"
[2026-09-08 13:20:27,131] INFO httpx HTTP Request: POST http://testserver/api/site/subjects/sync "HTTP/1.1 200 OK"
[2026-09-08 13:20:27,142] INFO httpx HTTP Request: GET http://testserver/api/site/subjects/TNX-HIST-CONSENT%3A%3AS-1001/consent "HTTP/1.1 200 OK"
[2026-09-08 13:20:27,155] INFO httpx HTTP Request: POST http://testserver/api/site/icf/versions/sync "HTTP/1.1 200 OK"
[2026-09-08 13:20:27,173] INFO httpx HTTP Request: POST http://testserver/api/site/icf/events/sync "HTTP/1.1 200 OK"
[2026-09-08 13:20:27,193] INFO httpx HTTP Request: GET http://testserver/api/site/subjects/TNX-HIST-CONSENT%3A%3AS-1001/consent "HTTP/1.1 200 OK"
[2026-09-08 13:20:27,209] INFO httpx HTTP Request: POST http://testserver/api/site/icf/campaigns/sync "HTTP/1.1 200 OK"
[2026-09-08 13:20:27,218] INFO httpx HTTP Request: GET http://testserver/api/site/subjects/TNX-HIST-CONSENT%3A%3AS-1001/consent "HTTP/1.1 200 OK"
[2026-09-08 13:20:27,236] INFO httpx HTTP Request: POST http://testserver/api/site/icf/campaigns/sync "HTTP/1.1 200 OK"
[2026-09-08 13:20:27,248] INFO httpx HTTP Request: GET http://testserver/api/site/subjects/TNX-HIST-CONSENT%3A%3AS-1001/consent "HTTP/1.1 200 OK"
[2026-09-08 13:20:27,271] DEBUG asyncio Using proactor: IocpProactor
[2026-09-08 13:20:27,274] INFO tria_engine Tria Engine (FastAPI) starting — env=development
[2026-09-08 13:20:27,275] INFO tria_engine UI storage table ready
[2026-09-08 13:20:27,286] INFO tria_engine Database connection OK
[2026-09-08 13:20:27,292] INFO httpx HTTP Request: GET http://testserver/api/site/subjects/ "HTTP/1.1 401 Unauthorized"
[2026-09-08 13:20:27,297] INFO httpx HTTP Request: GET http://testserver/api/site/visits/ "HTTP/1.1 401 Unauthorized"
[2026-09-08 13:20:27,304] INFO httpx HTTP Request: POST http://testserver/api/site/subjects/sync "HTTP/1.1 401 Unauthorized"
[2026-09-08 13:20:27,308] INFO httpx HTTP Request: POST http://testserver/api/site/visits/sync "HTTP/1.1 401 Unauthorized"
[2026-09-08 13:20:27,312] DEBUG asyncio Using proactor: IocpProactor
[2026-09-08 13:20:27,315] INFO tria_engine Tria Engine (FastAPI) starting — env=development
[2026-09-08 13:20:27,318] INFO tria_engine UI storage table ready
[2026-09-08 13:20:27,326] INFO tria_engine Database connection OK
[2026-09-08 13:20:27,468] INFO httpx HTTP Request: POST http://testserver/api/accounts/login/ "HTTP/1.1 200 OK"
[2026-09-08 13:20:27,488] INFO httpx HTTP Request: POST http://testserver/api/site/subjects/sync "HTTP/1.1 200 OK"
[2026-09-08 13:20:27,495] INFO httpx HTTP Request: GET http://testserver/api/site/subjects/ "HTTP/1.1 200 OK"
[2026-09-08 13:20:27,503] INFO httpx HTTP Request: GET http://testserver/api/site/subjects/?studyId=TNX-A "HTTP/1.1 200 OK"
[2026-09-08 13:20:27,521] INFO httpx HTTP Request: POST http://testserver/api/site/subjects/sync "HTTP/1.1 200 OK"
[2026-09-08 13:20:27,532] INFO httpx HTTP Request: GET http://testserver/api/site/subjects/ "HTTP/1.1 200 OK"
[2026-09-08 13:20:27,542] INFO httpx HTTP Request: GET http://testserver/api/site/subjects/TNX-A%3A%3AS-1001 "HTTP/1.1 200 OK"
[2026-09-08 13:20:27,546] DEBUG asyncio Using proactor: IocpProactor
[2026-09-08 13:20:27,548] INFO tria_engine Tria Engine (FastAPI) starting — env=development
[2026-09-08 13:20:27,549] INFO tria_engine UI storage table ready
[2026-09-08 13:20:27,559] INFO tria_engine Database connection OK
[2026-09-08 13:20:28,046] INFO httpx HTTP Request: POST http://testserver/api/accounts/login/ "HTTP/1.1 200 OK"
[2026-09-08 13:20:28,058] INFO httpx HTTP Request: POST http://testserver/api/site/subjects/sync "HTTP/1.1 403 Forbidden"
[2026-09-08 13:20:28,180] INFO httpx HTTP Request: POST http://testserver/api/accounts/login/ "HTTP/1.1 200 OK"
[2026-09-08 13:20:28,196] INFO httpx HTTP Request: POST http://testserver/api/site/subjects/sync "HTTP/1.1 200 OK"
[2026-09-08 13:20:28,328] INFO httpx HTTP Request: POST http://testserver/api/accounts/login/ "HTTP/1.1 200 OK"
[2026-09-08 13:20:28,343] INFO httpx HTTP Request: POST http://testserver/api/site/subjects/sync "HTTP/1.1 200 OK"
[2026-09-08 13:20:28,347] DEBUG asyncio Using proactor: IocpProactor
[2026-09-08 13:20:28,350] INFO tria_engine Tria Engine (FastAPI) starting — env=development
[2026-09-08 13:20:28,351] INFO tria_engine UI storage table ready
[2026-09-08 13:20:28,360] INFO tria_engine Database connection OK
[2026-09-08 13:20:28,590] INFO httpx HTTP Request: POST http://testserver/api/accounts/login/ "HTTP/1.1 200 OK"
[2026-09-08 13:20:28,604] INFO httpx HTTP Request: POST http://testserver/api/site/subjects/sync "HTTP/1.1 200 OK"
[2026-09-08 13:20:28,612] INFO httpx HTTP Request: GET http://testserver/api/site/subjects/ "HTTP/1.1 200 OK"
[2026-09-08 13:20:28,747] INFO httpx HTTP Request: POST http://testserver/api/accounts/login/ "HTTP/1.1 200 OK"
[2026-09-08 13:20:28,758] INFO httpx HTTP Request: GET http://testserver/api/site/subjects/?studyId=ST-B "HTTP/1.1 200 OK"
[2026-09-08 13:20:28,762] DEBUG asyncio Using proactor: IocpProactor
[2026-09-08 13:20:28,763] INFO tria_engine Tria Engine (FastAPI) starting — env=development
[2026-09-08 13:20:28,765] INFO tria_engine UI storage table ready
[2026-09-08 13:20:28,776] INFO tria_engine Database connection OK
[2026-09-08 13:20:28,912] INFO httpx HTTP Request: POST http://testserver/api/accounts/login/ "HTTP/1.1 200 OK"
[2026-09-08 13:20:28,928] INFO httpx HTTP Request: POST http://testserver/api/site/visits/sync "HTTP/1.1 200 OK"
[2026-09-08 13:20:28,939] INFO httpx HTTP Request: GET http://testserver/api/site/visits/ "HTTP/1.1 200 OK"
[2026-09-08 13:20:28,953] INFO httpx HTTP Request: POST http://testserver/api/site/visits/sync "HTTP/1.1 200 OK"
[2026-09-08 13:20:28,960] INFO httpx HTTP Request: GET http://testserver/api/site/visits/ "HTTP/1.1 200 OK"
[2026-09-08 13:20:28,968] INFO httpx HTTP Request: GET http://testserver/api/site/visits/?studyId=TNX-A "HTTP/1.1 200 OK"
[2026-09-08 13:20:28,972] DEBUG asyncio Using proactor: IocpProactor
[2026-09-08 13:20:28,974] INFO tria_engine Tria Engine (FastAPI) starting — env=development
[2026-09-08 13:20:28,975] INFO tria_engine UI storage table ready
[2026-09-08 13:20:28,985] INFO tria_engine Database connection OK
[2026-09-08 13:20:29,219] INFO httpx HTTP Request: POST http://testserver/api/accounts/login/ "HTTP/1.1 200 OK"
[2026-09-08 13:20:29,240] INFO httpx HTTP Request: POST http://testserver/api/site/visits/sync "HTTP/1.1 200 OK"
[2026-09-08 13:20:29,258] INFO httpx HTTP Request: GET http://testserver/api/site/visits/ "HTTP/1.1 200 OK"
[2026-09-08 13:20:29,391] INFO httpx HTTP Request: POST http://testserver/api/accounts/login/ "HTTP/1.1 200 OK"
[2026-09-08 13:20:29,643] INFO httpx HTTP Request: POST http://testserver/api/accounts/login/ "HTTP/1.1 200 OK"
[2026-09-08 13:20:29,653] INFO httpx HTTP Request: POST http://testserver/api/site/visits/sync "HTTP/1.1 403 Forbidden"
[2026-09-08 13:20:29,657] DEBUG asyncio Using proactor: IocpProactor
[2026-09-08 13:20:29,659] INFO tria_engine Tria Engine (FastAPI) starting — env=development
[2026-09-08 13:20:29,660] INFO tria_engine UI storage table ready
[2026-09-08 13:20:29,671] INFO tria_engine Database connection OK
[2026-09-08 13:20:29,811] INFO httpx HTTP Request: POST http://testserver/api/accounts/login/ "HTTP/1.1 200 OK"
[2026-09-08 13:20:29,830] INFO httpx HTTP Request: POST http://testserver/api/site/subjects/sync "HTTP/1.1 200 OK"
[2026-09-08 13:20:29,846] INFO httpx HTTP Request: POST http://testserver/api/site/visits/sync "HTTP/1.1 200 OK"
[2026-09-08 13:20:30,105] INFO httpx HTTP Request: POST http://testserver/api/accounts/login/ "HTTP/1.1 200 OK"
[2026-09-08 13:20:30,119] INFO httpx HTTP Request: POST http://testserver/api/site/subjects/sync "HTTP/1.1 200 OK"
[2026-09-08 13:20:30,133] INFO httpx HTTP Request: POST http://testserver/api/site/visits/sync "HTTP/1.1 200 OK"
[2026-09-08 13:20:30,141] INFO httpx HTTP Request: GET http://testserver/api/site/subjects/ "HTTP/1.1 200 OK"
[2026-09-08 13:20:30,149] INFO httpx HTTP Request: GET http://testserver/api/site/visits/ "HTTP/1.1 200 OK"
[2026-09-08 13:20:30,154] DEBUG asyncio Using proactor: IocpProactor
[2026-09-08 13:20:30,156] INFO tria_engine Tria Engine (FastAPI) starting — env=development
[2026-09-08 13:20:30,157] INFO tria_engine UI storage table ready
[2026-09-08 13:20:30,165] INFO tria_engine Database connection OK
[2026-09-08 13:20:30,172] INFO httpx HTTP Request: GET http://testserver/api/site/subjects/summary/ "HTTP/1.1 401 Unauthorized"
[2026-09-08 13:20:30,176] INFO httpx HTTP Request: GET http://testserver/api/site/visits/summary/ "HTTP/1.1 401 Unauthorized"
[2026-09-08 13:20:30,180] DEBUG asyncio Using proactor: IocpProactor
[2026-09-08 13:20:30,181] INFO tria_engine Tria Engine (FastAPI) starting — env=development
[2026-09-08 13:20:30,184] INFO tria_engine UI storage table ready
[2026-09-08 13:20:30,192] INFO tria_engine Database connection OK
[2026-09-08 13:20:30,320] INFO httpx HTTP Request: POST http://testserver/api/accounts/login/ "HTTP/1.1 200 OK"
[2026-09-08 13:20:30,337] INFO httpx HTTP Request: POST http://testserver/api/site/subjects/sync "HTTP/1.1 200 OK"
[2026-09-08 13:20:30,343] INFO httpx HTTP Request: GET http://testserver/api/site/subjects/summary/?studyId=TNX-SUM-A "HTTP/1.1 200 OK"
[2026-09-08 13:20:30,352] INFO httpx HTTP Request: GET http://testserver/api/site/subjects/summary/?studyId=TNX-SUM-B "HTTP/1.1 200 OK"
[2026-09-08 13:20:30,359] INFO httpx HTTP Request: GET http://testserver/api/site/subjects/summary/?studyId=TNX-NOPE "HTTP/1.1 200 OK"
[2026-09-08 13:20:30,362] DEBUG asyncio Using proactor: IocpProactor
[2026-09-08 13:20:30,364] INFO tria_engine Tria Engine (FastAPI) starting — env=development
[2026-09-08 13:20:30,366] INFO tria_engine UI storage table ready
[2026-09-08 13:20:30,375] INFO tria_engine Database connection OK
[2026-09-08 13:20:30,501] INFO httpx HTTP Request: POST http://testserver/api/accounts/login/ "HTTP/1.1 200 OK"
[2026-09-08 13:20:30,525] INFO httpx HTTP Request: POST http://testserver/api/site/visits/sync "HTTP/1.1 200 OK"
[2026-09-08 13:20:30,555] INFO httpx HTTP Request: GET http://testserver/api/site/visits/summary/?studyId=TNX-VSUM "HTTP/1.1 200 OK"
[2026-09-08 13:20:30,570] INFO httpx HTTP Request: GET http://testserver/api/site/visits/summary/?studyId=TNX-VSUM&window=1 "HTTP/1.1 200 OK"
[2026-09-08 13:20:30,578] INFO httpx HTTP Request: GET http://testserver/api/site/visits/summary/?studyId=TNX-VSUM-OTHER "HTTP/1.1 200 OK"
[2026-09-08 13:20:30,583] DEBUG asyncio Using proactor: IocpProactor
[2026-09-08 13:20:30,585] INFO tria_engine Tria Engine (FastAPI) starting — env=development
[2026-09-08 13:20:30,587] INFO tria_engine UI storage table ready
[2026-09-08 13:20:30,594] INFO tria_engine Database connection OK
[2026-09-08 13:20:31,058] INFO httpx HTTP Request: POST http://testserver/api/accounts/login/ "HTTP/1.1 200 OK"
[2026-09-08 13:20:31,078] INFO httpx HTTP Request: POST http://testserver/api/site/subjects/sync "HTTP/1.1 200 OK"
[2026-09-08 13:20:31,107] INFO httpx HTTP Request: POST http://testserver/api/site/visits/sync "HTTP/1.1 200 OK"
[2026-09-08 13:20:31,241] INFO httpx HTTP Request: POST http://testserver/api/accounts/login/ "HTTP/1.1 200 OK"
[2026-09-08 13:20:31,256] INFO httpx HTTP Request: POST http://testserver/api/site/subjects/sync "HTTP/1.1 200 OK"
[2026-09-08 13:20:31,270] INFO httpx HTTP Request: POST http://testserver/api/site/visits/sync "HTTP/1.1 200 OK"
[2026-09-08 13:20:31,394] INFO httpx HTTP Request: POST http://testserver/api/accounts/login/ "HTTP/1.1 200 OK"
[2026-09-08 13:20:31,403] INFO httpx HTTP Request: GET http://testserver/api/site/subjects/summary/ "HTTP/1.1 200 OK"
[2026-09-08 13:20:31,409] INFO httpx HTTP Request: GET http://testserver/api/site/visits/summary/ "HTTP/1.1 200 OK"
[2026-09-08 13:20:31,417] INFO httpx HTTP Request: GET http://testserver/api/site/subjects/summary/?studyId=OTHER-ST "HTTP/1.1 200 OK"
[2026-09-08 13:28:05,903] DEBUG asyncio Using proactor: IocpProactor
[2026-09-08 13:28:05,909] INFO tria_engine Tria Engine (FastAPI) starting — env=development
[2026-09-08 13:28:05,940] INFO tria_engine UI storage table ready
[2026-09-08 13:28:05,950] INFO tria_engine Database connection OK
[2026-09-08 13:28:06,199] INFO httpx HTTP Request: POST http://testserver/api/accounts/login/ "HTTP/1.1 200 OK"
[2026-09-08 13:28:06,272] INFO httpx HTTP Request: POST http://testserver/api/eisf/documents "HTTP/1.1 200 OK"
[2026-09-08 13:28:06,310] INFO httpx HTTP Request: POST http://testserver/api/eisf/documents/EISF-MTSDNL3U/sign "HTTP/1.1 200 OK"
[2026-09-08 13:28:06,357] INFO httpx HTTP Request: GET http://testserver/api/eisf/documents/EISF-MTSDNL3U/signatures "HTTP/1.1 200 OK"
[2026-09-08 13:28:06,363] DEBUG asyncio Using proactor: IocpProactor
[2026-09-08 13:28:06,365] INFO tria_engine Tria Engine (FastAPI) starting — env=development
[2026-09-08 13:28:06,367] INFO tria_engine UI storage table ready
[2026-09-08 13:28:06,379] INFO tria_engine Database connection OK
[2026-09-08 13:28:06,566] INFO httpx HTTP Request: POST http://testserver/api/accounts/login/ "HTTP/1.1 200 OK"
[2026-09-08 13:28:06,598] INFO httpx HTTP Request: POST http://testserver/api/eisf/documents "HTTP/1.1 200 OK"
[2026-09-08 13:28:06,607] INFO httpx HTTP Request: POST http://testserver/api/eisf/documents/EISF-MTSDNLDA/sign "HTTP/1.1 400 Bad Request"
[2026-09-08 13:28:06,611] DEBUG asyncio Using proactor: IocpProactor
[2026-09-08 13:28:06,613] INFO tria_engine Tria Engine (FastAPI) starting — env=development
[2026-09-08 13:28:06,614] INFO tria_engine UI storage table ready
[2026-09-08 13:28:06,625] INFO tria_engine Database connection OK
[2026-09-08 13:28:06,779] INFO httpx HTTP Request: POST http://testserver/api/accounts/login/ "HTTP/1.1 200 OK"
[2026-09-08 13:28:06,839] INFO httpx HTTP Request: POST http://testserver/api/eisf/documents "HTTP/1.1 200 OK"
[2026-09-08 13:28:06,857] INFO httpx HTTP Request: GET http://testserver/api/eisf/documents/EISF-MTSDNLJD/verify-integrity "HTTP/1.1 200 OK"
[2026-09-08 13:28:06,889] INFO httpx HTTP Request: GET http://testserver/api/eisf/documents/EISF-MTSDNLJD/verify-integrity "HTTP/1.1 200 OK"
[2026-09-08 13:28:06,895] DEBUG asyncio Using proactor: IocpProactor
[2026-09-08 13:28:06,897] INFO tria_engine Tria Engine (FastAPI) starting — env=development
[2026-09-08 13:28:06,898] INFO tria_engine UI storage table ready
[2026-09-08 13:28:06,908] INFO tria_engine Database connection OK
[2026-09-08 13:28:07,055] INFO httpx HTTP Request: POST http://testserver/api/accounts/login/ "HTTP/1.1 200 OK"
[2026-09-08 13:28:07,090] INFO httpx HTTP Request: POST http://testserver/api/eisf/documents "HTTP/1.1 200 OK"
[2026-09-08 13:28:07,113] INFO httpx HTTP Request: GET http://testserver/api/eisf/documents/EISF-MTSDNLQT/download "HTTP/1.1 400 Bad Request"
[2026-09-08 13:28:07,135] INFO httpx HTTP Request: GET http://testserver/api/eisf/documents/EISF-MTSDNLQT/download?token=***REDACTED*** "HTTP/1.1 403 Forbidden"
[2026-09-08 13:28:07,164] INFO httpx HTTP Request: GET http://testserver/api/eisf/documents/EISF-MTSDNLQT/download-token "HTTP/1.1 200 OK"
[2026-09-08 13:28:07,179] INFO httpx HTTP Request: GET http://testserver/api/eisf/documents/EISF-MTSDNLQT/download?token=***REDACTED*** "HTTP/1.1 200 OK"
[2026-09-08 13:28:07,219] INFO httpx HTTP Request: POST http://testserver/api/eisf/documents "HTTP/1.1 200 OK"
[2026-09-08 13:28:07,229] INFO httpx HTTP Request: GET http://testserver/api/eisf/documents/EISF-MTSDNLUH/download?token=***REDACTED*** "HTTP/1.1 403 Forbidden"
[2026-09-08 13:28:07,233] DEBUG asyncio Using proactor: IocpProactor
[2026-09-08 13:28:07,234] INFO tria_engine Tria Engine (FastAPI) starting — env=development
[2026-09-08 13:28:07,235] INFO tria_engine UI storage table ready
[2026-09-08 13:28:07,248] INFO tria_engine Database connection OK
[2026-09-08 13:28:07,411] INFO httpx HTTP Request: POST http://testserver/api/accounts/login/ "HTTP/1.1 200 OK"
[2026-09-08 13:28:07,633] INFO httpx HTTP Request: POST http://testserver/api/audit/signatures "HTTP/1.1 200 OK"
[2026-09-08 13:28:07,642] DEBUG asyncio Using proactor: IocpProactor
[2026-09-08 13:28:07,644] INFO tria_engine Tria Engine (FastAPI) starting — env=development
[2026-09-08 13:28:07,645] INFO tria_engine UI storage table ready
[2026-09-08 13:28:07,654] INFO tria_engine Database connection OK
[2026-09-08 13:28:07,831] INFO httpx HTTP Request: POST http://testserver/api/accounts/login/ "HTTP/1.1 200 OK"
[2026-09-08 13:28:08,016] INFO httpx HTTP Request: POST http://testserver/api/signature-requests/ "HTTP/1.1 200 OK"
[2026-09-08 13:28:08,026] INFO httpx HTTP Request: GET http://testserver/api/signature-requests/ "HTTP/1.1 200 OK"
[2026-09-08 13:28:08,048] INFO httpx HTTP Request: POST http://testserver/api/signature-requests/1/sign "HTTP/1.1 200 OK"
[2026-09-08 13:28:08,186] INFO httpx HTTP Request: POST http://testserver/api/accounts/login/ "HTTP/1.1 200 OK"
[2026-09-08 13:28:08,209] INFO httpx HTTP Request: POST http://testserver/api/signature-requests/1/sign "HTTP/1.1 200 OK"
[2026-09-08 13:28:08,343] INFO httpx HTTP Request: POST http://testserver/api/accounts/login/ "HTTP/1.1 200 OK"
[2026-09-08 13:28:08,351] INFO httpx HTTP Request: POST http://testserver/api/signature-requests/1/sign "HTTP/1.1 400 Bad Request"
[2026-09-08 13:28:08,358] DEBUG asyncio Using proactor: IocpProactor
[2026-09-08 13:28:08,360] INFO tria_engine Tria Engine (FastAPI) starting — env=development
[2026-09-08 13:28:08,361] INFO tria_engine UI storage table ready
[2026-09-08 13:28:08,368] INFO tria_engine Database connection OK
[2026-09-08 13:28:08,527] INFO httpx HTTP Request: POST http://testserver/api/accounts/login/ "HTTP/1.1 200 OK"
[2026-09-08 13:28:08,556] INFO httpx HTTP Request: GET http://testserver/billing/plans/ "HTTP/1.1 200 OK"
[2026-09-08 13:28:08,575] INFO httpx HTTP Request: POST http://testserver/billing/plans/ "HTTP/1.1 200 OK"
[2026-09-08 13:28:08,596] INFO httpx HTTP Request: POST http://testserver/billing/plans/ "HTTP/1.1 200 OK"
[2026-09-08 13:28:08,623] INFO httpx HTTP Request: POST http://testserver/billing/plans/ "HTTP/1.1 409 Conflict"
[2026-09-08 13:28:08,660] INFO httpx HTTP Request: PUT http://testserver/billing/plans/2/ "HTTP/1.1 200 OK"
[2026-09-08 13:28:08,668] INFO httpx HTTP Request: GET http://testserver/billing/plans/ "HTTP/1.1 200 OK"
[2026-09-08 13:28:08,694] INFO httpx HTTP Request: DELETE http://testserver/billing/plans/1/ "HTTP/1.1 200 OK"
[2026-09-08 13:28:08,707] INFO httpx HTTP Request: GET http://testserver/billing/plans/ "HTTP/1.1 200 OK"
[2026-09-08 13:28:08,712] DEBUG asyncio Using proactor: IocpProactor
[2026-09-08 13:28:08,714] INFO tria_engine Tria Engine (FastAPI) starting — env=development
[2026-09-08 13:28:08,715] INFO tria_engine UI storage table ready
[2026-09-08 13:28:08,725] INFO tria_engine Database connection OK
[2026-09-08 13:28:08,857] INFO httpx HTTP Request: POST http://testserver/api/accounts/login/ "HTTP/1.1 200 OK"
[2026-09-08 13:28:08,873] INFO httpx HTTP Request: POST http://testserver/billing/plans/ "HTTP/1.1 200 OK"
[2026-09-08 13:28:08,894] INFO httpx HTTP Request: POST http://testserver/billing/subscription/assign/ "HTTP/1.1 200 OK"
[2026-09-08 13:28:08,901] INFO httpx HTTP Request: DELETE http://testserver/billing/plans/3/ "HTTP/1.1 409 Conflict"
[2026-09-08 13:28:08,906] DEBUG asyncio Using proactor: IocpProactor
[2026-09-08 13:28:08,908] INFO tria_engine Tria Engine (FastAPI) starting — env=development
[2026-09-08 13:28:08,909] INFO tria_engine UI storage table ready
[2026-09-08 13:28:08,916] INFO tria_engine Database connection OK
[2026-09-08 13:28:09,163] INFO httpx HTTP Request: POST http://testserver/api/accounts/login/ "HTTP/1.1 200 OK"
[2026-09-08 13:28:09,169] INFO httpx HTTP Request: POST http://testserver/billing/plans/ "HTTP/1.1 403 Forbidden"
[2026-09-08 13:28:09,178] INFO httpx HTTP Request: POST http://testserver/billing/subscription/assign/ "HTTP/1.1 403 Forbidden"
[2026-09-08 13:28:09,182] DEBUG asyncio Using proactor: IocpProactor
[2026-09-08 13:28:09,183] INFO tria_engine Tria Engine (FastAPI) starting — env=development
[2026-09-08 13:28:09,184] INFO tria_engine UI storage table ready
[2026-09-08 13:28:09,194] INFO tria_engine Database connection OK
[2026-09-08 13:28:09,327] INFO httpx HTTP Request: POST http://testserver/api/accounts/login/ "HTTP/1.1 200 OK"
[2026-09-08 13:28:09,344] INFO httpx HTTP Request: POST http://testserver/billing/plans/ "HTTP/1.1 200 OK"
[2026-09-08 13:28:09,350] INFO httpx HTTP Request: GET http://testserver/billing/subscription/me/ "HTTP/1.1 200 OK"
[2026-09-08 13:28:09,373] INFO httpx HTTP Request: POST http://testserver/billing/subscription/assign/ "HTTP/1.1 200 OK"
[2026-09-08 13:28:09,395] INFO httpx HTTP Request: PATCH http://testserver/billing/subscription/me/ "HTTP/1.1 200 OK"
[2026-09-08 13:28:09,400] DEBUG asyncio Using proactor: IocpProactor
[2026-09-08 13:28:09,402] INFO tria_engine Tria Engine (FastAPI) starting — env=development
[2026-09-08 13:28:09,405] INFO tria_engine UI storage table ready
[2026-09-08 13:28:09,413] INFO tria_engine Database connection OK
[2026-09-08 13:28:09,552] INFO httpx HTTP Request: POST http://testserver/api/accounts/login/ "HTTP/1.1 200 OK"
[2026-09-08 13:28:09,574] INFO httpx HTTP Request: POST http://testserver/billing/plans/ "HTTP/1.1 200 OK"
[2026-09-08 13:28:09,625] INFO httpx HTTP Request: POST http://testserver/billing/subscription/checkout/ "HTTP/1.1 200 OK"
[2026-09-08 13:28:09,649] INFO httpx HTTP Request: POST http://testserver/billing/subscription/confirm/ "HTTP/1.1 200 OK"
[2026-09-08 13:28:09,658] INFO httpx HTTP Request: POST http://testserver/billing/subscription/confirm/ "HTTP/1.1 409 Conflict"
[2026-09-08 13:28:09,663] DEBUG asyncio Using proactor: IocpProactor
[2026-09-08 13:28:09,664] INFO tria_engine Tria Engine (FastAPI) starting — env=development
[2026-09-08 13:28:09,665] INFO tria_engine UI storage table ready
[2026-09-08 13:28:09,677] INFO tria_engine Database connection OK
[2026-09-08 13:28:09,825] INFO httpx HTTP Request: POST http://testserver/api/accounts/login/ "HTTP/1.1 200 OK"
[2026-09-08 13:28:09,837] INFO httpx HTTP Request: POST http://testserver/billing/subscription/checkout/ "HTTP/1.1 404 Not Found"
[2026-09-08 13:28:36,029] DEBUG asyncio Using proactor: IocpProactor
[2026-09-08 13:28:36,034] INFO tria_engine Tria Engine (FastAPI) starting — env=development
[2026-09-08 13:28:36,060] INFO tria_engine UI storage table ready
[2026-09-08 13:28:36,072] INFO tria_engine Database connection OK
[2026-09-08 13:28:36,275] INFO httpx HTTP Request: POST http://testserver/api/accounts/login/ "HTTP/1.1 200 OK"
[2026-09-08 13:28:36,494] INFO httpx HTTP Request: POST http://testserver/api/notifications/sync "HTTP/1.1 200 OK"
[2026-09-08 13:28:36,504] INFO httpx HTTP Request: GET http://testserver/api/notifications "HTTP/1.1 200 OK"
[2026-09-08 13:28:36,510] DEBUG asyncio Using proactor: IocpProactor
[2026-09-08 13:28:36,512] INFO tria_engine Tria Engine (FastAPI) starting — env=development
[2026-09-08 13:28:36,515] INFO tria_engine UI storage table ready
[2026-09-08 13:28:36,523] INFO tria_engine Database connection OK
[2026-09-08 13:28:36,658] INFO httpx HTTP Request: POST http://testserver/api/accounts/login/ "HTTP/1.1 200 OK"
[2026-09-08 13:28:36,676] INFO httpx HTTP Request: POST http://testserver/api/notifications/sync "HTTP/1.1 200 OK"
[2026-09-08 13:28:36,685] INFO httpx HTTP Request: POST http://testserver/api/notifications/sync "HTTP/1.1 200 OK"
[2026-09-08 13:28:36,692] INFO httpx HTTP Request: GET http://testserver/api/notifications "HTTP/1.1 200 OK"
[2026-09-08 13:28:36,920] DEBUG asyncio Using proactor: IocpProactor
[2026-09-08 13:28:36,922] INFO tria_engine Tria Engine (FastAPI) starting — env=development
[2026-09-08 13:28:36,923] INFO tria_engine UI storage table ready
[2026-09-08 13:28:36,933] INFO tria_engine Database connection OK
[2026-09-08 13:28:37,078] INFO httpx HTTP Request: POST http://testserver/api/accounts/login/ "HTTP/1.1 200 OK"
[2026-09-08 13:28:37,226] INFO httpx HTTP Request: POST http://testserver/api/notifications/sync "HTTP/1.1 200 OK"
[2026-09-08 13:28:37,370] INFO httpx HTTP Request: POST http://testserver/api/accounts/login/ "HTTP/1.1 200 OK"
[2026-09-08 13:28:37,377] INFO httpx HTTP Request: GET http://testserver/api/notifications "HTTP/1.1 200 OK"
[2026-09-08 13:28:37,387] INFO httpx HTTP Request: POST http://testserver/api/notifications/1/read "HTTP/1.1 404 Not Found"
[2026-09-08 13:28:37,391] DEBUG asyncio Using proactor: IocpProactor
[2026-09-08 13:28:37,393] INFO tria_engine Tria Engine (FastAPI) starting — env=development
[2026-09-08 13:28:37,394] INFO tria_engine UI storage table ready
[2026-09-08 13:28:37,404] INFO tria_engine Database connection OK
[2026-09-08 13:28:37,536] INFO httpx HTTP Request: POST http://testserver/api/accounts/login/ "HTTP/1.1 200 OK"
[2026-09-08 13:28:37,555] INFO httpx HTTP Request: POST http://testserver/api/notifications/sync "HTTP/1.1 200 OK"
[2026-09-08 13:28:37,564] INFO httpx HTTP Request: GET http://testserver/api/notifications "HTTP/1.1 200 OK"
[2026-09-08 13:28:37,581] INFO httpx HTTP Request: POST http://testserver/api/notifications/1/read "HTTP/1.1 200 OK"
[2026-09-08 13:28:37,589] INFO httpx HTTP Request: GET http://testserver/api/notifications "HTTP/1.1 200 OK"
[2026-09-08 13:28:37,605] INFO httpx HTTP Request: POST http://testserver/api/notifications/1/read "HTTP/1.1 200 OK"
[2026-09-08 13:28:37,612] INFO httpx HTTP Request: GET http://testserver/api/notifications "HTTP/1.1 200 OK"
[2026-09-08 13:28:37,619] DEBUG asyncio Using proactor: IocpProactor
[2026-09-08 13:28:37,621] INFO tria_engine Tria Engine (FastAPI) starting — env=development
[2026-09-08 13:28:37,623] INFO tria_engine UI storage table ready
[2026-09-08 13:28:37,633] INFO tria_engine Database connection OK
[2026-09-08 13:28:37,758] INFO httpx HTTP Request: POST http://testserver/api/accounts/login/ "HTTP/1.1 200 OK"
[2026-09-08 13:28:37,765] INFO httpx HTTP Request: POST http://testserver/api/notifications/sync "HTTP/1.1 400 Bad Request"
[2026-09-08 13:28:37,778] INFO httpx HTTP Request: POST http://testserver/api/notifications/sync "HTTP/1.1 200 OK"
[2026-09-08 13:28:48,710] DEBUG asyncio Using proactor: IocpProactor
[2026-09-08 13:28:48,715] INFO tria_engine Tria Engine (FastAPI) starting — env=development
[2026-09-08 13:28:48,746] INFO tria_engine UI storage table ready
[2026-09-08 13:28:48,759] INFO tria_engine Database connection OK
[2026-09-08 13:28:48,987] INFO httpx HTTP Request: POST http://testserver/api/accounts/login/ "HTTP/1.1 200 OK"
[2026-09-08 13:28:49,204] INFO httpx HTTP Request: POST http://testserver/api/notifications/sync "HTTP/1.1 200 OK"
[2026-09-08 13:28:49,213] INFO httpx HTTP Request: POST http://testserver/api/notifications/sync "HTTP/1.1 200 OK"
[2026-09-08 13:28:49,222] INFO httpx HTTP Request: GET http://testserver/api/notifications "HTTP/1.1 200 OK"
[2026-09-08 13:28:49,239] INFO httpx HTTP Request: POST http://testserver/api/notifications/sync "HTTP/1.1 200 OK"
[2026-09-08 13:28:49,249] INFO httpx HTTP Request: GET http://testserver/api/notifications "HTTP/1.1 200 OK"
[2026-09-08 13:29:00,034] DEBUG asyncio Using proactor: IocpProactor
[2026-09-08 13:29:00,038] INFO tria_engine Tria Engine (FastAPI) starting — env=development
[2026-09-08 13:29:00,062] INFO tria_engine UI storage table ready
[2026-09-08 13:29:00,080] INFO tria_engine Database connection OK
[2026-09-08 13:29:00,336] INFO httpx HTTP Request: POST http://testserver/api/accounts/login/ "HTTP/1.1 200 OK"
[2026-09-08 13:29:00,586] INFO httpx HTTP Request: POST http://testserver/api/notifications/sync "HTTP/1.1 200 OK"
[2026-09-08 13:29:00,597] INFO httpx HTTP Request: POST http://testserver/api/notifications/sync "HTTP/1.1 200 OK"
[2026-09-08 13:29:00,605] INFO httpx HTTP Request: GET http://testserver/api/notifications "HTTP/1.1 200 OK"
[2026-09-08 13:29:00,620] INFO httpx HTTP Request: POST http://testserver/api/notifications/sync "HTTP/1.1 200 OK"
[2026-09-08 13:29:00,629] INFO httpx HTTP Request: GET http://testserver/api/notifications "HTTP/1.1 200 OK"
[2026-09-08 13:29:14,280] DEBUG asyncio Using proactor: IocpProactor
[2026-09-08 13:29:14,283] INFO tria_engine Tria Engine (FastAPI) starting — env=development
[2026-09-08 13:29:14,313] INFO tria_engine UI storage table ready
[2026-09-08 13:29:14,327] INFO tria_engine Database connection OK
[2026-09-08 13:29:14,560] INFO httpx HTTP Request: POST http://testserver/api/accounts/login/ "HTTP/1.1 200 OK"
[2026-09-08 13:29:14,773] INFO httpx HTTP Request: POST http://testserver/api/notifications/sync "HTTP/1.1 200 OK"
[2026-09-08 13:29:14,782] INFO httpx HTTP Request: GET http://testserver/api/notifications "HTTP/1.1 200 OK"
[2026-09-08 13:29:14,788] DEBUG asyncio Using proactor: IocpProactor
[2026-09-08 13:29:14,791] INFO tria_engine Tria Engine (FastAPI) starting — env=development
[2026-09-08 13:29:14,792] INFO tria_engine UI storage table ready
[2026-09-08 13:29:14,800] INFO tria_engine Database connection OK
[2026-09-08 13:29:14,947] INFO httpx HTTP Request: POST http://testserver/api/accounts/login/ "HTTP/1.1 200 OK"
[2026-09-08 13:29:14,962] INFO httpx HTTP Request: POST http://testserver/api/notifications/sync "HTTP/1.1 200 OK"
[2026-09-08 13:29:14,969] INFO httpx HTTP Request: POST http://testserver/api/notifications/sync "HTTP/1.1 200 OK"
[2026-09-08 13:29:14,978] INFO httpx HTTP Request: GET http://testserver/api/notifications "HTTP/1.1 200 OK"
[2026-09-08 13:29:15,202] DEBUG asyncio Using proactor: IocpProactor
[2026-09-08 13:29:15,205] INFO tria_engine Tria Engine (FastAPI) starting — env=development
[2026-09-08 13:29:15,207] INFO tria_engine UI storage table ready
[2026-09-08 13:29:15,214] INFO tria_engine Database connection OK
[2026-09-08 13:29:15,360] INFO httpx HTTP Request: POST http://testserver/api/accounts/login/ "HTTP/1.1 200 OK"
[2026-09-08 13:29:15,489] INFO httpx HTTP Request: POST http://testserver/api/notifications/sync "HTTP/1.1 200 OK"
[2026-09-08 13:29:15,616] INFO httpx HTTP Request: POST http://testserver/api/accounts/login/ "HTTP/1.1 200 OK"
[2026-09-08 13:29:15,625] INFO httpx HTTP Request: GET http://testserver/api/notifications "HTTP/1.1 200 OK"
[2026-09-08 13:29:15,633] INFO httpx HTTP Request: POST http://testserver/api/notifications/1/read "HTTP/1.1 404 Not Found"
[2026-09-08 13:29:15,638] DEBUG asyncio Using proactor: IocpProactor
[2026-09-08 13:29:15,640] INFO tria_engine Tria Engine (FastAPI) starting — env=development
[2026-09-08 13:29:15,641] INFO tria_engine UI storage table ready
[2026-09-08 13:29:15,648] INFO tria_engine Database connection OK
[2026-09-08 13:29:15,784] INFO httpx HTTP Request: POST http://testserver/api/accounts/login/ "HTTP/1.1 200 OK"
[2026-09-08 13:29:15,814] INFO httpx HTTP Request: POST http://testserver/api/notifications/sync "HTTP/1.1 200 OK"
[2026-09-08 13:29:15,841] INFO httpx HTTP Request: GET http://testserver/api/notifications "HTTP/1.1 200 OK"
[2026-09-08 13:29:15,866] INFO httpx HTTP Request: POST http://testserver/api/notifications/1/read "HTTP/1.1 200 OK"
[2026-09-08 13:29:15,876] INFO httpx HTTP Request: GET http://testserver/api/notifications "HTTP/1.1 200 OK"
[2026-09-08 13:29:15,892] INFO httpx HTTP Request: POST http://testserver/api/notifications/1/read "HTTP/1.1 200 OK"
[2026-09-08 13:29:15,902] INFO httpx HTTP Request: GET http://testserver/api/notifications "HTTP/1.1 200 OK"
[2026-09-08 13:29:15,909] DEBUG asyncio Using proactor: IocpProactor
[2026-09-08 13:29:15,911] INFO tria_engine Tria Engine (FastAPI) starting — env=development
[2026-09-08 13:29:15,912] INFO tria_engine UI storage table ready
[2026-09-08 13:29:15,919] INFO tria_engine Database connection OK
[2026-09-08 13:29:16,057] INFO httpx HTTP Request: POST http://testserver/api/accounts/login/ "HTTP/1.1 200 OK"
[2026-09-08 13:29:16,062] INFO httpx HTTP Request: POST http://testserver/api/notifications/sync "HTTP/1.1 400 Bad Request"
[2026-09-08 13:29:16,076] INFO httpx HTTP Request: POST http://testserver/api/notifications/sync "HTTP/1.1 200 OK"
[2026-09-08 13:29:46,221] DEBUG asyncio Using proactor: IocpProactor
[2026-09-08 13:29:46,224] INFO tria_engine Tria Engine (FastAPI) starting — env=development
[2026-09-08 13:29:46,258] INFO tria_engine UI storage table ready
[2026-09-08 13:29:46,273] INFO tria_engine Database connection OK
[2026-09-08 13:29:46,480] INFO httpx HTTP Request: POST http://testserver/api/accounts/login/ "HTTP/1.1 200 OK"
[2026-09-08 13:29:46,702] INFO httpx HTTP Request: POST http://testserver/api/notifications/sync "HTTP/1.1 200 OK"
[2026-09-08 13:29:46,710] INFO httpx HTTP Request: GET http://testserver/api/notifications "HTTP/1.1 200 OK"
[2026-09-08 13:29:46,727] DEBUG asyncio Using proactor: IocpProactor
[2026-09-08 13:29:46,731] INFO tria_engine Tria Engine (FastAPI) starting — env=development
[2026-09-08 13:29:46,733] INFO tria_engine UI storage table ready
[2026-09-08 13:29:46,740] INFO tria_engine Database connection OK
[2026-09-08 13:29:46,881] INFO httpx HTTP Request: POST http://testserver/api/accounts/login/ "HTTP/1.1 200 OK"
[2026-09-08 13:29:46,900] INFO httpx HTTP Request: POST http://testserver/api/notifications/sync "HTTP/1.1 200 OK"
[2026-09-08 13:29:46,907] INFO httpx HTTP Request: POST http://testserver/api/notifications/sync "HTTP/1.1 200 OK"
[2026-09-08 13:29:46,916] INFO httpx HTTP Request: GET http://testserver/api/notifications "HTTP/1.1 200 OK"
[2026-09-08 13:29:46,929] INFO httpx HTTP Request: POST http://testserver/api/notifications/sync "HTTP/1.1 200 OK"
[2026-09-08 13:29:46,937] INFO httpx HTTP Request: GET http://testserver/api/notifications "HTTP/1.1 200 OK"
[2026-09-08 13:29:46,954] DEBUG asyncio Using proactor: IocpProactor
[2026-09-08 13:29:46,957] INFO tria_engine Tria Engine (FastAPI) starting — env=development
[2026-09-08 13:29:46,958] INFO tria_engine UI storage table ready
[2026-09-08 13:29:46,970] INFO tria_engine Database connection OK
[2026-09-08 13:29:47,099] INFO httpx HTTP Request: POST http://testserver/api/accounts/login/ "HTTP/1.1 200 OK"
[2026-09-08 13:29:47,223] INFO httpx HTTP Request: POST http://testserver/api/notifications/sync "HTTP/1.1 200 OK"
[2026-09-08 13:29:47,369] INFO httpx HTTP Request: POST http://testserver/api/accounts/login/ "HTTP/1.1 200 OK"
[2026-09-08 13:29:47,375] INFO httpx HTTP Request: GET http://testserver/api/notifications "HTTP/1.1 200 OK"
[2026-09-08 13:29:47,385] INFO httpx HTTP Request: POST http://testserver/api/notifications/1/read "HTTP/1.1 404 Not Found"
[2026-09-08 13:29:47,395] DEBUG asyncio Using proactor: IocpProactor
[2026-09-08 13:29:47,399] INFO tria_engine Tria Engine (FastAPI) starting — env=development
[2026-09-08 13:29:47,400] INFO tria_engine UI storage table ready
[2026-09-08 13:29:47,407] INFO tria_engine Database connection OK
[2026-09-08 13:29:47,542] INFO httpx HTTP Request: POST http://testserver/api/accounts/login/ "HTTP/1.1 200 OK"
[2026-09-08 13:29:47,560] INFO httpx HTTP Request: POST http://testserver/api/notifications/sync "HTTP/1.1 200 OK"
[2026-09-08 13:29:47,570] INFO httpx HTTP Request: GET http://testserver/api/notifications "HTTP/1.1 200 OK"
[2026-09-08 13:29:47,589] INFO httpx HTTP Request: POST http://testserver/api/notifications/1/read "HTTP/1.1 200 OK"
[2026-09-08 13:29:47,600] INFO httpx HTTP Request: GET http://testserver/api/notifications "HTTP/1.1 200 OK"
[2026-09-08 13:29:47,614] INFO httpx HTTP Request: POST http://testserver/api/notifications/1/read "HTTP/1.1 200 OK"
[2026-09-08 13:29:47,621] INFO httpx HTTP Request: GET http://testserver/api/notifications "HTTP/1.1 200 OK"
[2026-09-08 13:29:47,633] DEBUG asyncio Using proactor: IocpProactor
[2026-09-08 13:29:47,635] INFO tria_engine Tria Engine (FastAPI) starting — env=development
[2026-09-08 13:29:47,636] INFO tria_engine UI storage table ready
[2026-09-08 13:29:47,643] INFO tria_engine Database connection OK
[2026-09-08 13:29:47,786] INFO httpx HTTP Request: POST http://testserver/api/accounts/login/ "HTTP/1.1 200 OK"
[2026-09-08 13:29:47,791] INFO httpx HTTP Request: POST http://testserver/api/notifications/sync "HTTP/1.1 400 Bad Request"
[2026-09-08 13:29:47,806] INFO httpx HTTP Request: POST http://testserver/api/notifications/sync "HTTP/1.1 200 OK"
[2026-09-08 13:30:47,188] DEBUG asyncio Using proactor: IocpProactor
[2026-09-08 13:30:47,191] INFO tria_engine Tria Engine (FastAPI) starting — env=development
[2026-09-08 13:30:47,228] INFO tria_engine UI storage table ready
[2026-09-08 13:30:47,242] INFO tria_engine Database connection OK
[2026-09-08 13:30:47,436] INFO audit {'event': 'user_registered', 'status': 'success', 'user_id': 2, 'user_email': 'u1788854447244@example.com', 'patient_id': None, 'patient_code': None, 'ip': 'testclient', 'path': '/api/accounts/register/', 'method': 'POST', 'details': {}}
[2026-09-08 13:30:47,437] INFO httpx HTTP Request: POST http://testserver/api/accounts/register/ "HTTP/1.1 201 Created"
[2026-09-08 13:30:47,579] INFO httpx HTTP Request: POST http://testserver/api/accounts/login/ "HTTP/1.1 200 OK"
[2026-09-08 13:30:47,612] INFO httpx HTTP Request: GET http://testserver/api/accounts/check-session/?username=u1788854447244 "HTTP/1.1 200 OK"
[2026-09-08 13:30:47,646] INFO httpx HTTP Request: GET http://testserver/api/accounts/users/?page_number=1&page_size=10 "HTTP/1.1 200 OK"
[2026-09-08 13:30:47,669] INFO httpx HTTP Request: POST http://testserver/api/accounts/logout/ "HTTP/1.1 200 OK"
[2026-09-08 13:30:47,673] DEBUG asyncio Using proactor: IocpProactor
[2026-09-08 13:30:47,675] INFO tria_engine Tria Engine (FastAPI) starting — env=development
[2026-09-08 13:30:47,676] INFO tria_engine UI storage table ready
[2026-09-08 13:30:47,686] INFO tria_engine Database connection OK
[2026-09-08 13:30:47,691] INFO audit {'event': 'login_failed', 'status': 'failed', 'user_id': None, 'user_email': None, 'patient_id': None, 'patient_code': None, 'ip': 'testclient', 'path': '/api/accounts/login/', 'method': 'POST', 'details': {'email': 'nobody@example.com'}}
[2026-09-08 13:30:47,699] INFO httpx HTTP Request: POST http://testserver/api/accounts/login/ "HTTP/1.1 401 Unauthorized"
[2026-09-08 13:30:47,704] DEBUG asyncio Using proactor: IocpProactor
[2026-09-08 13:30:47,706] INFO tria_engine Tria Engine (FastAPI) starting — env=development
[2026-09-08 13:30:47,707] INFO tria_engine UI storage table ready
[2026-09-08 13:30:47,716] INFO tria_engine Database connection OK
[2026-09-08 13:30:47,722] INFO httpx HTTP Request: POST http://testserver/api/accounts/login/ "HTTP/1.1 400 Bad Request"
[2026-09-08 13:30:47,726] DEBUG asyncio Using proactor: IocpProactor
[2026-09-08 13:30:47,728] INFO tria_engine Tria Engine (FastAPI) starting — env=development
[2026-09-08 13:30:47,729] INFO tria_engine UI storage table ready
[2026-09-08 13:30:47,739] INFO tria_engine Database connection OK
[2026-09-08 13:30:47,866] INFO audit {'event': 'user_registered', 'status': 'success', 'user_id': 3, 'user_email': 'u1788854447740@example.com', 'patient_id': None, 'patient_code': None, 'ip': 'testclient', 'path': '/api/accounts/register/', 'method': 'POST', 'details': {}}
[2026-09-08 13:30:47,868] INFO httpx HTTP Request: POST http://testserver/api/accounts/register/ "HTTP/1.1 201 Created"
[2026-09-08 13:30:47,875] INFO httpx HTTP Request: POST http://testserver/api/accounts/register/ "HTTP/1.1 409 Conflict"
[2026-09-08 13:30:47,882] DEBUG asyncio Using proactor: IocpProactor
[2026-09-08 13:30:47,886] INFO tria_engine Tria Engine (FastAPI) starting — env=development
[2026-09-08 13:30:47,887] INFO tria_engine UI storage table ready
[2026-09-08 13:30:47,896] INFO tria_engine Database connection OK
[2026-09-08 13:30:47,902] INFO httpx HTTP Request: GET http://testserver/api/accounts/users/ "HTTP/1.1 401 Unauthorized"
[2026-09-08 13:30:47,906] DEBUG asyncio Using proactor: IocpProactor
[2026-09-08 13:30:47,908] INFO tria_engine Tria Engine (FastAPI) starting — env=development
[2026-09-08 13:30:47,909] INFO tria_engine UI storage table ready
[2026-09-08 13:30:47,919] INFO tria_engine Database connection OK
[2026-09-08 13:30:48,045] INFO audit {'event': 'user_registered', 'status': 'success', 'user_id': 4, 'user_email': 'u1788854447920@example.com', 'patient_id': None, 'patient_code': None, 'ip': 'testclient', 'path': '/api/accounts/register/', 'method': 'POST', 'details': {}}
[2026-09-08 13:30:48,046] INFO httpx HTTP Request: POST http://testserver/api/accounts/register/ "HTTP/1.1 201 Created"
[2026-09-08 13:30:48,173] INFO httpx HTTP Request: POST http://testserver/api/accounts/login/ "HTTP/1.1 200 OK"
[2026-09-08 13:30:48,192] INFO audit {'event': 'document_uploaded', 'status': 'success', 'user_id': 4, 'user_email': 'u1788854447920@example.com', 'patient_id': None, 'patient_code': None, 'ip': 'testclient', 'path': '/api/accounts/documents/upload/', 'method': 'POST', 'details': {'user_id': 4, 'document_number': 1, 'file_name': 'notes.txt'}}
[2026-09-08 13:30:48,206] INFO httpx HTTP Request: POST http://testserver/api/accounts/documents/upload/ "HTTP/1.1 201 Created"
[2026-09-08 13:30:48,224] INFO httpx HTTP Request: GET http://testserver/api/accounts/documents/?page_size=10 "HTTP/1.1 200 OK"
[2026-09-08 13:30:48,237] INFO httpx HTTP Request: GET http://testserver/api/accounts/documents/download/?document_number=1 "HTTP/1.1 200 OK"
[2026-09-08 13:30:48,259] INFO audit {'event': 'document_deleted', 'status': 'success', 'user_id': 4, 'user_email': 'u1788854447920@example.com', 'patient_id': None, 'patient_code': None, 'ip': 'testclient', 'path': '/api/accounts/documents/delete/', 'method': 'DELETE', 'details': {'user_id': 4, 'document_number': 1, 'file_name': 'notes.txt'}}
[2026-09-08 13:30:48,268] INFO httpx HTTP Request: DELETE http://testserver/api/accounts/documents/delete/?user_id=4&document_number=1 "HTTP/1.1 200 OK"
[2026-09-08 13:30:48,272] DEBUG asyncio Using proactor: IocpProactor
[2026-09-08 13:30:48,274] INFO tria_engine Tria Engine (FastAPI) starting — env=development
[2026-09-08 13:30:48,275] INFO tria_engine UI storage table ready
[2026-09-08 13:30:48,285] INFO tria_engine Database connection OK
[2026-09-08 13:30:48,401] INFO audit {'event': 'user_registered', 'status': 'success', 'user_id': 5, 'user_email': 'u1788854448286@example.com', 'patient_id': None, 'patient_code': None, 'ip': 'testclient', 'path': '/api/accounts/register/', 'method': 'POST', 'details': {}}
[2026-09-08 13:30:48,402] INFO httpx HTTP Request: POST http://testserver/api/accounts/register/ "HTTP/1.1 201 Created"
[2026-09-08 13:30:48,532] INFO httpx HTTP Request: POST http://testserver/api/accounts/login/ "HTTP/1.1 200 OK"
[2026-09-08 13:30:48,538] INFO httpx HTTP Request: POST http://testserver/api/accounts/documents/upload/ "HTTP/1.1 400 Bad Request"
[2026-09-08 13:30:48,542] DEBUG asyncio Using proactor: IocpProactor
[2026-09-08 13:30:48,544] INFO tria_engine Tria Engine (FastAPI) starting — env=development
[2026-09-08 13:30:48,545] INFO tria_engine UI storage table ready
[2026-09-08 13:30:48,554] INFO tria_engine Database connection OK
[2026-09-08 13:30:48,678] INFO audit {'event': 'user_registered', 'status': 'success', 'user_id': 6, 'user_email': 'u1788854448556@example.com', 'patient_id': None, 'patient_code': None, 'ip': 'testclient', 'path': '/api/accounts/register/', 'method': 'POST', 'details': {}}
[2026-09-08 13:30:48,680] INFO httpx HTTP Request: POST http://testserver/api/accounts/register/ "HTTP/1.1 201 Created"
[2026-09-08 13:30:48,804] INFO httpx HTTP Request: POST http://testserver/api/accounts/login/ "HTTP/1.1 200 OK"
[2026-09-08 13:30:48,810] INFO httpx HTTP Request: POST http://testserver/api/accounts/documents/upload/ "HTTP/1.1 400 Bad Request"
[2026-09-08 13:30:48,814] DEBUG asyncio Using proactor: IocpProactor
[2026-09-08 13:30:48,818] INFO tria_engine Tria Engine (FastAPI) starting — env=development
[2026-09-08 13:30:48,819] INFO tria_engine UI storage table ready
[2026-09-08 13:30:48,826] INFO tria_engine Database connection OK
[2026-09-08 13:30:48,970] INFO httpx HTTP Request: POST http://testserver/api/accounts/login/ "HTTP/1.1 200 OK"
[2026-09-08 13:30:48,978] INFO httpx HTTP Request: GET http://testserver/api/accounts/users/?page_number=not-a-number "HTTP/1.1 400 Bad Request"
[2026-09-08 13:30:48,987] DEBUG asyncio Using proactor: IocpProactor
[2026-09-08 13:30:48,990] INFO tria_engine Tria Engine (FastAPI) starting — env=development
[2026-09-08 13:30:48,991] INFO tria_engine UI storage table ready
[2026-09-08 13:30:49,008] INFO tria_engine Database connection OK
[2026-09-08 13:30:49,127] INFO audit {'event': 'user_registered', 'status': 'success', 'user_id': 7, 'user_email': 'u1788854449010@example.com', 'patient_id': None, 'patient_code': None, 'ip': 'testclient', 'path': '/api/accounts/register/', 'method': 'POST', 'details': {}}
[2026-09-08 13:30:49,129] INFO httpx HTTP Request: POST http://testserver/api/accounts/register/ "HTTP/1.1 201 Created"
[2026-09-08 13:30:49,266] INFO httpx HTTP Request: POST http://testserver/api/accounts/login/ "HTTP/1.1 200 OK"
[2026-09-08 13:30:49,281] INFO audit {'event': 'profile_photo_uploaded', 'status': 'success', 'user_id': 7, 'user_email': 'u1788854449010@example.com', 'patient_id': None, 'patient_code': None, 'ip': 'testclient', 'path': '/api/accounts/profile-photo/upload/', 'method': 'POST', 'details': {'file_name': 'p.png'}}
[2026-09-08 13:30:49,290] INFO httpx HTTP Request: POST http://testserver/api/accounts/profile-photo/upload/ "HTTP/1.1 200 OK"
[2026-09-08 13:30:49,295] INFO audit {'event': 'profile_photo_viewed', 'status': 'success', 'user_id': 7, 'user_email': 'u1788854449010@example.com', 'patient_id': None, 'patient_code': None, 'ip': 'testclient', 'path': '/api/accounts/profile-photo/view/', 'method': 'GET', 'details': {}}
[2026-09-08 13:30:49,304] INFO httpx HTTP Request: GET http://testserver/api/accounts/profile-photo/view/ "HTTP/1.1 200 OK"
[2026-09-08 13:30:49,323] INFO audit {'event': 'profile_photo_deleted', 'status': 'success', 'user_id': 7, 'user_email': 'u1788854449010@example.com', 'patient_id': None, 'patient_code': None, 'ip': 'testclient', 'path': '/api/accounts/profile-photo/delete/', 'method': 'DELETE', 'details': {'file_name': 'profile_photos/user_7/39c004435d0d452fba364870e47a96fa.png'}}
[2026-09-08 13:30:49,338] INFO httpx HTTP Request: DELETE http://testserver/api/accounts/profile-photo/delete/ "HTTP/1.1 200 OK"
[2026-09-08 13:30:49,345] DEBUG asyncio Using proactor: IocpProactor
[2026-09-08 13:30:49,350] INFO tria_engine Tria Engine (FastAPI) starting — env=development
[2026-09-08 13:30:49,352] INFO tria_engine UI storage table ready
[2026-09-08 13:30:49,367] INFO tria_engine Database connection OK
[2026-09-08 13:30:49,492] INFO audit {'event': 'user_registered', 'status': 'success', 'user_id': 8, 'user_email': 'u1788854449369@example.com', 'patient_id': None, 'patient_code': None, 'ip': 'testclient', 'path': '/api/accounts/register/', 'method': 'POST', 'details': {}}
[2026-09-08 13:30:49,493] INFO httpx HTTP Request: POST http://testserver/api/accounts/register/ "HTTP/1.1 201 Created"
[2026-09-08 13:30:49,628] INFO httpx HTTP Request: POST http://testserver/api/accounts/login/ "HTTP/1.1 200 OK"
[2026-09-08 13:30:49,660] INFO audit {'event': 'form_uploaded', 'status': 'success', 'user_id': 8, 'user_email': 'u1788854449369@example.com', 'patient_id': None, 'patient_code': None, 'ip': None, 'path': None, 'method': None, 'details': {'user_id': 8, 'form_type': 'IMAGE', 'file': 'scan.png'}}
[2026-09-08 13:30:49,671] INFO httpx HTTP Request: POST http://testserver/api/accounts/upload-form/ "HTTP/1.1 201 Created"
[2026-09-08 13:30:49,677] INFO audit {'event': 'form_viewed', 'status': 'success', 'user_id': 8, 'user_email': 'u1788854449369@example.com', 'patient_id': None, 'patient_code': None, 'ip': 'testclient', 'path': '/api/accounts/upload-form/view/', 'method': 'GET', 'details': {'form_id': 1, 'form_type': 'IMAGE', 'file_name': 'scan.png'}}
[2026-09-08 13:30:49,685] INFO httpx HTTP Request: GET http://testserver/api/accounts/upload-form/view/?form_id=1 "HTTP/1.1 200 OK"
[2026-09-08 13:30:49,707] INFO audit {'event': 'form_deleted', 'status': 'success', 'user_id': 8, 'user_email': 'u1788854449369@example.com', 'patient_id': None, 'patient_code': None, 'ip': 'testclient', 'path': '/api/accounts/upload-form/delete/', 'method': 'DELETE', 'details': {'user_id': 8, 'form_id': 1, 'form_type': 'IMAGE', 'file_name': 'scan.png'}}
[2026-09-08 13:30:49,722] INFO httpx HTTP Request: DELETE http://testserver/api/accounts/upload-form/delete/ "HTTP/1.1 200 OK"
[2026-09-08 13:30:49,732] DEBUG asyncio Using proactor: IocpProactor
[2026-09-08 13:30:49,736] INFO tria_engine Tria Engine (FastAPI) starting — env=development
[2026-09-08 13:30:49,738] INFO tria_engine UI storage table ready
[2026-09-08 13:30:49,747] INFO tria_engine Database connection OK
[2026-09-08 13:30:49,886] INFO audit {'event': 'user_registered', 'status': 'success', 'user_id': 9, 'user_email': 'u1788854449750@example.com', 'patient_id': None, 'patient_code': None, 'ip': 'testclient', 'path': '/api/accounts/register/', 'method': 'POST', 'details': {}}
[2026-09-08 13:30:49,890] INFO httpx HTTP Request: POST http://testserver/api/accounts/register/ "HTTP/1.1 201 Created"
[2026-09-08 13:30:50,022] INFO httpx HTTP Request: POST http://testserver/api/accounts/login/ "HTTP/1.1 200 OK"
[2026-09-08 13:30:50,233] INFO audit {'event': 'change_password_success', 'status': 'success', 'user_id': 9, 'user_email': 'u1788854449750@example.com', 'patient_id': None, 'patient_code': None, 'ip': 'testclient', 'path': '/api/accounts/change-password/', 'method': 'POST', 'details': {}}
[2026-09-08 13:30:50,240] INFO httpx HTTP Request: POST http://testserver/api/accounts/change-password/ "HTTP/1.1 200 OK"
[2026-09-08 13:30:50,259] INFO httpx HTTP Request: POST http://testserver/api/accounts/logout/ "HTTP/1.1 200 OK"
[2026-09-08 13:30:50,406] INFO audit {'event': 'otp_generated', 'status': 'success', 'user_id': 9, 'user_email': 'u1788854449750@example.com', 'patient_id': None, 'patient_code': None, 'ip': 'testclient', 'path': '/api/accounts/login-mfa/', 'method': 'POST', 'details': {'expires_at': '2026-09-08 08:10:50.388807'}}
[2026-09-08 13:30:50,435] INFO httpx HTTP Request: POST http://testserver/api/accounts/login-mfa/ "HTTP/1.1 200 OK"
[2026-09-08 13:30:50,457] INFO audit {'event': 'otp_verified', 'status': 'success', 'user_id': 9, 'user_email': 'u1788854449750@example.com', 'patient_id': None, 'patient_code': None, 'ip': 'testclient', 'path': '/api/accounts/verify-otp/', 'method': 'POST', 'details': {}}
[2026-09-08 13:30:50,500] INFO httpx HTTP Request: POST http://testserver/api/accounts/verify-otp/ "HTTP/1.1 200 OK"
[2026-09-08 13:30:50,523] INFO audit {'event': 'password_reset_otp_generated', 'status': 'success', 'user_id': 9, 'user_email': 'u1788854449750@example.com', 'patient_id': None, 'patient_code': None, 'ip': 'testclient', 'path': '/api/accounts/forgot-password/', 'method': 'POST', 'details': {}}
[2026-09-08 13:30:50,536] INFO httpx HTTP Request: POST http://testserver/api/accounts/forgot-password/ "HTTP/1.1 200 OK"
[2026-09-08 13:30:50,672] INFO audit {'event': 'password_reset_success', 'status': 'success', 'user_id': 9, 'user_email': 'u1788854449750@example.com', 'patient_id': None, 'patient_code': None, 'ip': 'testclient', 'path': '/api/accounts/reset-password/', 'method': 'POST', 'details': {}}
[2026-09-08 13:30:50,679] INFO httpx HTTP Request: POST http://testserver/api/accounts/reset-password/ "HTTP/1.1 200 OK"
[2026-09-08 13:30:50,685] DEBUG asyncio Using proactor: IocpProactor
[2026-09-08 13:30:50,687] INFO tria_engine Tria Engine (FastAPI) starting — env=development
[2026-09-08 13:30:50,688] INFO tria_engine UI storage table ready
[2026-09-08 13:30:50,696] INFO tria_engine Database connection OK
[2026-09-08 13:30:50,816] INFO audit {'event': 'user_registered', 'status': 'success', 'user_id': 10, 'user_email': 'u1788854450698@example.com', 'patient_id': None, 'patient_code': None, 'ip': 'testclient', 'path': '/api/accounts/register/', 'method': 'POST', 'details': {}}
[2026-09-08 13:30:50,818] INFO httpx HTTP Request: POST http://testserver/api/accounts/register/ "HTTP/1.1 201 Created"
[2026-09-08 13:30:50,937] INFO httpx HTTP Request: POST http://testserver/api/accounts/login/ "HTTP/1.1 200 OK"
[2026-09-08 13:30:50,942] INFO audit {'event': 'integrity_check_completed', 'status': 'success', 'user_id': 10, 'user_email': 'u1788854450698@example.com', 'patient_id': None, 'patient_code': None, 'ip': 'testclient', 'path': '/api/accounts/integrity-check/', 'method': 'POST', 'details': {}}
[2026-09-08 13:30:50,950] INFO httpx HTTP Request: POST http://testserver/api/accounts/integrity-check/ "HTTP/1.1 200 OK"
[2026-09-08 13:30:50,954] DEBUG asyncio Using proactor: IocpProactor
[2026-09-08 13:30:50,955] INFO tria_engine Tria Engine (FastAPI) starting — env=development
[2026-09-08 13:30:50,956] INFO tria_engine UI storage table ready
[2026-09-08 13:30:50,965] INFO tria_engine Database connection OK
[2026-09-08 13:30:51,138] INFO httpx HTTP Request: POST http://testserver/api/accounts/login/ "HTTP/1.1 200 OK"
[2026-09-08 13:30:51,208] INFO httpx HTTP Request: GET http://testserver/api/accounts/audit-logs/?page_number=1&page_size=10 "HTTP/1.1 200 OK"
[2026-09-08 13:30:51,225] DEBUG asyncio Using proactor: IocpProactor
[2026-09-08 13:30:51,234] INFO tria_engine Tria Engine (FastAPI) starting — env=development
[2026-09-08 13:30:51,238] INFO tria_engine UI storage table ready
[2026-09-08 13:30:51,266] INFO tria_engine Database connection OK
[2026-09-08 13:30:51,271] INFO httpx HTTP Request: GET http://testserver/swagger/ "HTTP/1.1 307 Temporary Redirect"
[2026-09-08 13:30:51,277] DEBUG asyncio Using proactor: IocpProactor
[2026-09-08 13:30:51,279] INFO tria_engine Tria Engine (FastAPI) starting — env=development
[2026-09-08 13:30:51,282] INFO tria_engine UI storage table ready
[2026-09-08 13:30:51,292] INFO tria_engine Database connection OK
[2026-09-08 13:30:51,420] INFO httpx HTTP Request: POST http://testserver/api/accounts/login/ "HTTP/1.1 200 OK"
[2026-09-08 13:30:51,624] INFO httpx HTTP Request: GET http://testserver/billing/plans/ "HTTP/1.1 200 OK"
[2026-09-08 13:30:51,653] INFO httpx HTTP Request: POST http://testserver/billing/plans/ "HTTP/1.1 200 OK"
[2026-09-08 13:30:51,669] INFO httpx HTTP Request: POST http://testserver/billing/plans/ "HTTP/1.1 200 OK"
[2026-09-08 13:30:51,675] INFO httpx HTTP Request: POST http://testserver/billing/plans/ "HTTP/1.1 409 Conflict"
[2026-09-08 13:30:51,706] INFO httpx HTTP Request: PUT http://testserver/billing/plans/2/ "HTTP/1.1 200 OK"
[2026-09-08 13:30:51,717] INFO httpx HTTP Request: GET http://testserver/billing/plans/ "HTTP/1.1 200 OK"
[2026-09-08 13:30:51,735] INFO httpx HTTP Request: DELETE http://testserver/billing/plans/1/ "HTTP/1.1 200 OK"
[2026-09-08 13:30:51,742] INFO httpx HTTP Request: GET http://testserver/billing/plans/ "HTTP/1.1 200 OK"
[2026-09-08 13:30:51,748] DEBUG asyncio Using proactor: IocpProactor
[2026-09-08 13:30:51,751] INFO tria_engine Tria Engine (FastAPI) starting — env=development
[2026-09-08 13:30:51,752] INFO tria_engine UI storage table ready
[2026-09-08 13:30:51,759] INFO tria_engine Database connection OK
[2026-09-08 13:30:51,893] INFO httpx HTTP Request: POST http://testserver/api/accounts/login/ "HTTP/1.1 200 OK"
[2026-09-08 13:30:51,915] INFO httpx HTTP Request: POST http://testserver/billing/plans/ "HTTP/1.1 200 OK"
[2026-09-08 13:30:51,942] INFO httpx HTTP Request: POST http://testserver/billing/subscription/assign/ "HTTP/1.1 200 OK"
[2026-09-08 13:30:51,952] INFO httpx HTTP Request: DELETE http://testserver/billing/plans/3/ "HTTP/1.1 409 Conflict"
[2026-09-08 13:30:51,956] DEBUG asyncio Using proactor: IocpProactor
[2026-09-08 13:30:51,958] INFO tria_engine Tria Engine (FastAPI) starting — env=development
[2026-09-08 13:30:51,959] INFO tria_engine UI storage table ready
[2026-09-08 13:30:51,969] INFO tria_engine Database connection OK
[2026-09-08 13:30:52,223] INFO httpx HTTP Request: POST http://testserver/api/accounts/login/ "HTTP/1.1 200 OK"
[2026-09-08 13:30:52,230] INFO httpx HTTP Request: POST http://testserver/billing/plans/ "HTTP/1.1 403 Forbidden"
[2026-09-08 13:30:52,238] INFO httpx HTTP Request: POST http://testserver/billing/subscription/assign/ "HTTP/1.1 403 Forbidden"
[2026-09-08 13:30:52,242] DEBUG asyncio Using proactor: IocpProactor
[2026-09-08 13:30:52,243] INFO tria_engine Tria Engine (FastAPI) starting — env=development
[2026-09-08 13:30:52,244] INFO tria_engine UI storage table ready
[2026-09-08 13:30:52,253] INFO tria_engine Database connection OK
[2026-09-08 13:30:52,388] INFO httpx HTTP Request: POST http://testserver/api/accounts/login/ "HTTP/1.1 200 OK"
[2026-09-08 13:30:52,411] INFO httpx HTTP Request: POST http://testserver/billing/plans/ "HTTP/1.1 200 OK"
[2026-09-08 13:30:52,422] INFO httpx HTTP Request: GET http://testserver/billing/subscription/me/ "HTTP/1.1 200 OK"
[2026-09-08 13:30:52,443] INFO httpx HTTP Request: POST http://testserver/billing/subscription/assign/ "HTTP/1.1 200 OK"
[2026-09-08 13:30:52,464] INFO httpx HTTP Request: PATCH http://testserver/billing/subscription/me/ "HTTP/1.1 200 OK"
[2026-09-08 13:30:52,470] DEBUG asyncio Using proactor: IocpProactor
[2026-09-08 13:30:52,473] INFO tria_engine Tria Engine (FastAPI) starting — env=development
[2026-09-08 13:30:52,474] INFO tria_engine UI storage table ready
[2026-09-08 13:30:52,486] INFO tria_engine Database connection OK
[2026-09-08 13:30:52,619] INFO httpx HTTP Request: POST http://testserver/api/accounts/login/ "HTTP/1.1 200 OK"
[2026-09-08 13:30:52,640] INFO httpx HTTP Request: POST http://testserver/billing/plans/ "HTTP/1.1 200 OK"
[2026-09-08 13:30:52,673] INFO httpx HTTP Request: POST http://testserver/billing/subscription/checkout/ "HTTP/1.1 200 OK"
[2026-09-08 13:30:52,697] INFO httpx HTTP Request: POST http://testserver/billing/subscription/confirm/ "HTTP/1.1 200 OK"
[2026-09-08 13:30:52,705] INFO httpx HTTP Request: POST http://testserver/billing/subscription/confirm/ "HTTP/1.1 409 Conflict"
[2026-09-08 13:30:52,709] DEBUG asyncio Using proactor: IocpProactor
[2026-09-08 13:30:52,710] INFO tria_engine Tria Engine (FastAPI) starting — env=development
[2026-09-08 13:30:52,711] INFO tria_engine UI storage table ready
[2026-09-08 13:30:52,721] INFO tria_engine Database connection OK
[2026-09-08 13:30:52,843] INFO httpx HTTP Request: POST http://testserver/api/accounts/login/ "HTTP/1.1 200 OK"
[2026-09-08 13:30:52,852] INFO httpx HTTP Request: POST http://testserver/billing/subscription/checkout/ "HTTP/1.1 404 Not Found"
[2026-09-08 13:30:52,856] DEBUG asyncio Using proactor: IocpProactor
[2026-09-08 13:30:52,858] INFO tria_engine Tria Engine (FastAPI) starting — env=development
[2026-09-08 13:30:52,859] INFO tria_engine UI storage table ready
[2026-09-08 13:30:52,868] INFO tria_engine Database connection OK
[2026-09-08 13:30:52,991] INFO httpx HTTP Request: POST http://testserver/api/accounts/login/ "HTTP/1.1 200 OK"
[2026-09-08 13:30:53,002] INFO httpx HTTP Request: POST http://testserver/api/site/amendments/ "HTTP/1.1 400 Bad Request"
[2026-09-08 13:30:53,008] INFO httpx HTTP Request: POST http://testserver/api/site/amendments/ "HTTP/1.1 400 Bad Request"
[2026-09-08 13:30:53,036] INFO httpx HTTP Request: POST http://testserver/api/site/amendments/ "HTTP/1.1 201 Created"
[2026-09-08 13:30:53,085] INFO httpx HTTP Request: GET http://testserver/api/accounts/audit-logs/?page_size=100 "HTTP/1.1 200 OK"
[2026-09-08 13:30:53,093] INFO httpx HTTP Request: POST http://testserver/api/site/amendments/AMD-MTSDR5SL/close "HTTP/1.1 400 Bad Request"
[2026-09-08 13:30:53,120] INFO httpx HTTP Request: POST http://testserver/api/site/amendments/AMD-MTSDR5SL/assess "HTTP/1.1 200 OK"
[2026-09-08 13:30:53,127] INFO httpx HTTP Request: POST http://testserver/api/site/amendments/AMD-MTSDR5SL/complete-task "HTTP/1.1 400 Bad Request"
[2026-09-08 13:30:53,160] INFO httpx HTTP Request: POST http://testserver/api/site/amendments/AMD-MTSDR5SL/publish "HTTP/1.1 200 OK"
[2026-09-08 13:30:53,185] INFO httpx HTTP Request: POST http://testserver/api/site/amendments/AMD-MTSDR5SL/complete-task "HTTP/1.1 200 OK"
[2026-09-08 13:30:53,211] INFO httpx HTTP Request: POST http://testserver/api/site/amendments/AMD-MTSDR5SL/sites/SITE-01/compliant "HTTP/1.1 200 OK"
[2026-09-08 13:30:53,241] INFO httpx HTTP Request: POST http://testserver/api/site/amendments/AMD-MTSDR5SL/close "HTTP/1.1 200 OK"
[2026-09-08 13:30:53,250] INFO httpx HTTP Request: DELETE http://testserver/api/site/amendments/AMD-MTSDR5SL "HTTP/1.1 400 Bad Request"
[2026-09-08 13:30:53,257] INFO httpx HTTP Request: GET http://testserver/api/site/amendments/?studyCode=STUDY-A "HTTP/1.1 200 OK"
[2026-09-08 13:30:53,267] INFO httpx HTTP Request: GET http://testserver/api/site/amendments/AMD-MTSDR5SL "HTTP/1.1 200 OK"
[2026-09-08 13:30:53,271] DEBUG asyncio Using proactor: IocpProactor
[2026-09-08 13:30:53,273] INFO tria_engine Tria Engine (FastAPI) starting — env=development
[2026-09-08 13:30:53,274] INFO tria_engine UI storage table ready
[2026-09-08 13:30:53,284] INFO tria_engine Database connection OK
[2026-09-08 13:30:53,431] INFO httpx HTTP Request: POST http://testserver/api/accounts/login/ "HTTP/1.1 200 OK"
[2026-09-08 13:30:53,453] INFO httpx HTTP Request: POST http://testserver/api/site/amendments/ "HTTP/1.1 201 Created"
[2026-09-08 13:30:53,476] INFO httpx HTTP Request: POST http://testserver/api/site/amendments/AMD-MTSDR64D/assess "HTTP/1.1 200 OK"
[2026-09-08 13:30:53,507] INFO httpx HTTP Request: POST http://testserver/api/site/amendments/AMD-MTSDR64D/publish "HTTP/1.1 200 OK"
[2026-09-08 13:30:53,536] INFO httpx HTTP Request: POST http://testserver/api/site/amendments/AMD-MTSDR64D/complete-task "HTTP/1.1 200 OK"
[2026-09-08 13:30:53,548] INFO httpx HTTP Request: POST http://testserver/api/site/amendments/AMD-MTSDR64D/sites/SITE-02/compliant "HTTP/1.1 400 Bad Request"
[2026-09-08 13:30:53,574] INFO httpx HTTP Request: PATCH http://testserver/api/site/amendments/AMD-MTSDR64D/irb-ref "HTTP/1.1 200 OK"
[2026-09-08 13:30:53,605] INFO httpx HTTP Request: POST http://testserver/api/site/amendments/AMD-MTSDR64D/sites/SITE-02/compliant "HTTP/1.1 200 OK"
[2026-09-08 13:30:53,632] INFO httpx HTTP Request: POST http://testserver/api/site/amendments/AMD-MTSDR64D/close "HTTP/1.1 200 OK"
[2026-09-08 13:30:53,637] DEBUG asyncio Using proactor: IocpProactor
[2026-09-08 13:30:53,640] INFO tria_engine Tria Engine (FastAPI) starting — env=development
[2026-09-08 13:30:53,641] INFO tria_engine UI storage table ready
[2026-09-08 13:30:53,651] INFO tria_engine Database connection OK
[2026-09-08 13:30:53,792] INFO httpx HTTP Request: POST http://testserver/api/accounts/login/ "HTTP/1.1 200 OK"
[2026-09-08 13:30:53,826] INFO httpx HTTP Request: POST http://testserver/api/site/ip/shipments/ "HTTP/1.1 201 Created"
[2026-09-08 13:30:53,836] INFO httpx HTTP Request: POST http://testserver/api/site/ip/shipments/ "HTTP/1.1 400 Bad Request"
[2026-09-08 13:30:53,866] INFO httpx HTTP Request: POST http://testserver/api/site/ip/lots/IPL-MTSDR6EI/receive "HTTP/1.1 200 OK"
[2026-09-08 13:30:53,877] INFO httpx HTTP Request: POST http://testserver/api/site/ip/lots/IPL-MTSDR6EI/dispense "HTTP/1.1 400 Bad Request"
[2026-09-08 13:30:53,890] INFO httpx HTTP Request: GET http://testserver/api/site/ip/lots/IPL-MTSDR6EI "HTTP/1.1 200 OK"
[2026-09-08 13:30:53,903] INFO httpx HTTP Request: POST http://testserver/api/site/ip/lots/IPL-MTSDR6EI/excursions/EXC-mtsdr6fp/disposition "HTTP/1.1 400 Bad Request"
[2026-09-08 13:30:53,934] INFO httpx HTTP Request: POST http://testserver/api/site/ip/lots/IPL-MTSDR6EI/excursions/EXC-mtsdr6fp/disposition "HTTP/1.1 200 OK"
[2026-09-08 13:30:53,948] INFO httpx HTTP Request: POST http://testserver/api/site/ip/lots/IPL-MTSDR6EI/dispense "HTTP/1.1 400 Bad Request"
[2026-09-08 13:30:53,980] INFO httpx HTTP Request: POST http://testserver/api/site/ip/lots/IPL-MTSDR6EI/dispense "HTTP/1.1 200 OK"
[2026-09-08 13:30:54,002] INFO httpx HTTP Request: POST http://testserver/api/site/ip/lots/IPL-MTSDR6EI/return "HTTP/1.1 400 Bad Request"
[2026-09-08 13:30:54,014] INFO httpx HTTP Request: POST http://testserver/api/site/ip/lots/IPL-MTSDR6EI/destroy "HTTP/1.1 400 Bad Request"
[2026-09-08 13:30:54,034] INFO httpx HTTP Request: POST http://testserver/api/site/ip/lots/IPL-MTSDR6EI/return "HTTP/1.1 200 OK"
[2026-09-08 13:30:54,067] INFO httpx HTTP Request: POST http://testserver/api/site/ip/lots/IPL-MTSDR6EI/destroy "HTTP/1.1 200 OK"
[2026-09-08 13:30:54,095] INFO httpx HTTP Request: POST http://testserver/api/site/ip/shipments/ "HTTP/1.1 201 Created"
[2026-09-08 13:30:54,117] INFO httpx HTTP Request: POST http://testserver/api/site/ip/lots/IPL-MTSDR6M0/receive "HTTP/1.1 200 OK"
[2026-09-08 13:30:54,148] INFO httpx HTTP Request: POST http://testserver/api/site/ip/lots/IPL-MTSDR6M0/dispense "HTTP/1.1 200 OK"
[2026-09-08 13:30:54,183] INFO httpx HTTP Request: POST http://testserver/api/site/ip/lots/IPL-MTSDR6M0/reconcile "HTTP/1.1 200 OK"
[2026-09-08 13:30:54,214] INFO httpx HTTP Request: GET http://testserver/api/accounts/audit-logs/?page_size=100 "HTTP/1.1 200 OK"
[2026-09-08 13:30:54,223] INFO httpx HTTP Request: GET http://testserver/api/site/ip/lots/?studyCode=STUDY-A "HTTP/1.1 200 OK"
[2026-09-08 13:30:54,227] DEBUG asyncio Using proactor: IocpProactor
[2026-09-08 13:30:54,231] INFO tria_engine Tria Engine (FastAPI) starting — env=development
[2026-09-08 13:30:54,233] INFO tria_engine UI storage table ready
[2026-09-08 13:30:54,240] INFO tria_engine Database connection OK
[2026-09-08 13:30:54,367] INFO httpx HTTP Request: POST http://testserver/api/accounts/login/ "HTTP/1.1 200 OK"
[2026-09-08 13:30:54,375] INFO httpx HTTP Request: POST http://testserver/api/site/irb/ "HTTP/1.1 400 Bad Request"
[2026-09-08 13:30:54,398] INFO httpx HTTP Request: POST http://testserver/api/site/irb/ "HTTP/1.1 201 Created"
[2026-09-08 13:30:54,406] INFO httpx HTTP Request: POST http://testserver/api/site/irb/IRB-MTSDR6UM/decision "HTTP/1.1 400 Bad Request"
[2026-09-08 13:30:54,422] INFO httpx HTTP Request: POST http://testserver/api/site/irb/IRB-MTSDR6UM/submit "HTTP/1.1 200 OK"
[2026-09-08 13:30:54,440] INFO httpx HTTP Request: POST http://testserver/api/site/irb/IRB-MTSDR6UM/start-review "HTTP/1.1 200 OK"
[2026-09-08 13:30:54,478] INFO httpx HTTP Request: POST http://testserver/api/site/irb/IRB-MTSDR6UM/decision "HTTP/1.1 200 OK"
[2026-09-08 13:30:54,499] INFO httpx HTTP Request: POST http://testserver/api/site/irb/IRB-MTSDR6UM/conditions/0/resolve "HTTP/1.1 200 OK"
[2026-09-08 13:30:54,516] INFO httpx HTTP Request: POST http://testserver/api/site/irb/IRB-MTSDR6UM/correspondence "HTTP/1.1 200 OK"
[2026-09-08 13:30:54,552] INFO httpx HTTP Request: POST http://testserver/api/site/irb/ "HTTP/1.1 201 Created"
[2026-09-08 13:30:54,570] INFO httpx HTTP Request: POST http://testserver/api/site/irb/IRB-MTSDR6YH/submit "HTTP/1.1 200 OK"
[2026-09-08 13:30:54,584] INFO httpx HTTP Request: POST http://testserver/api/site/irb/IRB-MTSDR6YH/start-review "HTTP/1.1 200 OK"
[2026-09-08 13:30:54,610] INFO httpx HTTP Request: POST http://testserver/api/site/irb/IRB-MTSDR6YH/decision "HTTP/1.1 200 OK"
[2026-09-08 13:30:54,648] INFO httpx HTTP Request: GET http://testserver/api/accounts/audit-logs/?page_size=100 "HTTP/1.1 200 OK"
[2026-09-08 13:30:54,653] DEBUG asyncio Using proactor: IocpProactor
[2026-09-08 13:30:54,655] INFO tria_engine Tria Engine (FastAPI) starting — env=development
[2026-09-08 13:30:54,656] INFO tria_engine UI storage table ready
[2026-09-08 13:30:54,671] INFO tria_engine Database connection OK
[2026-09-08 13:30:54,795] INFO httpx HTTP Request: POST http://testserver/api/accounts/login/ "HTTP/1.1 200 OK"
[2026-09-08 13:30:54,823] INFO httpx HTTP Request: POST http://testserver/api/site/icf/versions/ "HTTP/1.1 201 Created"
[2026-09-08 13:30:54,830] INFO httpx HTTP Request: POST http://testserver/api/site/icf/versions/ "HTTP/1.1 400 Bad Request"
[2026-09-08 13:30:54,838] INFO httpx HTTP Request: POST http://testserver/api/site/icf/events/ "HTTP/1.1 400 Bad Request"
[2026-09-08 13:30:54,856] INFO httpx HTTP Request: POST http://testserver/api/site/icf/versions/ICFV-MTSDR76D/approve "HTTP/1.1 200 OK"
[2026-09-08 13:30:54,890] INFO httpx HTTP Request: POST http://testserver/api/site/icf/versions/ICFV-MTSDR76D/activate "HTTP/1.1 200 OK"
[2026-09-08 13:30:54,901] INFO httpx HTTP Request: POST http://testserver/api/site/icf/events/ "HTTP/1.1 400 Bad Request"
[2026-09-08 13:30:54,924] INFO httpx HTTP Request: POST http://testserver/api/site/icf/events/ "HTTP/1.1 201 Created"
[2026-09-08 13:30:54,934] INFO httpx HTTP Request: GET http://testserver/api/site/icf/enroll-check?studyCode=STUDY-A&siteCode=SITE-01&subjectId=SUBJ-01 "HTTP/1.1 200 OK"
[2026-09-08 13:30:54,942] INFO httpx HTTP Request: GET http://testserver/api/site/icf/enroll-check?studyCode=STUDY-A&siteCode=SITE-01&subjectId=SUBJ-02 "HTTP/1.1 200 OK"
[2026-09-08 13:30:54,977] INFO httpx HTTP Request: POST http://testserver/api/site/icf/versions/ "HTTP/1.1 201 Created"
[2026-09-08 13:30:54,999] INFO httpx HTTP Request: POST http://testserver/api/site/icf/versions/ICFV-MTSDR7AE/approve "HTTP/1.1 200 OK"
[2026-09-08 13:30:55,024] INFO httpx HTTP Request: POST http://testserver/api/site/icf/versions/ICFV-MTSDR7AE/activate "HTTP/1.1 200 OK"
[2026-09-08 13:30:55,033] INFO httpx HTTP Request: GET http://testserver/api/site/icf/versions/?studyCode=STUDY-A "HTTP/1.1 200 OK"
[2026-09-08 13:30:55,057] INFO httpx HTTP Request: POST http://testserver/api/site/icf/campaigns/ "HTTP/1.1 201 Created"
[2026-09-08 13:30:55,089] INFO httpx HTTP Request: POST http://testserver/api/site/icf/campaigns/RC-MTSDR7CW/complete-subject "HTTP/1.1 200 OK"
[2026-09-08 13:30:55,099] INFO httpx HTTP Request: GET http://testserver/api/site/icf/procedures-blocked?studyCode=STUDY-A&subjectId=SUBJ-02 "HTTP/1.1 200 OK"
[2026-09-08 13:30:55,128] INFO httpx HTTP Request: POST http://testserver/api/site/icf/campaigns/RC-MTSDR7CW/complete-subject "HTTP/1.1 200 OK"
[2026-09-08 13:30:55,141] INFO httpx HTTP Request: GET http://testserver/api/site/icf/procedures-blocked?studyCode=STUDY-A&subjectId=SUBJ-02 "HTTP/1.1 200 OK"
[2026-09-08 13:30:55,151] INFO httpx HTTP Request: GET http://testserver/api/site/icf/events/?studyCode=STUDY-A&subjectId=SUBJ-01 "HTTP/1.1 200 OK"
[2026-09-08 13:30:55,176] INFO httpx HTTP Request: GET http://testserver/api/accounts/audit-logs/?page_size=100 "HTTP/1.1 200 OK"
[2026-09-08 13:30:55,183] DEBUG asyncio Using proactor: IocpProactor
[2026-09-08 13:30:55,185] INFO tria_engine Tria Engine (FastAPI) starting — env=development
[2026-09-08 13:30:55,186] INFO tria_engine UI storage table ready
[2026-09-08 13:30:55,209] INFO tria_engine Database connection OK
[2026-09-08 13:30:55,343] INFO httpx HTTP Request: POST http://testserver/api/accounts/login/ "HTTP/1.1 200 OK"
[2026-09-08 13:30:55,377] INFO httpx HTTP Request: POST http://testserver/api/site/vendors/ "HTTP/1.1 201 Created"
[2026-09-08 13:30:55,387] INFO httpx HTTP Request: POST http://testserver/api/site/vendors/ "HTTP/1.1 400 Bad Request"
[2026-09-08 13:30:55,412] INFO httpx HTTP Request: POST http://testserver/api/site/vendors/ "HTTP/1.1 201 Created"
[2026-09-08 13:30:55,427] INFO httpx HTTP Request: POST http://testserver/api/site/vendors/VND-MTSDR7LM/offboard "HTTP/1.1 400 Bad Request"
[2026-09-08 13:30:55,445] INFO httpx HTTP Request: POST http://testserver/api/site/vendors/VND-MTSDR7LM/activate "HTTP/1.1 200 OK"
[2026-09-08 13:30:55,475] INFO httpx HTTP Request: POST http://testserver/api/site/vendors/kits/ "HTTP/1.1 201 Created"
[2026-09-08 13:30:55,491] INFO httpx HTTP Request: POST http://testserver/api/site/vendors/kits/KT-MTSDR7OD/advance "HTTP/1.1 200 OK"
[2026-09-08 13:30:55,517] INFO httpx HTTP Request: POST http://testserver/api/site/vendors/kits/KT-MTSDR7OD/advance "HTTP/1.1 200 OK"
[2026-09-08 13:30:55,548] INFO httpx HTTP Request: POST http://testserver/api/site/vendors/kits/KT-MTSDR7OD/advance "HTTP/1.1 200 OK"
[2026-09-08 13:30:55,556] INFO httpx HTTP Request: POST http://testserver/api/site/vendors/kits/KT-MTSDR7OD/advance "HTTP/1.1 400 Bad Request"
[2026-09-08 13:30:55,587] INFO httpx HTTP Request: POST http://testserver/api/site/vendors/VND-MTSDR7LM/offboard "HTTP/1.1 200 OK"
[2026-09-08 13:30:55,599] INFO httpx HTTP Request: POST http://testserver/api/site/vendors/kits/ "HTTP/1.1 400 Bad Request"
[2026-09-08 13:30:55,606] INFO httpx HTTP Request: GET http://testserver/api/site/vendors/ "HTTP/1.1 200 OK"
[2026-09-08 13:30:55,636] INFO httpx HTTP Request: GET http://testserver/api/accounts/audit-logs/?page_size=100 "HTTP/1.1 200 OK"
[2026-09-08 13:30:55,641] DEBUG asyncio Using proactor: IocpProactor
[2026-09-08 13:30:55,643] INFO tria_engine Tria Engine (FastAPI) starting — env=development
[2026-09-08 13:30:55,644] INFO tria_engine UI storage table ready
[2026-09-08 13:30:55,654] INFO tria_engine Database connection OK
[2026-09-08 13:30:55,794] INFO httpx HTTP Request: POST http://testserver/api/accounts/login/ "HTTP/1.1 200 OK"
[2026-09-08 13:30:55,808] INFO httpx HTTP Request: PUT http://testserver/api/site/feasibility-scoring/ "HTTP/1.1 400 Bad Request"
[2026-09-08 13:30:55,834] INFO httpx HTTP Request: PUT http://testserver/api/site/feasibility-scoring/ "HTTP/1.1 200 OK"
[2026-09-08 13:30:55,861] INFO httpx HTTP Request: POST http://testserver/api/site/feasibility/ "HTTP/1.1 201 Created"
[2026-09-08 13:30:55,876] INFO httpx HTTP Request: POST http://testserver/api/site/feasibility/FC-MTSDR7Z6/questionnaire-response "HTTP/1.1 400 Bad Request"
[2026-09-08 13:30:55,898] INFO httpx HTTP Request: POST http://testserver/api/site/feasibility/FC-MTSDR7Z6/send-questionnaire "HTTP/1.1 200 OK"
[2026-09-08 13:30:55,917] INFO httpx HTTP Request: POST http://testserver/api/site/feasibility/FC-MTSDR7Z6/questionnaire-response "HTTP/1.1 200 OK"
[2026-09-08 13:30:55,942] INFO httpx HTTP Request: POST http://testserver/api/site/feasibility/FC-MTSDR7Z6/score "HTTP/1.1 200 OK"
[2026-09-08 13:30:55,952] INFO httpx HTTP Request: POST http://testserver/api/site/feasibility/FC-MTSDR7Z6/decide "HTTP/1.1 400 Bad Request"
[2026-09-08 13:30:55,959] INFO httpx HTTP Request: POST http://testserver/api/site/feasibility/FC-MTSDR7Z6/decide "HTTP/1.1 400 Bad Request"
[2026-09-08 13:30:55,982] INFO httpx HTTP Request: PUT http://testserver/api/site/feasibility-scoring/ "HTTP/1.1 200 OK"
[2026-09-08 13:30:56,011] INFO httpx HTTP Request: POST http://testserver/api/site/feasibility/FC-MTSDR7Z6/decide "HTTP/1.1 200 OK"
[2026-09-08 13:30:56,041] INFO httpx HTTP Request: POST http://testserver/api/site/feasibility/FC-MTSDR7Z6/convert "HTTP/1.1 200 OK"
[2026-09-08 13:30:56,050] INFO httpx HTTP Request: DELETE http://testserver/api/site/feasibility/FC-MTSDR7Z6 "HTTP/1.1 400 Bad Request"
[2026-09-08 13:30:56,077] INFO httpx HTTP Request: POST http://testserver/api/site/feasibility/ "HTTP/1.1 201 Created"
[2026-09-08 13:30:56,106] INFO httpx HTTP Request: DELETE http://testserver/api/site/feasibility/FC-MTSDR854 "HTTP/1.1 200 OK"
[2026-09-08 13:30:56,122] INFO httpx HTTP Request: GET http://testserver/api/site/feasibility/?studyCode=STUDY-A "HTTP/1.1 200 OK"
[2026-09-08 13:30:56,154] INFO httpx HTTP Request: GET http://testserver/api/accounts/audit-logs/?page_size=100 "HTTP/1.1 200 OK"
[2026-09-08 13:30:56,160] DEBUG asyncio Using proactor: IocpProactor
[2026-09-08 13:30:56,163] INFO tria_engine Tria Engine (FastAPI) starting — env=development
[2026-09-08 13:30:56,165] INFO tria_engine UI storage table ready
[2026-09-08 13:30:56,173] INFO tria_engine Database connection OK
[2026-09-08 13:30:56,178] INFO httpx HTTP Request: GET http://testserver/api/site/amendments/ "HTTP/1.1 401 Unauthorized"
[2026-09-08 13:30:56,184] INFO httpx HTTP Request: POST http://testserver/api/site/vendors/ "HTTP/1.1 401 Unauthorized"
[2026-09-08 13:30:56,188] DEBUG asyncio Using proactor: IocpProactor
[2026-09-08 13:30:56,190] INFO tria_engine Tria Engine (FastAPI) starting — env=development
[2026-09-08 13:30:56,191] INFO tria_engine UI storage table ready
[2026-09-08 13:30:56,202] INFO tria_engine Database connection OK
[2026-09-08 13:30:56,335] INFO httpx HTTP Request: POST http://testserver/api/accounts/login/ "HTTP/1.1 200 OK"
[2026-09-08 13:30:56,365] INFO httpx HTTP Request: POST http://testserver/api/site/amendments/ "HTTP/1.1 201 Created"
[2026-09-08 13:30:56,400] INFO httpx HTTP Request: GET http://testserver/api/accounts/audit-logs/?page_size=100 "HTTP/1.1 200 OK"
[2026-09-08 13:30:56,407] DEBUG asyncio Using proactor: IocpProactor
[2026-09-08 13:30:56,409] INFO tria_engine Tria Engine (FastAPI) starting — env=development
[2026-09-08 13:30:56,410] INFO tria_engine UI storage table ready
[2026-09-08 13:30:56,421] INFO tria_engine Database connection OK
[2026-09-08 13:30:56,669] INFO httpx HTTP Request: POST http://testserver/api/accounts/login/ "HTTP/1.1 200 OK"
[2026-09-08 13:30:56,691] INFO httpx HTTP Request: POST http://testserver/api/site/amendments/sync "HTTP/1.1 200 OK"
[2026-09-08 13:30:56,705] INFO httpx HTTP Request: GET http://testserver/api/site/amendments/ "HTTP/1.1 200 OK"
[2026-09-08 13:30:56,724] INFO httpx HTTP Request: POST http://testserver/api/site/amendments/sync "HTTP/1.1 200 OK"
[2026-09-08 13:30:56,732] INFO httpx HTTP Request: GET http://testserver/api/site/amendments/ "HTTP/1.1 200 OK"
[2026-09-08 13:30:56,736] DEBUG asyncio Using proactor: IocpProactor
[2026-09-08 13:30:56,738] INFO tria_engine Tria Engine (FastAPI) starting — env=development
[2026-09-08 13:30:56,739] INFO tria_engine UI storage table ready
[2026-09-08 13:30:56,749] INFO tria_engine Database connection OK
[2026-09-08 13:30:57,106] INFO httpx HTTP Request: POST http://testserver/api/accounts/login/ "HTTP/1.1 200 OK"
[2026-09-08 13:30:57,122] INFO httpx HTTP Request: POST http://testserver/api/site/amendments/sync "HTTP/1.1 200 OK"
[2026-09-08 13:30:57,127] DEBUG asyncio Using proactor: IocpProactor
[2026-09-08 13:30:57,132] INFO tria_engine Tria Engine (FastAPI) starting — env=development
[2026-09-08 13:30:57,134] INFO tria_engine UI storage table ready
[2026-09-08 13:30:57,145] INFO tria_engine Database connection OK
[2026-09-08 13:30:57,284] INFO httpx HTTP Request: POST http://testserver/api/accounts/login/ "HTTP/1.1 200 OK"
[2026-09-08 13:30:57,306] INFO httpx HTTP Request: POST http://testserver/api/site/ip/sync "HTTP/1.1 200 OK"
[2026-09-08 13:30:57,553] INFO httpx HTTP Request: POST http://testserver/api/accounts/login/ "HTTP/1.1 200 OK"
[2026-09-08 13:30:57,560] INFO httpx HTTP Request: POST http://testserver/api/site/ip/sync "HTTP/1.1 200 OK"
[2026-09-08 13:30:57,566] DEBUG asyncio Using proactor: IocpProactor
[2026-09-08 13:30:57,568] INFO tria_engine Tria Engine (FastAPI) starting — env=development
[2026-09-08 13:30:57,569] INFO tria_engine UI storage table ready
[2026-09-08 13:30:57,577] INFO tria_engine Database connection OK
[2026-09-08 13:30:57,830] INFO httpx HTTP Request: POST http://testserver/api/accounts/login/ "HTTP/1.1 200 OK"
[2026-09-08 13:30:57,842] INFO httpx HTTP Request: POST http://testserver/api/site/irb/sync "HTTP/1.1 403 Forbidden"
[2026-09-08 13:30:57,849] DEBUG asyncio Using proactor: IocpProactor
[2026-09-08 13:30:57,851] INFO tria_engine Tria Engine (FastAPI) starting — env=development
[2026-09-08 13:30:57,852] INFO tria_engine UI storage table ready
[2026-09-08 13:30:57,860] INFO tria_engine Database connection OK
[2026-09-08 13:30:58,122] INFO httpx HTTP Request: POST http://testserver/api/accounts/login/ "HTTP/1.1 200 OK"
[2026-09-08 13:30:58,148] INFO httpx HTTP Request: POST http://testserver/api/site/irb/sync "HTTP/1.1 200 OK"
[2026-09-08 13:30:58,171] INFO httpx HTTP Request: POST http://testserver/api/site/icf/versions/sync "HTTP/1.1 200 OK"
[2026-09-08 13:30:58,201] INFO httpx HTTP Request: POST http://testserver/api/site/icf/events/sync "HTTP/1.1 200 OK"
[2026-09-08 13:30:58,224] INFO httpx HTTP Request: POST http://testserver/api/site/icf/campaigns/sync "HTTP/1.1 200 OK"
[2026-09-08 13:30:58,248] INFO httpx HTTP Request: POST http://testserver/api/site/vendors/sync "HTTP/1.1 200 OK"
[2026-09-08 13:30:58,272] INFO httpx HTTP Request: POST http://testserver/api/site/vendors/kits/sync "HTTP/1.1 200 OK"
[2026-09-08 13:30:58,294] INFO httpx HTTP Request: POST http://testserver/api/site/feasibility/sync "HTTP/1.1 200 OK"
[2026-09-08 13:30:58,318] INFO httpx HTTP Request: POST http://testserver/api/site/feasibility-scoring/sync "HTTP/1.1 200 OK"
[2026-09-08 13:30:58,329] INFO httpx HTTP Request: GET http://testserver/api/site/vendors/ "HTTP/1.1 200 OK"
[2026-09-08 13:30:58,338] INFO httpx HTTP Request: GET http://testserver/api/site/feasibility/ "HTTP/1.1 200 OK"
[2026-09-08 13:30:58,342] DEBUG asyncio Using proactor: IocpProactor
[2026-09-08 13:30:58,346] INFO tria_engine Tria Engine (FastAPI) starting — env=development
[2026-09-08 13:30:58,348] INFO tria_engine UI storage table ready
[2026-09-08 13:30:58,356] INFO tria_engine Database connection OK
[2026-09-08 13:30:58,586] INFO httpx HTTP Request: POST http://testserver/api/accounts/login/ "HTTP/1.1 200 OK"
[2026-09-08 13:30:58,600] INFO httpx HTTP Request: POST http://testserver/api/site/amendments/sync "HTTP/1.1 200 OK"
[2026-09-08 13:30:58,861] INFO httpx HTTP Request: POST http://testserver/api/accounts/login/ "HTTP/1.1 200 OK"
[2026-09-08 13:30:58,877] INFO httpx HTTP Request: POST http://testserver/api/site/amendments/sync "HTTP/1.1 200 OK"
[2026-09-08 13:30:59,022] INFO httpx HTTP Request: POST http://testserver/api/accounts/login/ "HTTP/1.1 200 OK"
[2026-09-08 13:30:59,035] INFO httpx HTTP Request: GET http://testserver/api/site/amendments/ "HTTP/1.1 200 OK"
[2026-09-08 13:30:59,040] DEBUG asyncio Using proactor: IocpProactor
[2026-09-08 13:30:59,042] INFO tria_engine Tria Engine (FastAPI) starting — env=development
[2026-09-08 13:30:59,043] INFO tria_engine UI storage table ready
[2026-09-08 13:30:59,054] INFO tria_engine Database connection OK
[2026-09-08 13:30:59,058] INFO httpx HTTP Request: GET http://testserver/api/health/ "HTTP/1.1 200 OK"
[2026-09-08 13:30:59,063] DEBUG asyncio Using proactor: IocpProactor
[2026-09-08 13:30:59,066] INFO tria_engine Tria Engine (FastAPI) starting — env=development
[2026-09-08 13:30:59,067] INFO tria_engine UI storage table ready
[2026-09-08 13:30:59,074] INFO tria_engine Database connection OK
[2026-09-08 13:30:59,078] INFO httpx HTTP Request: GET http://testserver/api/health "HTTP/1.1 200 OK"
[2026-09-08 13:30:59,083] DEBUG asyncio Using proactor: IocpProactor
[2026-09-08 13:30:59,085] INFO tria_engine Tria Engine (FastAPI) starting — env=development
[2026-09-08 13:30:59,086] INFO tria_engine UI storage table ready
[2026-09-08 13:30:59,094] INFO tria_engine Database connection OK
[2026-09-08 13:30:59,100] INFO httpx HTTP Request: GET http://testserver/api/health/ready/ "HTTP/1.1 200 OK"
[2026-09-08 13:30:59,105] DEBUG asyncio Using proactor: IocpProactor
[2026-09-08 13:30:59,107] INFO tria_engine Tria Engine (FastAPI) starting — env=development
[2026-09-08 13:30:59,108] INFO tria_engine UI storage table ready
[2026-09-08 13:30:59,118] INFO tria_engine Database connection OK
[2026-09-08 13:30:59,255] INFO httpx HTTP Request: POST http://testserver/api/accounts/login/ "HTTP/1.1 200 OK"
[2026-09-08 13:30:59,277] INFO httpx HTTP Request: POST http://testserver/api/notifications/sync "HTTP/1.1 200 OK"
[2026-09-08 13:30:59,287] INFO httpx HTTP Request: GET http://testserver/api/notifications "HTTP/1.1 200 OK"
[2026-09-08 13:30:59,299] DEBUG asyncio Using proactor: IocpProactor
[2026-09-08 13:30:59,301] INFO tria_engine Tria Engine (FastAPI) starting — env=development
[2026-09-08 13:30:59,302] INFO tria_engine UI storage table ready
[2026-09-08 13:30:59,310] INFO tria_engine Database connection OK
[2026-09-08 13:30:59,444] INFO httpx HTTP Request: POST http://testserver/api/accounts/login/ "HTTP/1.1 200 OK"
[2026-09-08 13:30:59,466] INFO httpx HTTP Request: POST http://testserver/api/notifications/sync "HTTP/1.1 200 OK"
[2026-09-08 13:30:59,493] INFO httpx HTTP Request: POST http://testserver/api/notifications/sync "HTTP/1.1 200 OK"
[2026-09-08 13:30:59,517] INFO httpx HTTP Request: GET http://testserver/api/notifications "HTTP/1.1 200 OK"
[2026-09-08 13:30:59,539] INFO httpx HTTP Request: POST http://testserver/api/notifications/sync "HTTP/1.1 200 OK"
[2026-09-08 13:30:59,549] INFO httpx HTTP Request: GET http://testserver/api/notifications "HTTP/1.1 200 OK"
[2026-09-08 13:30:59,567] DEBUG asyncio Using proactor: IocpProactor
[2026-09-08 13:30:59,572] INFO tria_engine Tria Engine (FastAPI) starting — env=development
[2026-09-08 13:30:59,573] INFO tria_engine UI storage table ready
[2026-09-08 13:30:59,586] INFO tria_engine Database connection OK
[2026-09-08 13:30:59,739] INFO httpx HTTP Request: POST http://testserver/api/accounts/login/ "HTTP/1.1 200 OK"
[2026-09-08 13:30:59,879] INFO httpx HTTP Request: POST http://testserver/api/notifications/sync "HTTP/1.1 200 OK"
[2026-09-08 13:31:00,026] INFO httpx HTTP Request: POST http://testserver/api/accounts/login/ "HTTP/1.1 200 OK"
[2026-09-08 13:31:00,035] INFO httpx HTTP Request: GET http://testserver/api/notifications "HTTP/1.1 200 OK"
[2026-09-08 13:31:00,043] INFO httpx HTTP Request: POST http://testserver/api/notifications/1/read "HTTP/1.1 404 Not Found"
[2026-09-08 13:31:00,055] DEBUG asyncio Using proactor: IocpProactor
[2026-09-08 13:31:00,056] INFO tria_engine Tria Engine (FastAPI) starting — env=development
[2026-09-08 13:31:00,058] INFO tria_engine UI storage table ready
[2026-09-08 13:31:00,068] INFO tria_engine Database connection OK
[2026-09-08 13:31:00,199] INFO httpx HTTP Request: POST http://testserver/api/accounts/login/ "HTTP/1.1 200 OK"
[2026-09-08 13:31:00,214] INFO httpx HTTP Request: POST http://testserver/api/notifications/sync "HTTP/1.1 200 OK"
[2026-09-08 13:31:00,220] INFO httpx HTTP Request: GET http://testserver/api/notifications "HTTP/1.1 200 OK"
[2026-09-08 13:31:00,236] INFO httpx HTTP Request: POST http://testserver/api/notifications/1/read "HTTP/1.1 200 OK"
[2026-09-08 13:31:00,242] INFO httpx HTTP Request: GET http://testserver/api/notifications "HTTP/1.1 200 OK"
[2026-09-08 13:31:00,261] INFO httpx HTTP Request: POST http://testserver/api/notifications/1/read "HTTP/1.1 200 OK"
[2026-09-08 13:31:00,271] INFO httpx HTTP Request: GET http://testserver/api/notifications "HTTP/1.1 200 OK"
[2026-09-08 13:31:00,283] DEBUG asyncio Using proactor: IocpProactor
[2026-09-08 13:31:00,285] INFO tria_engine Tria Engine (FastAPI) starting — env=development
[2026-09-08 13:31:00,287] INFO tria_engine UI storage table ready
[2026-09-08 13:31:00,297] INFO tria_engine Database connection OK
[2026-09-08 13:31:00,435] INFO httpx HTTP Request: POST http://testserver/api/accounts/login/ "HTTP/1.1 200 OK"
[2026-09-08 13:31:00,441] INFO httpx HTTP Request: POST http://testserver/api/notifications/sync "HTTP/1.1 400 Bad Request"
[2026-09-08 13:31:00,464] INFO httpx HTTP Request: POST http://testserver/api/notifications/sync "HTTP/1.1 200 OK"
[2026-09-08 13:31:00,484] DEBUG asyncio Using proactor: IocpProactor
[2026-09-08 13:31:00,488] INFO tria_engine Tria Engine (FastAPI) starting — env=development
[2026-09-08 13:31:00,490] INFO tria_engine UI storage table ready
[2026-09-08 13:31:00,507] INFO tria_engine Database connection OK
[2026-09-08 13:31:00,516] INFO httpx HTTP Request: GET http://testserver/api/site/amendments/ "HTTP/1.1 401 Unauthorized"
[2026-09-08 13:31:00,521] DEBUG asyncio Using proactor: IocpProactor
[2026-09-08 13:31:00,522] INFO tria_engine Tria Engine (FastAPI) starting — env=development
[2026-09-08 13:31:00,524] INFO tria_engine UI storage table ready
[2026-09-08 13:31:00,534] INFO tria_engine Database connection OK
[2026-09-08 13:31:00,774] INFO httpx HTTP Request: POST http://testserver/api/accounts/login/ "HTTP/1.1 200 OK"
[2026-09-08 13:31:00,791] INFO httpx HTTP Request: POST http://testserver/api/site/amendments/ "HTTP/1.1 403 Forbidden"
[2026-09-08 13:31:00,798] DEBUG asyncio Using proactor: IocpProactor
[2026-09-08 13:31:00,801] INFO tria_engine Tria Engine (FastAPI) starting — env=development
[2026-09-08 13:31:00,802] INFO tria_engine UI storage table ready
[2026-09-08 13:31:00,810] INFO tria_engine Database connection OK
[2026-09-08 13:31:01,058] INFO httpx HTTP Request: POST http://testserver/api/accounts/login/ "HTTP/1.1 200 OK"
[2026-09-08 13:31:01,077] INFO httpx HTTP Request: POST http://testserver/api/site/amendments/ "HTTP/1.1 403 Forbidden"
[2026-09-08 13:31:01,084] DEBUG asyncio Using proactor: IocpProactor
[2026-09-08 13:31:01,087] INFO tria_engine Tria Engine (FastAPI) starting — env=development
[2026-09-08 13:31:01,088] INFO tria_engine UI storage table ready
[2026-09-08 13:31:01,102] INFO tria_engine Database connection OK
[2026-09-08 13:31:01,371] INFO httpx HTTP Request: POST http://testserver/api/accounts/login/ "HTTP/1.1 200 OK"
[2026-09-08 13:31:01,388] INFO httpx HTTP Request: POST http://testserver/api/site/amendments/ "HTTP/1.1 403 Forbidden"
[2026-09-08 13:31:01,392] DEBUG asyncio Using proactor: IocpProactor
[2026-09-08 13:31:01,394] INFO tria_engine Tria Engine (FastAPI) starting — env=development
[2026-09-08 13:31:01,396] INFO tria_engine UI storage table ready
[2026-09-08 13:31:01,407] INFO tria_engine Database connection OK
[2026-09-08 13:31:01,672] INFO httpx HTTP Request: POST http://testserver/api/accounts/login/ "HTTP/1.1 200 OK"
[2026-09-08 13:31:01,699] INFO httpx HTTP Request: POST http://testserver/api/site/ip/shipments/ "HTTP/1.1 403 Forbidden"
[2026-09-08 13:31:01,703] DEBUG asyncio Using proactor: IocpProactor
[2026-09-08 13:31:01,705] INFO tria_engine Tria Engine (FastAPI) starting — env=development
[2026-09-08 13:31:01,706] INFO tria_engine UI storage table ready
[2026-09-08 13:31:01,716] INFO tria_engine Database connection OK
[2026-09-08 13:31:02,016] INFO httpx HTTP Request: POST http://testserver/api/accounts/login/ "HTTP/1.1 200 OK"
[2026-09-08 13:31:02,042] INFO httpx HTTP Request: POST http://testserver/api/site/ip/shipments/ "HTTP/1.1 403 Forbidden"
[2026-09-08 13:31:02,048] DEBUG asyncio Using proactor: IocpProactor
[2026-09-08 13:31:02,050] INFO tria_engine Tria Engine (FastAPI) starting — env=development
[2026-09-08 13:31:02,052] INFO tria_engine UI storage table ready
[2026-09-08 13:31:02,062] INFO tria_engine Database connection OK
[2026-09-08 13:31:02,319] INFO httpx HTTP Request: POST http://testserver/api/accounts/login/ "HTTP/1.1 200 OK"
[2026-09-08 13:31:02,326] INFO httpx HTTP Request: DELETE http://testserver/api/site/amendments/AMD-c7c8e2 "HTTP/1.1 404 Not Found"
[2026-09-08 13:31:02,333] DEBUG asyncio Using proactor: IocpProactor
[2026-09-08 13:31:02,335] INFO tria_engine Tria Engine (FastAPI) starting — env=development
[2026-09-08 13:31:02,336] INFO tria_engine UI storage table ready
[2026-09-08 13:31:02,348] INFO tria_engine Database connection OK
[2026-09-08 13:31:02,587] INFO httpx HTTP Request: POST http://testserver/api/accounts/login/ "HTTP/1.1 200 OK"
[2026-09-08 13:31:02,618] INFO httpx HTTP Request: POST http://testserver/api/site/amendments/ "HTTP/1.1 201 Created"
[2026-09-08 13:31:02,623] DEBUG asyncio Using proactor: IocpProactor
[2026-09-08 13:31:02,625] INFO tria_engine Tria Engine (FastAPI) starting — env=development
[2026-09-08 13:31:02,626] INFO tria_engine UI storage table ready
[2026-09-08 13:31:02,636] INFO tria_engine Database connection OK
[2026-09-08 13:31:02,870] INFO httpx HTTP Request: POST http://testserver/api/accounts/login/ "HTTP/1.1 200 OK"
[2026-09-08 13:31:02,918] INFO httpx HTTP Request: POST http://testserver/api/site/ip/shipments/ "HTTP/1.1 201 Created"
[2026-09-08 13:31:02,926] DEBUG asyncio Using proactor: IocpProactor
[2026-09-08 13:31:02,931] INFO tria_engine Tria Engine (FastAPI) starting — env=development
[2026-09-08 13:31:02,933] INFO tria_engine UI storage table ready
[2026-09-08 13:31:02,943] INFO tria_engine Database connection OK
[2026-09-08 13:31:03,214] INFO httpx HTTP Request: POST http://testserver/api/accounts/login/ "HTTP/1.1 200 OK"
[2026-09-08 13:31:03,245] INFO httpx HTTP Request: POST http://testserver/api/site/amendments/ "HTTP/1.1 201 Created"
[2026-09-08 13:31:03,501] INFO httpx HTTP Request: POST http://testserver/api/accounts/login/ "HTTP/1.1 200 OK"
[2026-09-08 13:31:03,507] INFO httpx HTTP Request: GET http://testserver/api/site/amendments/AMD-MTSDRDO7 "HTTP/1.1 404 Not Found"
[2026-09-08 13:31:03,515] INFO httpx HTTP Request: GET http://testserver/api/site/amendments/ "HTTP/1.1 200 OK"
[2026-09-08 13:31:03,519] DEBUG asyncio Using proactor: IocpProactor
[2026-09-08 13:31:03,521] INFO tria_engine Tria Engine (FastAPI) starting — env=development
[2026-09-08 13:31:03,522] INFO tria_engine UI storage table ready
[2026-09-08 13:31:03,532] INFO tria_engine Database connection OK
[2026-09-08 13:31:03,787] INFO httpx HTTP Request: POST http://testserver/api/accounts/login/ "HTTP/1.1 200 OK"
[2026-09-08 13:31:03,817] INFO httpx HTTP Request: POST http://testserver/api/site/amendments/ "HTTP/1.1 201 Created"
[2026-09-08 13:31:03,849] INFO httpx HTTP Request: GET http://testserver/api/accounts/audit-logs/?page_size=100 "HTTP/1.1 200 OK"
[2026-09-08 13:31:03,854] DEBUG asyncio Using proactor: IocpProactor
[2026-09-08 13:31:03,856] INFO tria_engine Tria Engine (FastAPI) starting — env=development
[2026-09-08 13:31:03,857] INFO tria_engine UI storage table ready
[2026-09-08 13:31:03,867] INFO tria_engine Database connection OK
[2026-09-08 13:31:04,134] INFO httpx HTTP Request: POST http://testserver/api/accounts/login/ "HTTP/1.1 200 OK"
[2026-09-08 13:31:04,156] INFO httpx HTTP Request: POST http://testserver/api/site/amendments/ "HTTP/1.1 201 Created"
[2026-09-08 13:31:04,302] INFO httpx HTTP Request: POST http://testserver/api/accounts/login/ "HTTP/1.1 200 OK"
[2026-09-08 13:31:04,310] INFO httpx HTTP Request: GET http://testserver/api/site/amendments/AMD-MTSDREDN "HTTP/1.1 200 OK"
[2026-09-08 13:31:04,317] DEBUG asyncio Using proactor: IocpProactor
[2026-09-08 13:31:04,318] INFO tria_engine Tria Engine (FastAPI) starting — env=development
[2026-09-08 13:31:04,319] INFO tria_engine UI storage table ready
[2026-09-08 13:31:04,330] INFO tria_engine Database connection OK
[2026-09-08 13:31:04,336] INFO httpx HTTP Request: GET http://testserver/safety/ae-cases/ "HTTP/1.1 401 Unauthorized"
[2026-09-08 13:31:04,340] INFO httpx HTTP Request: GET http://testserver/monitoring/requests/ "HTTP/1.1 401 Unauthorized"
[2026-09-08 13:31:04,345] INFO httpx HTTP Request: GET http://testserver/organizations/ "HTTP/1.1 401 Unauthorized"
[2026-09-08 13:31:04,350] INFO httpx HTTP Request: GET http://testserver/ai-review/copilot?q=oncology "HTTP/1.1 401 Unauthorized"
[2026-09-08 13:31:04,355] INFO httpx HTTP Request: GET http://testserver/ai-review/sites/1/risk "HTTP/1.1 401 Unauthorized"
[2026-09-08 13:31:04,359] DEBUG asyncio Using proactor: IocpProactor
[2026-09-08 13:31:04,362] INFO tria_engine Tria Engine (FastAPI) starting — env=development
[2026-09-08 13:31:04,363] INFO tria_engine UI storage table ready
[2026-09-08 13:31:04,371] INFO tria_engine Database connection OK
[2026-09-08 13:31:04,499] INFO httpx HTTP Request: POST http://testserver/api/accounts/login/ "HTTP/1.1 200 OK"
[2026-09-08 13:31:04,520] INFO httpx HTTP Request: POST http://testserver/safety/ae-cases/ "HTTP/1.1 201 Created"
[2026-09-08 13:31:04,529] INFO httpx HTTP Request: GET http://testserver/safety/ae-cases/ "HTTP/1.1 200 OK"
[2026-09-08 13:31:04,536] INFO httpx HTTP Request: GET http://testserver/safety/ae-cases/summary/ "HTTP/1.1 200 OK"
[2026-09-08 13:31:04,543] INFO httpx HTTP Request: GET http://testserver/safety/ae-cases/AE-mtsdrent/ "HTTP/1.1 200 OK"
[2026-09-08 13:31:04,551] INFO httpx HTTP Request: GET http://testserver/safety/ae-cases/UNKNOWN/ "HTTP/1.1 404 Not Found"
[2026-09-08 13:31:04,557] INFO httpx HTTP Request: GET http://testserver/safety/ae-cases/?studyId=OTHER "HTTP/1.1 200 OK"
[2026-09-08 13:31:04,565] INFO httpx HTTP Request: GET http://testserver/safety/ae-cases/summary/?studyId=OTHER "HTTP/1.1 200 OK"
[2026-09-08 13:31:04,569] DEBUG asyncio Using proactor: IocpProactor
[2026-09-08 13:31:04,571] INFO tria_engine Tria Engine (FastAPI) starting — env=development
[2026-09-08 13:31:04,572] INFO tria_engine UI storage table ready
[2026-09-08 13:31:04,582] INFO tria_engine Database connection OK
[2026-09-08 13:31:04,728] INFO httpx HTTP Request: POST http://testserver/api/accounts/login/ "HTTP/1.1 200 OK"
[2026-09-08 13:31:04,736] INFO httpx HTTP Request: POST http://testserver/safety/ae-cases/ "HTTP/1.1 400 Bad Request"
[2026-09-08 13:31:04,756] INFO httpx HTTP Request: POST http://testserver/safety/ae-cases/ "HTTP/1.1 201 Created"
[2026-09-08 13:31:04,778] INFO httpx HTTP Request: POST http://testserver/safety/ae-cases/ "HTTP/1.1 201 Created"
[2026-09-08 13:31:04,785] INFO httpx HTTP Request: GET http://testserver/safety/ae-cases/summary/?studyId=STUDY-VAL "HTTP/1.1 200 OK"
[2026-09-08 13:31:04,789] DEBUG asyncio Using proactor: IocpProactor
[2026-09-08 13:31:04,791] INFO tria_engine Tria Engine (FastAPI) starting — env=development
[2026-09-08 13:31:04,792] INFO tria_engine UI storage table ready
[2026-09-08 13:31:04,802] INFO tria_engine Database connection OK
[2026-09-08 13:31:04,928] INFO httpx HTTP Request: POST http://testserver/api/accounts/login/ "HTTP/1.1 200 OK"
[2026-09-08 13:31:04,964] INFO httpx HTTP Request: POST http://testserver/safety/ae-cases/ "HTTP/1.1 201 Created"
[2026-09-08 13:31:05,000] INFO httpx HTTP Request: PATCH http://testserver/safety/ae-cases/AE-mtsdrezq/ "HTTP/1.1 200 OK"
[2026-09-08 13:31:05,022] INFO httpx HTTP Request: POST http://testserver/safety/ae-cases/AE-mtsdrezq/reconcile/ "HTTP/1.1 200 OK"
[2026-09-08 13:31:05,030] INFO httpx HTTP Request: POST http://testserver/safety/ae-cases/AE-mtsdrezq/reconcile/ "HTTP/1.1 400 Bad Request"
[2026-09-08 13:31:05,034] DEBUG asyncio Using proactor: IocpProactor
[2026-09-08 13:31:05,035] INFO tria_engine Tria Engine (FastAPI) starting — env=development
[2026-09-08 13:31:05,036] INFO tria_engine UI storage table ready
[2026-09-08 13:31:05,047] INFO tria_engine Database connection OK
[2026-09-08 13:31:05,400] INFO httpx HTTP Request: POST http://testserver/api/accounts/login/ "HTTP/1.1 200 OK"
[2026-09-08 13:31:05,415] INFO httpx HTTP Request: GET http://testserver/safety/ae-cases/?studyId=STUDY-SP "HTTP/1.1 200 OK"
[2026-09-08 13:31:05,443] INFO httpx HTTP Request: POST http://testserver/safety/ae-cases/ "HTTP/1.1 201 Created"
[2026-09-08 13:31:05,453] INFO httpx HTTP Request: GET http://testserver/safety/ae-cases/summary/?studyId=STUDY-SP "HTTP/1.1 200 OK"
[2026-09-08 13:31:05,582] INFO httpx HTTP Request: POST http://testserver/api/accounts/login/ "HTTP/1.1 200 OK"
[2026-09-08 13:31:05,588] INFO httpx HTTP Request: GET http://testserver/safety/ae-cases/ "HTTP/1.1 200 OK"
[2026-09-08 13:31:05,596] INFO httpx HTTP Request: POST http://testserver/safety/ae-cases/ "HTTP/1.1 403 Forbidden"
[2026-09-08 13:31:05,604] INFO httpx HTTP Request: POST http://testserver/safety/ae-cases/AE-mtsdrfdc/reconcile/ "HTTP/1.1 403 Forbidden"
[2026-09-08 13:31:05,607] DEBUG asyncio Using proactor: IocpProactor
[2026-09-08 13:31:05,609] INFO tria_engine Tria Engine (FastAPI) starting — env=development
[2026-09-08 13:31:05,612] INFO tria_engine UI storage table ready
[2026-09-08 13:31:05,623] INFO tria_engine Database connection OK
[2026-09-08 13:31:05,869] INFO httpx HTTP Request: POST http://testserver/api/accounts/login/ "HTTP/1.1 200 OK"
[2026-09-08 13:31:05,896] INFO httpx HTTP Request: POST http://testserver/safety/ae-cases/ "HTTP/1.1 201 Created"
[2026-09-08 13:31:05,917] INFO httpx HTTP Request: POST http://testserver/safety/ae-cases/ "HTTP/1.1 201 Created"
[2026-09-08 13:31:06,041] INFO httpx HTTP Request: POST http://testserver/api/accounts/login/ "HTTP/1.1 200 OK"
[2026-09-08 13:31:06,051] INFO httpx HTTP Request: GET http://testserver/safety/ae-cases/ "HTTP/1.1 200 OK"
[2026-09-08 13:31:06,057] INFO httpx HTTP Request: GET http://testserver/safety/ae-cases/summary/ "HTTP/1.1 200 OK"
[2026-09-08 13:31:06,065] INFO httpx HTTP Request: POST http://testserver/safety/ae-cases/ "HTTP/1.1 403 Forbidden"
[2026-09-08 13:31:06,072] INFO httpx HTTP Request: GET http://testserver/safety/ae-cases/ "HTTP/1.1 200 OK"
[2026-09-08 13:31:06,094] INFO httpx HTTP Request: POST http://testserver/safety/ae-cases/ "HTTP/1.1 201 Created"
[2026-09-08 13:31:06,101] INFO httpx HTTP Request: GET http://testserver/safety/ae-cases/summary/ "HTTP/1.1 200 OK"
[2026-09-08 13:31:06,105] DEBUG asyncio Using proactor: IocpProactor
[2026-09-08 13:31:06,107] INFO tria_engine Tria Engine (FastAPI) starting — env=development
[2026-09-08 13:31:06,108] INFO tria_engine UI storage table ready
[2026-09-08 13:31:06,118] INFO tria_engine Database connection OK
[2026-09-08 13:31:06,272] INFO httpx HTTP Request: POST http://testserver/api/accounts/login/ "HTTP/1.1 200 OK"
[2026-09-08 13:31:06,297] INFO httpx HTTP Request: GET http://testserver/monitoring/requests/ "HTTP/1.1 200 OK"
[2026-09-08 13:31:06,304] INFO httpx HTTP Request: GET http://testserver/organizations/ "HTTP/1.1 200 OK"
[2026-09-08 13:31:06,676] INFO httpx HTTP Request: POST http://testserver/api/accounts/login/ "HTTP/1.1 200 OK"
[2026-09-08 13:31:06,706] INFO httpx HTTP Request: POST http://testserver/monitoring/requests/ "HTTP/1.1 201 Created"
[2026-09-08 13:31:06,723] INFO httpx HTTP Request: GET http://testserver/monitoring/requests/ "HTTP/1.1 200 OK"
[2026-09-08 13:31:06,735] INFO httpx HTTP Request: POST http://testserver/monitoring/requests/ "HTTP/1.1 400 Bad Request"
[2026-09-08 13:31:06,747] INFO httpx HTTP Request: POST http://testserver/monitoring/requests/ "HTTP/1.1 400 Bad Request"
[2026-09-08 13:31:06,758] INFO httpx HTTP Request: POST http://testserver/monitoring/requests/ "HTTP/1.1 400 Bad Request"
[2026-09-08 13:31:06,894] INFO httpx HTTP Request: POST http://testserver/api/accounts/login/ "HTTP/1.1 200 OK"
[2026-09-08 13:31:06,918] INFO httpx HTTP Request: PUT http://testserver/monitoring/requests/MA-mtsdrgcd/approve/ "HTTP/1.1 200 OK"
[2026-09-08 13:31:06,924] INFO httpx HTTP Request: PUT http://testserver/monitoring/requests/MA-mtsdrgcd/approve/ "HTTP/1.1 400 Bad Request"
[2026-09-08 13:31:07,073] INFO httpx HTTP Request: POST http://testserver/api/accounts/login/ "HTTP/1.1 200 OK"
[2026-09-08 13:31:07,083] INFO httpx HTTP Request: GET http://testserver/monitoring/requests/ "HTTP/1.1 200 OK"
[2026-09-08 13:31:07,090] INFO httpx HTTP Request: GET http://testserver/monitoring/access-check/?site=5 "HTTP/1.1 200 OK"
[2026-09-08 13:31:07,096] DEBUG asyncio Using proactor: IocpProactor
[2026-09-08 13:31:07,098] INFO tria_engine Tria Engine (FastAPI) starting — env=development
[2026-09-08 13:31:07,099] INFO tria_engine UI storage table ready
[2026-09-08 13:31:07,107] INFO tria_engine Database connection OK
[2026-09-08 13:31:07,471] INFO httpx HTTP Request: POST http://testserver/api/accounts/login/ "HTTP/1.1 200 OK"
[2026-09-08 13:31:07,497] INFO httpx HTTP Request: POST http://testserver/monitoring/requests/ "HTTP/1.1 201 Created"
[2026-09-08 13:31:07,621] INFO httpx HTTP Request: POST http://testserver/api/accounts/login/ "HTTP/1.1 200 OK"
[2026-09-08 13:31:07,648] INFO httpx HTTP Request: PUT http://testserver/monitoring/requests/MA-mtsdrgyh/reject/ "HTTP/1.1 200 OK"
[2026-09-08 13:31:07,657] INFO httpx HTTP Request: PUT http://testserver/monitoring/requests/MA-mtsdrgyh/reject/ "HTTP/1.1 400 Bad Request"
[2026-09-08 13:31:07,795] INFO httpx HTTP Request: POST http://testserver/api/accounts/login/ "HTTP/1.1 200 OK"
[2026-09-08 13:31:07,819] INFO httpx HTTP Request: POST http://testserver/monitoring/requests/ "HTTP/1.1 201 Created"
[2026-09-08 13:31:07,941] INFO httpx HTTP Request: POST http://testserver/api/accounts/login/ "HTTP/1.1 200 OK"
[2026-09-08 13:31:07,950] INFO httpx HTTP Request: PUT http://testserver/monitoring/requests/MA-mtsdrgyh/revoke/ "HTTP/1.1 400 Bad Request"
[2026-09-08 13:31:07,977] INFO httpx HTTP Request: PUT http://testserver/monitoring/requests/MA-mtsdrh7e/approve/ "HTTP/1.1 200 OK"
[2026-09-08 13:31:08,028] INFO httpx HTTP Request: PUT http://testserver/monitoring/requests/MA-mtsdrh7e/revoke/ "HTTP/1.1 200 OK"
[2026-09-08 13:31:08,037] INFO httpx HTTP Request: GET http://testserver/monitoring/access-check/?site=6 "HTTP/1.1 200 OK"
[2026-09-08 13:31:08,041] DEBUG asyncio Using proactor: IocpProactor
[2026-09-08 13:31:08,045] INFO tria_engine Tria Engine (FastAPI) starting — env=development
[2026-09-08 13:31:08,046] INFO tria_engine UI storage table ready
[2026-09-08 13:31:08,054] INFO tria_engine Database connection OK
[2026-09-08 13:31:08,450] INFO httpx HTTP Request: POST http://testserver/api/accounts/login/ "HTTP/1.1 200 OK"
[2026-09-08 13:31:08,471] INFO httpx HTTP Request: POST http://testserver/monitoring/requests/ "HTTP/1.1 201 Created"
[2026-09-08 13:31:08,598] INFO httpx HTTP Request: POST http://testserver/api/accounts/login/ "HTTP/1.1 200 OK"
[2026-09-08 13:31:08,604] INFO httpx HTTP Request: GET http://testserver/monitoring/requests/ "HTTP/1.1 200 OK"
[2026-09-08 13:31:08,613] INFO httpx HTTP Request: PUT http://testserver/monitoring/requests/MA-mtsdrhpk/approve/ "HTTP/1.1 404 Not Found"
[2026-09-08 13:31:08,848] INFO httpx HTTP Request: POST http://testserver/api/accounts/login/ "HTTP/1.1 200 OK"
[2026-09-08 13:31:08,857] INFO httpx HTTP Request: PUT http://testserver/monitoring/requests/MA-mtsdrhpk/approve/ "HTTP/1.1 403 Forbidden"
[2026-09-08 13:31:09,134] INFO httpx HTTP Request: POST http://testserver/api/accounts/login/ "HTTP/1.1 200 OK"
[2026-09-08 13:31:09,164] INFO httpx HTTP Request: PUT http://testserver/monitoring/requests/MA-mtsdrhpk/approve/ "HTTP/1.1 200 OK"
[2026-09-08 13:31:09,169] DEBUG asyncio Using proactor: IocpProactor
[2026-09-08 13:31:09,172] INFO tria_engine Tria Engine (FastAPI) starting — env=development
[2026-09-08 13:31:09,173] INFO tria_engine UI storage table ready
[2026-09-08 13:31:09,187] INFO tria_engine Database connection OK
[2026-09-08 13:31:09,332] INFO httpx HTTP Request: POST http://testserver/api/accounts/login/ "HTTP/1.1 200 OK"
[2026-09-08 13:31:09,348] INFO httpx HTTP Request: GET http://testserver/ai-review/sites/9/risk "HTTP/1.1 200 OK"
[2026-09-08 13:31:09,602] INFO httpx HTTP Request: POST http://testserver/api/accounts/login/ "HTTP/1.1 200 OK"
[2026-09-08 13:31:09,628] INFO httpx HTTP Request: POST http://testserver/monitoring/requests/ "HTTP/1.1 201 Created"
[2026-09-08 13:31:09,761] INFO httpx HTTP Request: POST http://testserver/api/accounts/login/ "HTTP/1.1 200 OK"
[2026-09-08 13:31:09,769] INFO httpx HTTP Request: GET http://testserver/ai-review/sites/9/risk "HTTP/1.1 200 OK"
[2026-09-08 13:31:09,773] DEBUG asyncio Using proactor: IocpProactor
[2026-09-08 13:31:09,775] INFO tria_engine Tria Engine (FastAPI) starting — env=development
[2026-09-08 13:31:09,777] INFO tria_engine UI storage table ready
[2026-09-08 13:31:09,785] INFO tria_engine Database connection OK
[2026-09-08 13:31:09,928] INFO httpx HTTP Request: POST http://testserver/api/accounts/login/ "HTTP/1.1 200 OK"
[2026-09-08 13:31:09,966] INFO httpx HTTP Request: GET http://testserver/ai-review/copilot?q=oncology+phase+2 "HTTP/1.1 200 OK"
[2026-09-08 13:31:09,996] INFO httpx HTTP Request: POST http://testserver/safety/ae-cases/ "HTTP/1.1 201 Created"
[2026-09-08 13:31:10,017] INFO httpx HTTP Request: GET http://testserver/ai-review/copilot?q=ONCO "HTTP/1.1 200 OK"
[2026-09-08 13:31:10,022] DEBUG asyncio Using proactor: IocpProactor
[2026-09-08 13:31:10,025] INFO tria_engine Tria Engine (FastAPI) starting — env=development
[2026-09-08 13:31:10,027] INFO tria_engine UI storage table ready
[2026-09-08 13:31:10,035] INFO tria_engine Database connection OK
[2026-09-08 13:31:10,175] INFO httpx HTTP Request: POST http://testserver/api/accounts/login/ "HTTP/1.1 200 OK"
[2026-09-08 13:31:10,191] INFO httpx HTTP Request: POST http://testserver/ai-review/documents/DOC-1/qc "HTTP/1.1 200 OK"
[2026-09-08 13:31:10,210] INFO httpx HTTP Request: POST http://testserver/ai-review/comments/C-1/triage "HTTP/1.1 200 OK"
[2026-09-08 13:31:10,217] INFO httpx HTTP Request: POST http://testserver/ai-review/findings/F-1/decision "HTTP/1.1 400 Bad Request"
[2026-09-08 13:31:10,231] INFO httpx HTTP Request: POST http://testserver/ai-review/findings/F-1/decision "HTTP/1.1 200 OK"
[2026-09-08 13:31:10,595] INFO httpx HTTP Request: POST http://testserver/api/accounts/login/ "HTTP/1.1 200 OK"
[2026-09-08 13:31:10,601] INFO httpx HTTP Request: POST http://testserver/ai-review/documents/DOC-2/qc "HTTP/1.1 403 Forbidden"
[2026-09-08 13:31:10,733] INFO httpx HTTP Request: POST http://testserver/api/accounts/login/ "HTTP/1.1 200 OK"
[2026-09-08 13:31:10,750] INFO httpx HTTP Request: POST http://testserver/ai-review/documents/DOC-2/qc "HTTP/1.1 200 OK"
[2026-09-08 13:31:10,754] DEBUG asyncio Using proactor: IocpProactor
[2026-09-08 13:31:10,756] INFO tria_engine Tria Engine (FastAPI) starting — env=development
[2026-09-08 13:31:10,757] INFO tria_engine UI storage table ready
[2026-09-08 13:31:10,766] INFO tria_engine Database connection OK
[2026-09-08 13:31:11,127] INFO httpx HTTP Request: POST http://testserver/api/accounts/login/ "HTTP/1.1 200 OK"
[2026-09-08 13:31:11,161] INFO httpx HTTP Request: POST http://testserver/safety/ae-cases/ "HTTP/1.1 201 Created"
[2026-09-08 13:31:11,312] INFO httpx HTTP Request: POST http://testserver/api/accounts/login/ "HTTP/1.1 200 OK"
[2026-09-08 13:31:11,323] INFO httpx HTTP Request: GET http://testserver/safety/ae-cases/ "HTTP/1.1 200 OK"
[2026-09-08 13:31:11,333] INFO httpx HTTP Request: GET http://testserver/safety/ae-cases/summary/ "HTTP/1.1 200 OK"
[2026-09-08 13:31:11,340] INFO httpx HTTP Request: GET http://testserver/safety/ae-cases/AE-mtsdrjrz/ "HTTP/1.1 200 OK"
[2026-09-08 13:31:11,350] INFO httpx HTTP Request: POST http://testserver/safety/ae-cases/ "HTTP/1.1 403 Forbidden"
[2026-09-08 13:31:11,363] INFO httpx HTTP Request: PATCH http://testserver/safety/ae-cases/AE-mtsdrjrz/ "HTTP/1.1 403 Forbidden"
[2026-09-08 13:31:11,371] INFO httpx HTTP Request: POST http://testserver/safety/ae-cases/AE-mtsdrjrz/reconcile/ "HTTP/1.1 403 Forbidden"
[2026-09-08 13:31:11,380] INFO httpx HTTP Request: GET http://testserver/safety/ae-cases/ "HTTP/1.1 200 OK"
[2026-09-08 13:31:11,387] INFO httpx HTTP Request: GET http://testserver/safety/ae-cases/AE-mtsdrjrz/ "HTTP/1.1 200 OK"
[2026-09-08 13:31:11,393] DEBUG asyncio Using proactor: IocpProactor
[2026-09-08 13:31:11,396] INFO tria_engine Tria Engine (FastAPI) starting — env=development
[2026-09-08 13:31:11,397] INFO tria_engine UI storage table ready
[2026-09-08 13:31:11,406] INFO tria_engine Database connection OK
[2026-09-08 13:31:11,781] INFO httpx HTTP Request: POST http://testserver/api/accounts/login/ "HTTP/1.1 200 OK"
[2026-09-08 13:31:11,787] INFO httpx HTTP Request: GET http://testserver/organizations/ "HTTP/1.1 200 OK"
[2026-09-08 13:31:11,796] INFO httpx HTTP Request: GET http://testserver/monitoring/requests/ "HTTP/1.1 200 OK"
[2026-09-08 13:31:11,904] INFO httpx HTTP Request: POST http://testserver/monitoring/requests/ "HTTP/1.1 201 Created"
[2026-09-08 13:31:11,920] INFO httpx HTTP Request: GET http://testserver/monitoring/requests/ "HTTP/1.1 200 OK"
[2026-09-08 13:31:11,932] INFO httpx HTTP Request: GET http://testserver/monitoring/access-check/?site=13 "HTTP/1.1 200 OK"
[2026-09-08 13:31:11,944] INFO httpx HTTP Request: PUT http://testserver/monitoring/requests/MA-mtsdrkai/approve/ "HTTP/1.1 403 Forbidden"
[2026-09-08 13:31:11,955] INFO httpx HTTP Request: PUT http://testserver/monitoring/requests/MA-mtsdrkai/reject/ "HTTP/1.1 403 Forbidden"
[2026-09-08 13:31:11,968] INFO httpx HTTP Request: PUT http://testserver/monitoring/requests/MA-mtsdrkai/revoke/ "HTTP/1.1 403 Forbidden"
[2026-09-08 13:31:12,103] INFO httpx HTTP Request: POST http://testserver/api/accounts/login/ "HTTP/1.1 200 OK"
[2026-09-08 13:31:12,124] INFO httpx HTTP Request: PUT http://testserver/monitoring/requests/MA-mtsdrkai/approve/ "HTTP/1.1 200 OK"
[2026-09-08 13:31:12,249] INFO httpx HTTP Request: POST http://testserver/api/accounts/login/ "HTTP/1.1 200 OK"
[2026-09-08 13:31:12,255] INFO httpx HTTP Request: GET http://testserver/monitoring/access-check/?site=13 "HTTP/1.1 200 OK"
[2026-09-08 13:31:12,261] DEBUG asyncio Using proactor: IocpProactor
[2026-09-08 13:31:12,263] INFO tria_engine Tria Engine (FastAPI) starting — env=development
[2026-09-08 13:31:12,264] INFO tria_engine UI storage table ready
[2026-09-08 13:31:12,272] INFO tria_engine Database connection OK
[2026-09-08 13:31:12,599] INFO httpx HTTP Request: POST http://testserver/api/accounts/login/ "HTTP/1.1 200 OK"
[2026-09-08 13:31:12,607] INFO httpx HTTP Request: PUT http://testserver/api/accounts/users/51/scope/ "HTTP/1.1 403 Forbidden"
[2026-09-08 13:31:12,613] DEBUG asyncio Using proactor: IocpProactor
[2026-09-08 13:31:12,616] INFO tria_engine Tria Engine (FastAPI) starting — env=development
[2026-09-08 13:31:12,617] INFO tria_engine UI storage table ready
[2026-09-08 13:31:12,630] INFO tria_engine Database connection OK
[2026-09-08 13:31:12,771] INFO httpx HTTP Request: POST http://testserver/api/accounts/login/ "HTTP/1.1 200 OK"
[2026-09-08 13:31:12,781] INFO httpx HTTP Request: PUT http://testserver/api/accounts/users/999999999/scope/ "HTTP/1.1 404 Not Found"
[2026-09-08 13:31:12,785] DEBUG asyncio Using proactor: IocpProactor
[2026-09-08 13:31:12,787] INFO tria_engine Tria Engine (FastAPI) starting — env=development
[2026-09-08 13:31:12,788] INFO tria_engine UI storage table ready
[2026-09-08 13:31:12,798] INFO tria_engine Database connection OK
[2026-09-08 13:31:13,057] INFO httpx HTTP Request: POST http://testserver/api/accounts/login/ "HTTP/1.1 200 OK"
[2026-09-08 13:31:13,079] INFO httpx HTTP Request: POST http://testserver/api/site/irb/ "HTTP/1.1 201 Created"
[2026-09-08 13:31:13,319] INFO httpx HTTP Request: POST http://testserver/api/accounts/login/ "HTTP/1.1 200 OK"
[2026-09-08 13:31:13,350] INFO httpx HTTP Request: POST http://testserver/api/site/irb/ "HTTP/1.1 201 Created"
[2026-09-08 13:31:13,597] INFO httpx HTTP Request: POST http://testserver/api/accounts/login/ "HTTP/1.1 200 OK"
[2026-09-08 13:31:13,619] INFO httpx HTTP Request: POST http://testserver/api/site/irb/ "HTTP/1.1 201 Created"
[2026-09-08 13:31:13,865] INFO httpx HTTP Request: POST http://testserver/api/accounts/login/ "HTTP/1.1 200 OK"
[2026-09-08 13:31:13,892] INFO httpx HTTP Request: PUT http://testserver/api/accounts/users/55/scope/ "HTTP/1.1 200 OK"
[2026-09-08 13:31:14,021] INFO httpx HTTP Request: POST http://testserver/api/accounts/login/ "HTTP/1.1 200 OK"
[2026-09-08 13:31:14,031] INFO httpx HTTP Request: GET http://testserver/api/site/irb/ "HTTP/1.1 200 OK"
[2026-09-08 13:31:14,035] DEBUG asyncio Using proactor: IocpProactor
[2026-09-08 13:31:14,037] INFO tria_engine Tria Engine (FastAPI) starting — env=development
[2026-09-08 13:31:14,038] INFO tria_engine UI storage table ready
[2026-09-08 13:31:14,052] INFO tria_engine Database connection OK
[2026-09-08 13:31:14,316] INFO httpx HTTP Request: POST http://testserver/api/accounts/login/ "HTTP/1.1 200 OK"
[2026-09-08 13:31:14,342] INFO httpx HTTP Request: POST http://testserver/api/site/irb/ "HTTP/1.1 201 Created"
[2026-09-08 13:31:14,604] INFO httpx HTTP Request: POST http://testserver/api/accounts/login/ "HTTP/1.1 200 OK"
[2026-09-08 13:31:14,627] INFO httpx HTTP Request: POST http://testserver/api/site/irb/ "HTTP/1.1 201 Created"
[2026-09-08 13:31:14,914] INFO httpx HTTP Request: POST http://testserver/api/accounts/login/ "HTTP/1.1 200 OK"
[2026-09-08 13:31:14,945] INFO httpx HTTP Request: PUT http://testserver/api/accounts/users/58/scope/ "HTTP/1.1 200 OK"
[2026-09-08 13:31:15,085] INFO httpx HTTP Request: POST http://testserver/api/accounts/login/ "HTTP/1.1 200 OK"
[2026-09-08 13:31:15,094] INFO httpx HTTP Request: GET http://testserver/api/site/irb/ "HTTP/1.1 200 OK"
[2026-09-08 13:31:15,099] DEBUG asyncio Using proactor: IocpProactor
[2026-09-08 13:31:15,100] INFO tria_engine Tria Engine (FastAPI) starting — env=development
[2026-09-08 13:31:15,102] INFO tria_engine UI storage table ready
[2026-09-08 13:31:15,111] INFO tria_engine Database connection OK
[2026-09-08 13:31:15,349] INFO httpx HTTP Request: POST http://testserver/api/accounts/login/ "HTTP/1.1 200 OK"
[2026-09-08 13:31:15,373] INFO httpx HTTP Request: POST http://testserver/api/site/irb/ "HTTP/1.1 201 Created"
[2026-09-08 13:31:15,632] INFO httpx HTTP Request: POST http://testserver/api/accounts/login/ "HTTP/1.1 200 OK"
[2026-09-08 13:31:15,656] INFO httpx HTTP Request: PUT http://testserver/api/accounts/users/60/scope/ "HTTP/1.1 200 OK"
[2026-09-08 13:31:15,783] INFO httpx HTTP Request: POST http://testserver/api/accounts/login/ "HTTP/1.1 200 OK"
[2026-09-08 13:31:15,793] INFO httpx HTTP Request: GET http://testserver/api/site/irb/ "HTTP/1.1 200 OK"
[2026-09-08 13:31:15,798] DEBUG asyncio Using proactor: IocpProactor
[2026-09-08 13:31:15,799] INFO tria_engine Tria Engine (FastAPI) starting — env=development
[2026-09-08 13:31:15,800] INFO tria_engine UI storage table ready
[2026-09-08 13:31:15,811] INFO tria_engine Database connection OK
[2026-09-08 13:31:16,054] INFO httpx HTTP Request: POST http://testserver/api/accounts/login/ "HTTP/1.1 200 OK"
[2026-09-08 13:31:16,090] INFO httpx HTTP Request: GET http://testserver/api/accounts/users/?page_size=100 "HTTP/1.1 200 OK"
[2026-09-08 13:31:16,101] DEBUG asyncio Using proactor: IocpProactor
[2026-09-08 13:31:16,104] INFO tria_engine Tria Engine (FastAPI) starting — env=development
[2026-09-08 13:31:16,105] INFO tria_engine UI storage table ready
[2026-09-08 13:31:16,118] INFO tria_engine Database connection OK
[2026-09-08 13:31:16,373] INFO httpx HTTP Request: POST http://testserver/api/accounts/login/ "HTTP/1.1 200 OK"
[2026-09-08 13:31:16,400] INFO httpx HTTP Request: POST http://testserver/api/site/irb/ "HTTP/1.1 201 Created"
[2026-09-08 13:31:16,641] INFO httpx HTTP Request: POST http://testserver/api/accounts/login/ "HTTP/1.1 200 OK"
[2026-09-08 13:31:16,665] INFO httpx HTTP Request: POST http://testserver/api/site/irb/ "HTTP/1.1 201 Created"
[2026-09-08 13:31:16,671] DEBUG asyncio Using proactor: IocpProactor
[2026-09-08 13:31:16,674] INFO tria_engine Tria Engine (FastAPI) starting — env=development
[2026-09-08 13:31:16,676] INFO tria_engine UI storage table ready
[2026-09-08 13:31:16,693] INFO tria_engine Database connection OK
[2026-09-08 13:31:16,944] INFO httpx HTTP Request: POST http://testserver/api/accounts/login/ "HTTP/1.1 200 OK"
[2026-09-08 13:31:16,970] INFO httpx HTTP Request: POST http://testserver/api/site/irb/ "HTTP/1.1 201 Created"
[2026-09-08 13:31:17,215] INFO httpx HTTP Request: POST http://testserver/api/accounts/login/ "HTTP/1.1 200 OK"
[2026-09-08 13:31:17,238] INFO httpx HTTP Request: POST http://testserver/api/site/irb/ "HTTP/1.1 201 Created"
[2026-09-08 13:31:17,481] INFO httpx HTTP Request: POST http://testserver/api/accounts/login/ "HTTP/1.1 200 OK"
[2026-09-08 13:31:17,501] INFO httpx HTTP Request: POST http://testserver/api/site/irb/ "HTTP/1.1 201 Created"
[2026-09-08 13:31:17,753] INFO httpx HTTP Request: POST http://testserver/api/accounts/login/ "HTTP/1.1 200 OK"
[2026-09-08 13:31:17,762] INFO httpx HTTP Request: GET http://testserver/api/site/irb/ "HTTP/1.1 200 OK"
[2026-09-08 13:31:17,771] INFO httpx HTTP Request: GET http://testserver/api/site/irb/IRB-MTSDROH0 "HTTP/1.1 404 Not Found"
[2026-09-08 13:31:17,780] INFO httpx HTTP Request: GET http://testserver/api/site/irb/IRB-MTSDRO9I "HTTP/1.1 200 OK"
[2026-09-08 13:31:17,785] DEBUG asyncio Using proactor: IocpProactor
[2026-09-08 13:31:17,787] INFO tria_engine Tria Engine (FastAPI) starting — env=development
[2026-09-08 13:31:17,789] INFO tria_engine UI storage table ready
[2026-09-08 13:31:17,804] INFO tria_engine Database connection OK
[2026-09-08 13:31:18,045] INFO httpx HTTP Request: POST http://testserver/api/accounts/login/ "HTTP/1.1 200 OK"
[2026-09-08 13:31:18,076] INFO httpx HTTP Request: POST http://testserver/api/site/irb/ "HTTP/1.1 201 Created"
[2026-09-08 13:31:18,327] INFO httpx HTTP Request: POST http://testserver/api/accounts/login/ "HTTP/1.1 200 OK"
[2026-09-08 13:31:18,353] INFO httpx HTTP Request: POST http://testserver/api/site/irb/ "HTTP/1.1 201 Created"
[2026-09-08 13:31:18,580] INFO httpx HTTP Request: POST http://testserver/api/accounts/login/ "HTTP/1.1 200 OK"
[2026-09-08 13:31:18,587] INFO httpx HTTP Request: GET http://testserver/api/site/irb/ "HTTP/1.1 200 OK"
[2026-09-08 13:31:18,597] INFO httpx HTTP Request: GET http://testserver/api/site/irb/IRB-MTSDRPC0 "HTTP/1.1 404 Not Found"
[2026-09-08 13:31:18,601] DEBUG asyncio Using proactor: IocpProactor
[2026-09-08 13:31:18,603] INFO tria_engine Tria Engine (FastAPI) starting — env=development
[2026-09-08 13:31:18,604] INFO tria_engine UI storage table ready
[2026-09-08 13:31:18,614] INFO tria_engine Database connection OK
[2026-09-08 13:31:18,853] INFO httpx HTTP Request: POST http://testserver/api/accounts/login/ "HTTP/1.1 200 OK"
[2026-09-08 13:31:18,885] INFO httpx HTTP Request: POST http://testserver/api/site/irb/ "HTTP/1.1 201 Created"
[2026-09-08 13:31:19,129] INFO httpx HTTP Request: POST http://testserver/api/accounts/login/ "HTTP/1.1 200 OK"
[2026-09-08 13:31:19,163] INFO httpx HTTP Request: POST http://testserver/api/site/irb/ "HTTP/1.1 201 Created"
[2026-09-08 13:31:19,414] INFO httpx HTTP Request: POST http://testserver/api/accounts/login/ "HTTP/1.1 200 OK"
[2026-09-08 13:31:19,420] INFO httpx HTTP Request: GET http://testserver/api/site/irb/ "HTTP/1.1 200 OK"
[2026-09-08 13:31:19,429] INFO httpx HTTP Request: GET http://testserver/api/site/irb/IRB-MTSDRPY7 "HTTP/1.1 404 Not Found"
[2026-09-08 13:31:19,433] DEBUG asyncio Using proactor: IocpProactor
[2026-09-08 13:31:19,435] INFO tria_engine Tria Engine (FastAPI) starting — env=development
[2026-09-08 13:31:19,436] INFO tria_engine UI storage table ready
[2026-09-08 13:31:19,446] INFO tria_engine Database connection OK
[2026-09-08 13:31:19,698] INFO httpx HTTP Request: POST http://testserver/api/accounts/login/ "HTTP/1.1 200 OK"
[2026-09-08 13:31:19,715] INFO httpx HTTP Request: POST http://testserver/api/site/irb/ "HTTP/1.1 403 Forbidden"
[2026-09-08 13:31:19,745] INFO httpx HTTP Request: POST http://testserver/api/site/ip/shipments/ "HTTP/1.1 403 Forbidden"
[2026-09-08 13:31:19,790] INFO httpx HTTP Request: POST http://testserver/api/site/ip/shipments/ "HTTP/1.1 201 Created"
[2026-09-08 13:31:19,796] DEBUG asyncio Using proactor: IocpProactor
[2026-09-08 13:31:19,797] INFO tria_engine Tria Engine (FastAPI) starting — env=development
[2026-09-08 13:31:19,799] INFO tria_engine UI storage table ready
[2026-09-08 13:31:19,808] INFO tria_engine Database connection OK
[2026-09-08 13:31:20,055] INFO httpx HTTP Request: POST http://testserver/api/accounts/login/ "HTTP/1.1 200 OK"
[2026-09-08 13:31:20,078] INFO httpx HTTP Request: POST http://testserver/api/site/irb/ "HTTP/1.1 201 Created"
[2026-09-08 13:31:20,347] INFO httpx HTTP Request: POST http://testserver/api/accounts/login/ "HTTP/1.1 200 OK"
[2026-09-08 13:31:20,354] INFO httpx HTTP Request: POST http://testserver/api/site/irb/IRB-MTSDRQNZ/decision "HTTP/1.1 404 Not Found"
[2026-09-08 13:31:20,361] DEBUG asyncio Using proactor: IocpProactor
[2026-09-08 13:31:20,362] INFO tria_engine Tria Engine (FastAPI) starting — env=development
[2026-09-08 13:31:20,363] INFO tria_engine UI storage table ready
[2026-09-08 13:31:20,371] INFO tria_engine Database connection OK
[2026-09-08 13:31:20,599] INFO httpx HTTP Request: POST http://testserver/api/accounts/login/ "HTTP/1.1 200 OK"
[2026-09-08 13:31:20,622] INFO httpx HTTP Request: POST http://testserver/api/site/irb/ "HTTP/1.1 201 Created"
[2026-09-08 13:31:20,863] INFO httpx HTTP Request: POST http://testserver/api/accounts/login/ "HTTP/1.1 200 OK"
[2026-09-08 13:31:20,884] INFO httpx HTTP Request: POST http://testserver/api/site/irb/ "HTTP/1.1 201 Created"
[2026-09-08 13:31:21,150] INFO httpx HTTP Request: POST http://testserver/api/accounts/login/ "HTTP/1.1 200 OK"
[2026-09-08 13:31:21,161] INFO httpx HTTP Request: GET http://testserver/api/site/irb/ "HTTP/1.1 200 OK"
[2026-09-08 13:31:21,165] DEBUG asyncio Using proactor: IocpProactor
[2026-09-08 13:31:21,167] INFO tria_engine Tria Engine (FastAPI) starting — env=development
[2026-09-08 13:31:21,168] INFO tria_engine UI storage table ready
[2026-09-08 13:31:21,178] INFO tria_engine Database connection OK
[2026-09-08 13:31:21,430] INFO httpx HTTP Request: POST http://testserver/api/accounts/login/ "HTTP/1.1 200 OK"
[2026-09-08 13:31:21,451] INFO httpx HTTP Request: POST http://testserver/api/site/irb/ "HTTP/1.1 201 Created"
[2026-09-08 13:31:21,697] INFO httpx HTTP Request: POST http://testserver/api/accounts/login/ "HTTP/1.1 200 OK"
[2026-09-08 13:31:21,724] INFO httpx HTTP Request: POST http://testserver/api/site/irb/ "HTTP/1.1 201 Created"
[2026-09-08 13:31:21,928] INFO httpx HTTP Request: POST http://testserver/api/accounts/login/ "HTTP/1.1 200 OK"
[2026-09-08 13:31:21,937] INFO httpx HTTP Request: GET http://testserver/api/site/irb/ "HTTP/1.1 200 OK"
[2026-09-08 13:31:21,945] INFO httpx HTTP Request: GET http://testserver/api/site/irb/IRB-MTSDRRXK "HTTP/1.1 200 OK"
[2026-09-08 13:31:21,949] DEBUG asyncio Using proactor: IocpProactor
[2026-09-08 13:31:21,951] INFO tria_engine Tria Engine (FastAPI) starting — env=development
[2026-09-08 13:31:21,952] INFO tria_engine UI storage table ready
[2026-09-08 13:31:21,963] INFO tria_engine Database connection OK
[2026-09-08 13:31:23,531] DEBUG asyncio Using proactor: IocpProactor
[2026-09-08 13:31:23,533] INFO tria_engine Tria Engine (FastAPI) starting — env=development
[2026-09-08 13:31:23,535] INFO tria_engine UI storage table ready
[2026-09-08 13:31:23,545] INFO tria_engine Database connection OK
[2026-09-08 13:31:23,680] INFO httpx HTTP Request: POST http://testserver/api/accounts/login/ "HTTP/1.1 200 OK"
[2026-09-08 13:31:23,715] INFO httpx HTTP Request: POST http://testserver/api/eisf/documents "HTTP/1.1 200 OK"
[2026-09-08 13:31:23,748] INFO httpx HTTP Request: POST http://testserver/api/eisf/documents/EISF-MTSDRTGM/sign "HTTP/1.1 200 OK"
[2026-09-08 13:31:23,757] INFO httpx HTTP Request: GET http://testserver/api/eisf/documents/EISF-MTSDRTGM/signatures "HTTP/1.1 200 OK"
[2026-09-08 13:31:23,762] DEBUG asyncio Using proactor: IocpProactor
[2026-09-08 13:31:23,764] INFO tria_engine Tria Engine (FastAPI) starting — env=development
[2026-09-08 13:31:23,765] INFO tria_engine UI storage table ready
[2026-09-08 13:31:23,774] INFO tria_engine Database connection OK
[2026-09-08 13:31:23,910] INFO httpx HTTP Request: POST http://testserver/api/accounts/login/ "HTTP/1.1 200 OK"
[2026-09-08 13:31:23,949] INFO httpx HTTP Request: POST http://testserver/api/eisf/documents "HTTP/1.1 200 OK"
[2026-09-08 13:31:23,959] INFO httpx HTTP Request: POST http://testserver/api/eisf/documents/EISF-MTSDRTN0/sign "HTTP/1.1 400 Bad Request"
[2026-09-08 13:31:23,963] DEBUG asyncio Using proactor: IocpProactor
[2026-09-08 13:31:23,965] INFO tria_engine Tria Engine (FastAPI) starting — env=development
[2026-09-08 13:31:23,966] INFO tria_engine UI storage table ready
[2026-09-08 13:31:23,976] INFO tria_engine Database connection OK
[2026-09-08 13:31:24,121] INFO httpx HTTP Request: POST http://testserver/api/accounts/login/ "HTTP/1.1 200 OK"
[2026-09-08 13:31:24,153] INFO httpx HTTP Request: POST http://testserver/api/eisf/documents "HTTP/1.1 200 OK"
[2026-09-08 13:31:24,161] INFO httpx HTTP Request: GET http://testserver/api/eisf/documents/EISF-MTSDRTSX/verify-integrity "HTTP/1.1 200 OK"
[2026-09-08 13:31:24,178] INFO httpx HTTP Request: GET http://testserver/api/eisf/documents/EISF-MTSDRTSX/verify-integrity "HTTP/1.1 200 OK"
[2026-09-08 13:31:24,183] DEBUG asyncio Using proactor: IocpProactor
[2026-09-08 13:31:24,185] INFO tria_engine Tria Engine (FastAPI) starting — env=development
[2026-09-08 13:31:24,186] INFO tria_engine UI storage table ready
[2026-09-08 13:31:24,196] INFO tria_engine Database connection OK
[2026-09-08 13:31:24,332] INFO httpx HTTP Request: POST http://testserver/api/accounts/login/ "HTTP/1.1 200 OK"
[2026-09-08 13:31:24,362] INFO httpx HTTP Request: POST http://testserver/api/eisf/documents "HTTP/1.1 200 OK"
[2026-09-08 13:31:24,368] INFO httpx HTTP Request: GET http://testserver/api/eisf/documents/EISF-MTSDRTYP/download "HTTP/1.1 400 Bad Request"
[2026-09-08 13:31:24,376] INFO httpx HTTP Request: GET http://testserver/api/eisf/documents/EISF-MTSDRTYP/download?token=***REDACTED*** "HTTP/1.1 403 Forbidden"
[2026-09-08 13:31:24,382] INFO httpx HTTP Request: GET http://testserver/api/eisf/documents/EISF-MTSDRTYP/download-token "HTTP/1.1 200 OK"
[2026-09-08 13:31:24,389] INFO httpx HTTP Request: GET http://testserver/api/eisf/documents/EISF-MTSDRTYP/download?token=***REDACTED*** "HTTP/1.1 200 OK"
[2026-09-08 13:31:24,423] INFO httpx HTTP Request: POST http://testserver/api/eisf/documents "HTTP/1.1 200 OK"
[2026-09-08 13:31:24,434] INFO httpx HTTP Request: GET http://testserver/api/eisf/documents/EISF-MTSDRU0B/download?token=***REDACTED*** "HTTP/1.1 403 Forbidden"
[2026-09-08 13:31:24,440] DEBUG asyncio Using proactor: IocpProactor
[2026-09-08 13:31:24,443] INFO tria_engine Tria Engine (FastAPI) starting — env=development
[2026-09-08 13:31:24,444] INFO tria_engine UI storage table ready
[2026-09-08 13:31:24,451] INFO tria_engine Database connection OK
[2026-09-08 13:31:24,600] INFO httpx HTTP Request: POST http://testserver/api/accounts/login/ "HTTP/1.1 200 OK"
[2026-09-08 13:31:24,624] INFO httpx HTTP Request: POST http://testserver/api/audit/signatures "HTTP/1.1 200 OK"
[2026-09-08 13:31:24,634] DEBUG asyncio Using proactor: IocpProactor
[2026-09-08 13:31:24,637] INFO tria_engine Tria Engine (FastAPI) starting — env=development
[2026-09-08 13:31:24,642] INFO tria_engine UI storage table ready
[2026-09-08 13:31:24,654] INFO tria_engine Database connection OK
[2026-09-08 13:31:24,779] INFO httpx HTTP Request: POST http://testserver/api/accounts/login/ "HTTP/1.1 200 OK"
[2026-09-08 13:31:24,910] INFO httpx HTTP Request: POST http://testserver/api/signature-requests/ "HTTP/1.1 200 OK"
[2026-09-08 13:31:24,917] INFO httpx HTTP Request: GET http://testserver/api/signature-requests/ "HTTP/1.1 200 OK"
[2026-09-08 13:31:24,943] INFO httpx HTTP Request: POST http://testserver/api/signature-requests/1/sign "HTTP/1.1 200 OK"
[2026-09-08 13:31:25,091] INFO httpx HTTP Request: POST http://testserver/api/accounts/login/ "HTTP/1.1 200 OK"
[2026-09-08 13:31:25,114] INFO httpx HTTP Request: POST http://testserver/api/signature-requests/1/sign "HTTP/1.1 200 OK"
[2026-09-08 13:31:25,253] INFO httpx HTTP Request: POST http://testserver/api/accounts/login/ "HTTP/1.1 200 OK"
[2026-09-08 13:31:25,264] INFO httpx HTTP Request: POST http://testserver/api/signature-requests/1/sign "HTTP/1.1 400 Bad Request"
[2026-09-08 13:31:25,268] DEBUG asyncio Using proactor: IocpProactor
[2026-09-08 13:31:25,270] INFO tria_engine Tria Engine (FastAPI) starting — env=development
[2026-09-08 13:31:25,271] INFO tria_engine UI storage table ready
[2026-09-08 13:31:25,283] INFO tria_engine Database connection OK
[2026-09-08 13:31:25,290] INFO httpx HTTP Request: GET http://testserver/api/site/subjects/enrollment-counts/ "HTTP/1.1 401 Unauthorized"
[2026-09-08 13:31:25,296] DEBUG asyncio Using proactor: IocpProactor
[2026-09-08 13:31:25,298] INFO tria_engine Tria Engine (FastAPI) starting — env=development
[2026-09-08 13:31:25,299] INFO tria_engine UI storage table ready
[2026-09-08 13:31:25,309] INFO tria_engine Database connection OK
[2026-09-08 13:31:25,444] INFO httpx HTTP Request: POST http://testserver/api/accounts/login/ "HTTP/1.1 200 OK"
[2026-09-08 13:31:25,470] INFO httpx HTTP Request: POST http://testserver/api/site/subjects/sync "HTTP/1.1 200 OK"
[2026-09-08 13:31:25,500] INFO httpx HTTP Request: GET http://testserver/api/site/subjects/enrollment-counts/ "HTTP/1.1 200 OK"
[2026-09-08 13:31:25,548] DEBUG asyncio Using proactor: IocpProactor
[2026-09-08 13:31:25,550] INFO tria_engine Tria Engine (FastAPI) starting — env=development
[2026-09-08 13:31:25,552] INFO tria_engine UI storage table ready
[2026-09-08 13:31:25,562] INFO tria_engine Database connection OK
[2026-09-08 13:31:25,695] INFO httpx HTTP Request: POST http://testserver/api/accounts/login/ "HTTP/1.1 200 OK"
[2026-09-08 13:31:25,710] INFO httpx HTTP Request: POST http://testserver/api/site/subjects/sync "HTTP/1.1 200 OK"
[2026-09-08 13:31:25,716] INFO httpx HTTP Request: GET http://testserver/api/site/subjects/enrollment-counts/ "HTTP/1.1 200 OK"
[2026-09-08 13:31:25,730] INFO httpx HTTP Request: GET http://testserver/api/site/subjects/enrollment-counts/ "HTTP/1.1 200 OK"
[2026-09-08 13:31:25,739] INFO httpx HTTP Request: POST http://testserver/api/site/subjects/sync "HTTP/1.1 200 OK"
[2026-09-08 13:31:25,746] INFO httpx HTTP Request: GET http://testserver/api/site/subjects/enrollment-counts/ "HTTP/1.1 200 OK"
[2026-09-08 13:31:25,760] DEBUG asyncio Using proactor: IocpProactor
[2026-09-08 13:31:25,761] INFO tria_engine Tria Engine (FastAPI) starting — env=development
[2026-09-08 13:31:25,762] INFO tria_engine UI storage table ready
[2026-09-08 13:31:25,770] INFO tria_engine Database connection OK
[2026-09-08 13:31:26,130] INFO httpx HTTP Request: POST http://testserver/api/accounts/login/ "HTTP/1.1 200 OK"
[2026-09-08 13:31:26,146] INFO httpx HTTP Request: POST http://testserver/api/site/subjects/sync "HTTP/1.1 200 OK"
[2026-09-08 13:31:26,294] INFO httpx HTTP Request: POST http://testserver/api/accounts/login/ "HTTP/1.1 200 OK"
[2026-09-08 13:31:26,311] INFO httpx HTTP Request: POST http://testserver/api/site/subjects/sync "HTTP/1.1 200 OK"
[2026-09-08 13:31:26,319] INFO httpx HTTP Request: GET http://testserver/api/site/subjects/enrollment-counts/ "HTTP/1.1 200 OK"
[2026-09-08 13:31:26,337] DEBUG asyncio Using proactor: IocpProactor
[2026-09-08 13:31:26,341] INFO tria_engine Tria Engine (FastAPI) starting — env=development
[2026-09-08 13:31:26,342] INFO tria_engine UI storage table ready
[2026-09-08 13:31:26,351] INFO tria_engine Database connection OK
[2026-09-08 13:31:26,359] INFO httpx HTTP Request: POST http://testserver/api/site/subjects/history/sync "HTTP/1.1 401 Unauthorized"
[2026-09-08 13:31:26,369] INFO httpx HTTP Request: GET http://testserver/api/site/subjects/TNX-HIST%3A%3AS-1001/history "HTTP/1.1 401 Unauthorized"
[2026-09-08 13:31:26,378] INFO httpx HTTP Request: GET http://testserver/api/site/subjects/TNX-HIST%3A%3AS-1001/consent "HTTP/1.1 401 Unauthorized"
[2026-09-08 13:31:26,383] DEBUG asyncio Using proactor: IocpProactor
[2026-09-08 13:31:26,385] INFO tria_engine Tria Engine (FastAPI) starting — env=development
[2026-09-08 13:31:26,386] INFO tria_engine UI storage table ready
[2026-09-08 13:31:26,396] INFO tria_engine Database connection OK
[2026-09-08 13:31:26,530] INFO httpx HTTP Request: POST http://testserver/api/accounts/login/ "HTTP/1.1 200 OK"
[2026-09-08 13:31:26,540] INFO httpx HTTP Request: GET http://testserver/api/site/subjects/TNX-NOPE%3A%3AS-0/history "HTTP/1.1 404 Not Found"
[2026-09-08 13:31:26,547] INFO httpx HTTP Request: GET http://testserver/api/site/subjects/TNX-NOPE%3A%3AS-0/consent "HTTP/1.1 404 Not Found"
[2026-09-08 13:31:26,554] DEBUG asyncio Using proactor: IocpProactor
[2026-09-08 13:31:26,557] INFO tria_engine Tria Engine (FastAPI) starting — env=development
[2026-09-08 13:31:26,559] INFO tria_engine UI storage table ready
[2026-09-08 13:31:26,566] INFO tria_engine Database connection OK
[2026-09-08 13:31:26,701] INFO httpx HTTP Request: POST http://testserver/api/accounts/login/ "HTTP/1.1 200 OK"
[2026-09-08 13:31:26,724] INFO httpx HTTP Request: POST http://testserver/api/site/subjects/sync "HTTP/1.1 200 OK"
[2026-09-08 13:31:26,752] INFO httpx HTTP Request: POST http://testserver/api/site/subjects/history/sync "HTTP/1.1 200 OK"
[2026-09-08 13:31:27,066] INFO httpx HTTP Request: POST http://testserver/api/accounts/login/ "HTTP/1.1 200 OK"
[2026-09-08 13:31:27,083] INFO httpx HTTP Request: GET http://testserver/api/site/subjects/TNX-HIST-ORG%3A%3AS-1001/history "HTTP/1.1 404 Not Found"
[2026-09-08 13:31:27,100] INFO httpx HTTP Request: GET http://testserver/api/site/subjects/TNX-HIST-ORG%3A%3AS-1001/consent "HTTP/1.1 404 Not Found"
[2026-09-08 13:31:27,129] DEBUG asyncio Using proactor: IocpProactor
[2026-09-08 13:31:27,132] INFO tria_engine Tria Engine (FastAPI) starting — env=development
[2026-09-08 13:31:27,135] INFO tria_engine UI storage table ready
[2026-09-08 13:31:27,160] INFO tria_engine Database connection OK
[2026-09-08 13:31:27,394] INFO httpx HTTP Request: POST http://testserver/api/accounts/login/ "HTTP/1.1 200 OK"
[2026-09-08 13:31:27,401] INFO httpx HTTP Request: POST http://testserver/api/site/subjects/history/sync "HTTP/1.1 403 Forbidden"
[2026-09-08 13:31:27,407] DEBUG asyncio Using proactor: IocpProactor
[2026-09-08 13:31:27,410] INFO tria_engine Tria Engine (FastAPI) starting — env=development
[2026-09-08 13:31:27,411] INFO tria_engine UI storage table ready
[2026-09-08 13:31:27,418] INFO tria_engine Database connection OK
[2026-09-08 13:31:27,562] INFO httpx HTTP Request: POST http://testserver/api/accounts/login/ "HTTP/1.1 200 OK"
[2026-09-08 13:31:27,582] INFO httpx HTTP Request: POST http://testserver/api/site/subjects/sync "HTTP/1.1 200 OK"
[2026-09-08 13:31:27,607] INFO httpx HTTP Request: POST http://testserver/api/site/subjects/history/sync "HTTP/1.1 200 OK"
[2026-09-08 13:31:27,628] INFO httpx HTTP Request: GET http://testserver/api/site/subjects/TNX-HIST-APPEND%3A%3AS-1001/history "HTTP/1.1 200 OK"
[2026-09-08 13:31:27,648] DEBUG asyncio Using proactor: IocpProactor
[2026-09-08 13:31:27,651] INFO tria_engine Tria Engine (FastAPI) starting — env=development
[2026-09-08 13:31:27,653] INFO tria_engine UI storage table ready
[2026-09-08 13:31:27,665] INFO tria_engine Database connection OK
[2026-09-08 13:31:27,807] INFO httpx HTTP Request: POST http://testserver/api/accounts/login/ "HTTP/1.1 200 OK"
[2026-09-08 13:31:27,826] INFO httpx HTTP Request: POST http://testserver/api/site/subjects/sync "HTTP/1.1 200 OK"
[2026-09-08 13:31:27,843] INFO httpx HTTP Request: POST http://testserver/api/site/subjects/history/sync "HTTP/1.1 200 OK"
[2026-09-08 13:31:27,862] INFO httpx HTTP Request: POST http://testserver/api/site/visits/sync "HTTP/1.1 200 OK"
[2026-09-08 13:31:27,880] INFO httpx HTTP Request: POST http://testserver/api/site/icf/versions/sync "HTTP/1.1 200 OK"
[2026-09-08 13:31:27,897] INFO httpx HTTP Request: POST http://testserver/api/site/icf/events/sync "HTTP/1.1 200 OK"
[2026-09-08 13:31:27,910] INFO httpx HTTP Request: GET http://testserver/api/site/subjects/TNX-HIST-MERGE%3A%3AS-1001/history "HTTP/1.1 200 OK"
[2026-09-08 13:31:27,927] DEBUG asyncio Using proactor: IocpProactor
[2026-09-08 13:31:27,929] INFO tria_engine Tria Engine (FastAPI) starting — env=development
[2026-09-08 13:31:27,930] INFO tria_engine UI storage table ready
[2026-09-08 13:31:27,940] INFO tria_engine Database connection OK
[2026-09-08 13:31:28,078] INFO httpx HTTP Request: POST http://testserver/api/accounts/login/ "HTTP/1.1 200 OK"
[2026-09-08 13:31:28,098] INFO httpx HTTP Request: POST http://testserver/api/site/subjects/sync "HTTP/1.1 200 OK"
[2026-09-08 13:31:28,113] INFO httpx HTTP Request: GET http://testserver/api/site/subjects/TNX-HIST-CONSENT%3A%3AS-1001/consent "HTTP/1.1 200 OK"
[2026-09-08 13:31:28,131] INFO httpx HTTP Request: POST http://testserver/api/site/icf/versions/sync "HTTP/1.1 200 OK"
[2026-09-08 13:31:28,152] INFO httpx HTTP Request: POST http://testserver/api/site/icf/events/sync "HTTP/1.1 200 OK"
[2026-09-08 13:31:28,177] INFO httpx HTTP Request: GET http://testserver/api/site/subjects/TNX-HIST-CONSENT%3A%3AS-1001/consent "HTTP/1.1 200 OK"
[2026-09-08 13:31:28,191] INFO httpx HTTP Request: POST http://testserver/api/site/icf/campaigns/sync "HTTP/1.1 200 OK"
[2026-09-08 13:31:28,202] INFO httpx HTTP Request: GET http://testserver/api/site/subjects/TNX-HIST-CONSENT%3A%3AS-1001/consent "HTTP/1.1 200 OK"
[2026-09-08 13:31:28,221] INFO httpx HTTP Request: POST http://testserver/api/site/icf/campaigns/sync "HTTP/1.1 200 OK"
[2026-09-08 13:31:28,235] INFO httpx HTTP Request: GET http://testserver/api/site/subjects/TNX-HIST-CONSENT%3A%3AS-1001/consent "HTTP/1.1 200 OK"
[2026-09-08 13:31:28,259] DEBUG asyncio Using proactor: IocpProactor
[2026-09-08 13:31:28,261] INFO tria_engine Tria Engine (FastAPI) starting — env=development
[2026-09-08 13:31:28,263] INFO tria_engine UI storage table ready
[2026-09-08 13:31:28,275] INFO tria_engine Database connection OK
[2026-09-08 13:31:28,281] INFO httpx HTTP Request: GET http://testserver/api/site/subjects/ "HTTP/1.1 401 Unauthorized"
[2026-09-08 13:31:28,286] INFO httpx HTTP Request: GET http://testserver/api/site/visits/ "HTTP/1.1 401 Unauthorized"
[2026-09-08 13:31:28,292] INFO httpx HTTP Request: POST http://testserver/api/site/subjects/sync "HTTP/1.1 401 Unauthorized"
[2026-09-08 13:31:28,297] INFO httpx HTTP Request: POST http://testserver/api/site/visits/sync "HTTP/1.1 401 Unauthorized"
[2026-09-08 13:31:28,301] DEBUG asyncio Using proactor: IocpProactor
[2026-09-08 13:31:28,303] INFO tria_engine Tria Engine (FastAPI) starting — env=development
[2026-09-08 13:31:28,306] INFO tria_engine UI storage table ready
[2026-09-08 13:31:28,315] INFO tria_engine Database connection OK
[2026-09-08 13:31:28,443] INFO httpx HTTP Request: POST http://testserver/api/accounts/login/ "HTTP/1.1 200 OK"
[2026-09-08 13:31:28,458] INFO httpx HTTP Request: POST http://testserver/api/site/subjects/sync "HTTP/1.1 200 OK"
[2026-09-08 13:31:28,464] INFO httpx HTTP Request: GET http://testserver/api/site/subjects/ "HTTP/1.1 200 OK"
[2026-09-08 13:31:28,471] INFO httpx HTTP Request: GET http://testserver/api/site/subjects/?studyId=TNX-A "HTTP/1.1 200 OK"
[2026-09-08 13:31:28,491] INFO httpx HTTP Request: POST http://testserver/api/site/subjects/sync "HTTP/1.1 200 OK"
[2026-09-08 13:31:28,502] INFO httpx HTTP Request: GET http://testserver/api/site/subjects/ "HTTP/1.1 200 OK"
[2026-09-08 13:31:28,512] INFO httpx HTTP Request: GET http://testserver/api/site/subjects/TNX-A%3A%3AS-1001 "HTTP/1.1 200 OK"
[2026-09-08 13:31:28,516] DEBUG asyncio Using proactor: IocpProactor
[2026-09-08 13:31:28,518] INFO tria_engine Tria Engine (FastAPI) starting — env=development
[2026-09-08 13:31:28,519] INFO tria_engine UI storage table ready
[2026-09-08 13:31:28,529] INFO tria_engine Database connection OK
[2026-09-08 13:31:29,000] INFO httpx HTTP Request: POST http://testserver/api/accounts/login/ "HTTP/1.1 200 OK"
[2026-09-08 13:31:29,013] INFO httpx HTTP Request: POST http://testserver/api/site/subjects/sync "HTTP/1.1 403 Forbidden"
[2026-09-08 13:31:29,147] INFO httpx HTTP Request: POST http://testserver/api/accounts/login/ "HTTP/1.1 200 OK"
[2026-09-08 13:31:29,162] INFO httpx HTTP Request: POST http://testserver/api/site/subjects/sync "HTTP/1.1 200 OK"
[2026-09-08 13:31:29,308] INFO httpx HTTP Request: POST http://testserver/api/accounts/login/ "HTTP/1.1 200 OK"
[2026-09-08 13:31:29,329] INFO httpx HTTP Request: POST http://testserver/api/site/subjects/sync "HTTP/1.1 200 OK"
[2026-09-08 13:31:29,333] DEBUG asyncio Using proactor: IocpProactor
[2026-09-08 13:31:29,335] INFO tria_engine Tria Engine (FastAPI) starting — env=development
[2026-09-08 13:31:29,336] INFO tria_engine UI storage table ready
[2026-09-08 13:31:29,348] INFO tria_engine Database connection OK
[2026-09-08 13:31:29,626] INFO httpx HTTP Request: POST http://testserver/api/accounts/login/ "HTTP/1.1 200 OK"
[2026-09-08 13:31:29,652] INFO httpx HTTP Request: POST http://testserver/api/site/subjects/sync "HTTP/1.1 200 OK"
[2026-09-08 13:31:29,665] INFO httpx HTTP Request: GET http://testserver/api/site/subjects/ "HTTP/1.1 200 OK"
[2026-09-08 13:31:29,793] INFO httpx HTTP Request: POST http://testserver/api/accounts/login/ "HTTP/1.1 200 OK"
[2026-09-08 13:31:29,800] INFO httpx HTTP Request: GET http://testserver/api/site/subjects/?studyId=ST-B "HTTP/1.1 200 OK"
[2026-09-08 13:31:29,805] DEBUG asyncio Using proactor: IocpProactor
[2026-09-08 13:31:29,808] INFO tria_engine Tria Engine (FastAPI) starting — env=development
[2026-09-08 13:31:29,809] INFO tria_engine UI storage table ready
[2026-09-08 13:31:29,817] INFO tria_engine Database connection OK
[2026-09-08 13:31:29,968] INFO httpx HTTP Request: POST http://testserver/api/accounts/login/ "HTTP/1.1 200 OK"
[2026-09-08 13:31:29,985] INFO httpx HTTP Request: POST http://testserver/api/site/visits/sync "HTTP/1.1 200 OK"
[2026-09-08 13:31:29,997] INFO httpx HTTP Request: GET http://testserver/api/site/visits/ "HTTP/1.1 200 OK"
[2026-09-08 13:31:30,012] INFO httpx HTTP Request: POST http://testserver/api/site/visits/sync "HTTP/1.1 200 OK"
[2026-09-08 13:31:30,018] INFO httpx HTTP Request: GET http://testserver/api/site/visits/ "HTTP/1.1 200 OK"
[2026-09-08 13:31:30,027] INFO httpx HTTP Request: GET http://testserver/api/site/visits/?studyId=TNX-A "HTTP/1.1 200 OK"
[2026-09-08 13:31:30,031] DEBUG asyncio Using proactor: IocpProactor
[2026-09-08 13:31:30,033] INFO tria_engine Tria Engine (FastAPI) starting — env=development
[2026-09-08 13:31:30,034] INFO tria_engine UI storage table ready
[2026-09-08 13:31:30,045] INFO tria_engine Database connection OK
[2026-09-08 13:31:30,284] INFO httpx HTTP Request: POST http://testserver/api/accounts/login/ "HTTP/1.1 200 OK"
[2026-09-08 13:31:30,307] INFO httpx HTTP Request: POST http://testserver/api/site/visits/sync "HTTP/1.1 200 OK"
[2026-09-08 13:31:30,340] INFO httpx HTTP Request: GET http://testserver/api/site/visits/ "HTTP/1.1 200 OK"
[2026-09-08 13:31:30,493] INFO httpx HTTP Request: POST http://testserver/api/accounts/login/ "HTTP/1.1 200 OK"
[2026-09-08 13:31:30,742] INFO httpx HTTP Request: POST http://testserver/api/accounts/login/ "HTTP/1.1 200 OK"
[2026-09-08 13:31:30,749] INFO httpx HTTP Request: POST http://testserver/api/site/visits/sync "HTTP/1.1 403 Forbidden"
[2026-09-08 13:31:30,754] DEBUG asyncio Using proactor: IocpProactor
[2026-09-08 13:31:30,757] INFO tria_engine Tria Engine (FastAPI) starting — env=development
[2026-09-08 13:31:30,759] INFO tria_engine UI storage table ready
[2026-09-08 13:31:30,766] INFO tria_engine Database connection OK
[2026-09-08 13:31:30,930] INFO httpx HTTP Request: POST http://testserver/api/accounts/login/ "HTTP/1.1 200 OK"
[2026-09-08 13:31:30,952] INFO httpx HTTP Request: POST http://testserver/api/site/subjects/sync "HTTP/1.1 200 OK"
[2026-09-08 13:31:30,978] INFO httpx HTTP Request: POST http://testserver/api/site/visits/sync "HTTP/1.1 200 OK"
[2026-09-08 13:31:31,260] INFO httpx HTTP Request: POST http://testserver/api/accounts/login/ "HTTP/1.1 200 OK"
[2026-09-08 13:31:31,281] INFO httpx HTTP Request: POST http://testserver/api/site/subjects/sync "HTTP/1.1 200 OK"
[2026-09-08 13:31:31,325] INFO httpx HTTP Request: POST http://testserver/api/site/visits/sync "HTTP/1.1 200 OK"
[2026-09-08 13:31:31,334] INFO httpx HTTP Request: GET http://testserver/api/site/subjects/ "HTTP/1.1 200 OK"
[2026-09-08 13:31:31,344] INFO httpx HTTP Request: GET http://testserver/api/site/visits/ "HTTP/1.1 200 OK"
[2026-09-08 13:31:31,349] DEBUG asyncio Using proactor: IocpProactor
[2026-09-08 13:31:31,351] INFO tria_engine Tria Engine (FastAPI) starting — env=development
[2026-09-08 13:31:31,352] INFO tria_engine UI storage table ready
[2026-09-08 13:31:31,364] INFO tria_engine Database connection OK
[2026-09-08 13:31:31,370] INFO httpx HTTP Request: GET http://testserver/api/site/subjects/summary/ "HTTP/1.1 401 Unauthorized"
[2026-09-08 13:31:31,376] INFO httpx HTTP Request: GET http://testserver/api/site/visits/summary/ "HTTP/1.1 401 Unauthorized"
[2026-09-08 13:31:31,380] DEBUG asyncio Using proactor: IocpProactor
[2026-09-08 13:31:31,382] INFO tria_engine Tria Engine (FastAPI) starting — env=development
[2026-09-08 13:31:31,383] INFO tria_engine UI storage table ready
[2026-09-08 13:31:31,394] INFO tria_engine Database connection OK
[2026-09-08 13:31:31,530] INFO httpx HTTP Request: POST http://testserver/api/accounts/login/ "HTTP/1.1 200 OK"
[2026-09-08 13:31:31,551] INFO httpx HTTP Request: POST http://testserver/api/site/subjects/sync "HTTP/1.1 200 OK"
[2026-09-08 13:31:31,561] INFO httpx HTTP Request: GET http://testserver/api/site/subjects/summary/?studyId=TNX-SUM-A "HTTP/1.1 200 OK"
[2026-09-08 13:31:31,569] INFO httpx HTTP Request: GET http://testserver/api/site/subjects/summary/?studyId=TNX-SUM-B "HTTP/1.1 200 OK"
[2026-09-08 13:31:31,578] INFO httpx HTTP Request: GET http://testserver/api/site/subjects/summary/?studyId=TNX-NOPE "HTTP/1.1 200 OK"
[2026-09-08 13:31:31,582] DEBUG asyncio Using proactor: IocpProactor
[2026-09-08 13:31:31,585] INFO tria_engine Tria Engine (FastAPI) starting — env=development
[2026-09-08 13:31:31,588] INFO tria_engine UI storage table ready
[2026-09-08 13:31:31,605] INFO tria_engine Database connection OK
[2026-09-08 13:31:31,741] INFO httpx HTTP Request: POST http://testserver/api/accounts/login/ "HTTP/1.1 200 OK"
[2026-09-08 13:31:31,760] INFO httpx HTTP Request: POST http://testserver/api/site/visits/sync "HTTP/1.1 200 OK"
[2026-09-08 13:31:31,767] INFO httpx HTTP Request: GET http://testserver/api/site/visits/summary/?studyId=TNX-VSUM "HTTP/1.1 200 OK"
[2026-09-08 13:31:31,775] INFO httpx HTTP Request: GET http://testserver/api/site/visits/summary/?studyId=TNX-VSUM&window=1 "HTTP/1.1 200 OK"
[2026-09-08 13:31:31,782] INFO httpx HTTP Request: GET http://testserver/api/site/visits/summary/?studyId=TNX-VSUM-OTHER "HTTP/1.1 200 OK"
[2026-09-08 13:31:31,787] DEBUG asyncio Using proactor: IocpProactor
[2026-09-08 13:31:31,790] INFO tria_engine Tria Engine (FastAPI) starting — env=development
[2026-09-08 13:31:31,791] INFO tria_engine UI storage table ready
[2026-09-08 13:31:31,799] INFO tria_engine Database connection OK
[2026-09-08 13:31:32,278] INFO httpx HTTP Request: POST http://testserver/api/accounts/login/ "HTTP/1.1 200 OK"
[2026-09-08 13:31:32,301] INFO httpx HTTP Request: POST http://testserver/api/site/subjects/sync "HTTP/1.1 200 OK"
[2026-09-08 13:31:32,331] INFO httpx HTTP Request: POST http://testserver/api/site/visits/sync "HTTP/1.1 200 OK"
[2026-09-08 13:31:32,478] INFO httpx HTTP Request: POST http://testserver/api/accounts/login/ "HTTP/1.1 200 OK"
[2026-09-08 13:31:32,492] INFO httpx HTTP Request: POST http://testserver/api/site/subjects/sync "HTTP/1.1 200 OK"
[2026-09-08 13:31:32,506] INFO httpx HTTP Request: POST http://testserver/api/site/visits/sync "HTTP/1.1 200 OK"
[2026-09-08 13:31:32,649] INFO httpx HTTP Request: POST http://testserver/api/accounts/login/ "HTTP/1.1 200 OK"
[2026-09-08 13:31:32,661] INFO httpx HTTP Request: GET http://testserver/api/site/subjects/summary/ "HTTP/1.1 200 OK"
[2026-09-08 13:31:32,671] INFO httpx HTTP Request: GET http://testserver/api/site/visits/summary/ "HTTP/1.1 200 OK"
[2026-09-08 13:31:32,682] INFO httpx HTTP Request: GET http://testserver/api/site/subjects/summary/?studyId=OTHER-ST "HTTP/1.1 200 OK"
[2026-09-08 13:35:33,251] DEBUG asyncio Using proactor: IocpProactor
[2026-09-08 13:35:33,314] INFO tria_engine Tria Engine (FastAPI) starting — env=development
[2026-09-08 13:35:33,440] INFO tria_engine UI storage table ready
[2026-09-08 13:35:33,440] INFO tria_engine Database connection OK
[2026-09-08 13:36:27,877] INFO audit {'event': 'user_registered', 'status': 'success', 'user_id': 1, 'user_email': 'notif.user@tria.test', 'patient_id': None, 'patient_code': None, 'ip': '127.0.0.1', 'path': '/api/accounts/register/', 'method': 'POST', 'details': {}}
[2026-09-08 13:36:27,878] INFO uvicorn.access 127.0.0.1:64212 - "POST /api/accounts/register/ HTTP/1.1" 201
[2026-09-08 13:36:28,076] INFO uvicorn.access 127.0.0.1:64213 - "POST /api/accounts/login/ HTTP/1.1" 200
[2026-09-08 13:36:28,407] INFO uvicorn.access 127.0.0.1:64214 - "POST /api/notifications/sync HTTP/1.1" 200
[2026-09-08 13:36:28,479] INFO uvicorn.access 127.0.0.1:64215 - "POST /api/notifications/sync HTTP/1.1" 200
[2026-09-08 13:36:28,571] INFO uvicorn.access 127.0.0.1:64216 - "GET /api/notifications HTTP/1.1" 200
[2026-09-08 13:36:44,551] INFO uvicorn.access 127.0.0.1:64217 - "POST /api/notifications/1/read HTTP/1.1" 200
[2026-09-08 13:38:06,699] DEBUG asyncio Using proactor: IocpProactor
[2026-09-08 13:38:06,702] INFO tria_engine Tria Engine (FastAPI) starting — env=development
[2026-09-08 13:38:06,732] INFO tria_engine UI storage table ready
[2026-09-08 13:38:06,744] INFO tria_engine Database connection OK
[2026-09-08 13:38:06,947] INFO httpx HTTP Request: POST http://testserver/api/accounts/login/ "HTTP/1.1 200 OK"
[2026-09-08 13:38:07,171] INFO httpx HTTP Request: POST http://testserver/api/notifications/sync "HTTP/1.1 200 OK"
[2026-09-08 13:38:07,182] INFO httpx HTTP Request: GET http://testserver/api/notifications "HTTP/1.1 200 OK"
[2026-09-08 13:38:07,195] DEBUG asyncio Using proactor: IocpProactor
[2026-09-08 13:38:07,197] INFO tria_engine Tria Engine (FastAPI) starting — env=development
[2026-09-08 13:38:07,198] INFO tria_engine UI storage table ready
[2026-09-08 13:38:07,205] INFO tria_engine Database connection OK
[2026-09-08 13:38:07,339] INFO httpx HTTP Request: POST http://testserver/api/accounts/login/ "HTTP/1.1 200 OK"
[2026-09-08 13:38:07,356] INFO httpx HTTP Request: POST http://testserver/api/notifications/sync "HTTP/1.1 200 OK"
[2026-09-08 13:38:07,367] INFO httpx HTTP Request: POST http://testserver/api/notifications/sync "HTTP/1.1 200 OK"
[2026-09-08 13:38:07,378] INFO httpx HTTP Request: GET http://testserver/api/notifications "HTTP/1.1 200 OK"
[2026-09-08 13:38:07,394] INFO httpx HTTP Request: POST http://testserver/api/notifications/sync "HTTP/1.1 200 OK"
[2026-09-08 13:38:07,403] INFO httpx HTTP Request: GET http://testserver/api/notifications "HTTP/1.1 200 OK"
[2026-09-08 13:38:07,415] DEBUG asyncio Using proactor: IocpProactor
[2026-09-08 13:38:07,418] INFO tria_engine Tria Engine (FastAPI) starting — env=development
[2026-09-08 13:38:07,420] INFO tria_engine UI storage table ready
[2026-09-08 13:38:07,433] INFO tria_engine Database connection OK
[2026-09-08 13:38:07,729] INFO httpx HTTP Request: POST http://testserver/api/accounts/login/ "HTTP/1.1 200 OK"
[2026-09-08 13:38:07,749] INFO httpx HTTP Request: POST http://testserver/api/notifications/sync "HTTP/1.1 200 OK"
[2026-09-08 13:38:07,760] INFO httpx HTTP Request: POST http://testserver/api/notifications/sync "HTTP/1.1 200 OK"
[2026-09-08 13:38:08,010] DEBUG asyncio Using proactor: IocpProactor
[2026-09-08 13:38:08,014] INFO tria_engine Tria Engine (FastAPI) starting — env=development
[2026-09-08 13:38:08,016] INFO tria_engine UI storage table ready
[2026-09-08 13:38:08,028] INFO tria_engine Database connection OK
[2026-09-08 13:38:08,172] INFO httpx HTTP Request: POST http://testserver/api/accounts/login/ "HTTP/1.1 200 OK"
[2026-09-08 13:38:08,312] INFO httpx HTTP Request: POST http://testserver/api/notifications/sync "HTTP/1.1 200 OK"
[2026-09-08 13:38:08,448] INFO httpx HTTP Request: POST http://testserver/api/accounts/login/ "HTTP/1.1 200 OK"
[2026-09-08 13:38:08,456] INFO httpx HTTP Request: GET http://testserver/api/notifications "HTTP/1.1 200 OK"
[2026-09-08 13:38:08,469] INFO httpx HTTP Request: POST http://testserver/api/notifications/1/read "HTTP/1.1 404 Not Found"
[2026-09-08 13:38:08,487] DEBUG asyncio Using proactor: IocpProactor
[2026-09-08 13:38:08,497] INFO tria_engine Tria Engine (FastAPI) starting — env=development
[2026-09-08 13:38:08,502] INFO tria_engine UI storage table ready
[2026-09-08 13:38:08,522] INFO tria_engine Database connection OK
[2026-09-08 13:38:08,655] INFO httpx HTTP Request: POST http://testserver/api/accounts/login/ "HTTP/1.1 200 OK"
[2026-09-08 13:38:08,677] INFO httpx HTTP Request: POST http://testserver/api/notifications/sync "HTTP/1.1 200 OK"
[2026-09-08 13:38:08,689] INFO httpx HTTP Request: GET http://testserver/api/notifications "HTTP/1.1 200 OK"
[2026-09-08 13:38:08,710] INFO httpx HTTP Request: POST http://testserver/api/notifications/1/read "HTTP/1.1 200 OK"
[2026-09-08 13:38:08,717] INFO httpx HTTP Request: GET http://testserver/api/notifications "HTTP/1.1 200 OK"
[2026-09-08 13:38:08,733] INFO httpx HTTP Request: POST http://testserver/api/notifications/1/read "HTTP/1.1 200 OK"
[2026-09-08 13:38:08,742] INFO httpx HTTP Request: GET http://testserver/api/notifications "HTTP/1.1 200 OK"
[2026-09-08 13:38:08,753] DEBUG asyncio Using proactor: IocpProactor
[2026-09-08 13:38:08,755] INFO tria_engine Tria Engine (FastAPI) starting — env=development
[2026-09-08 13:38:08,757] INFO tria_engine UI storage table ready
[2026-09-08 13:38:08,767] INFO tria_engine Database connection OK
[2026-09-08 13:38:08,894] INFO httpx HTTP Request: POST http://testserver/api/accounts/login/ "HTTP/1.1 200 OK"
[2026-09-08 13:38:08,899] INFO httpx HTTP Request: POST http://testserver/api/notifications/sync "HTTP/1.1 400 Bad Request"
[2026-09-08 13:38:08,916] INFO httpx HTTP Request: POST http://testserver/api/notifications/sync "HTTP/1.1 200 OK"
[2026-09-08 13:38:32,641] DEBUG asyncio Using proactor: IocpProactor
[2026-09-08 13:38:32,644] INFO tria_engine Tria Engine (FastAPI) starting — env=development
[2026-09-08 13:38:32,671] INFO tria_engine UI storage table ready
[2026-09-08 13:38:32,681] INFO tria_engine Database connection OK
[2026-09-08 13:38:32,895] INFO httpx HTTP Request: POST http://testserver/api/accounts/login/ "HTTP/1.1 200 OK"
[2026-09-08 13:38:33,116] INFO httpx HTTP Request: POST http://testserver/api/notifications/sync "HTTP/1.1 200 OK"
[2026-09-08 13:38:33,128] INFO httpx HTTP Request: POST http://testserver/api/notifications/sync "HTTP/1.1 200 OK"
[2026-09-08 13:39:19,846] DEBUG asyncio Using proactor: IocpProactor
[2026-09-08 13:39:19,850] INFO tria_engine Tria Engine (FastAPI) starting — env=development
[2026-09-08 13:39:19,880] INFO tria_engine UI storage table ready
[2026-09-08 13:39:19,900] INFO tria_engine Database connection OK
[2026-09-08 13:39:20,114] INFO httpx HTTP Request: POST http://testserver/api/accounts/login/ "HTTP/1.1 200 OK"
[2026-09-08 13:39:20,332] INFO httpx HTTP Request: POST http://testserver/api/notifications/sync "HTTP/1.1 200 OK"
[2026-09-08 13:39:20,341] INFO httpx HTTP Request: GET http://testserver/api/notifications "HTTP/1.1 200 OK"
[2026-09-08 13:39:20,359] DEBUG asyncio Using proactor: IocpProactor
[2026-09-08 13:39:20,361] INFO tria_engine Tria Engine (FastAPI) starting — env=development
[2026-09-08 13:39:20,362] INFO tria_engine UI storage table ready
[2026-09-08 13:39:20,369] INFO tria_engine Database connection OK
[2026-09-08 13:39:20,505] INFO httpx HTTP Request: POST http://testserver/api/accounts/login/ "HTTP/1.1 200 OK"
[2026-09-08 13:39:20,523] INFO httpx HTTP Request: POST http://testserver/api/notifications/sync "HTTP/1.1 200 OK"
[2026-09-08 13:39:20,532] INFO httpx HTTP Request: POST http://testserver/api/notifications/sync "HTTP/1.1 200 OK"
[2026-09-08 13:39:20,538] INFO httpx HTTP Request: GET http://testserver/api/notifications "HTTP/1.1 200 OK"
[2026-09-08 13:39:20,554] INFO httpx HTTP Request: POST http://testserver/api/notifications/sync "HTTP/1.1 200 OK"
[2026-09-08 13:39:20,563] INFO httpx HTTP Request: GET http://testserver/api/notifications "HTTP/1.1 200 OK"
[2026-09-08 13:39:20,576] DEBUG asyncio Using proactor: IocpProactor
[2026-09-08 13:39:20,579] INFO tria_engine Tria Engine (FastAPI) starting — env=development
[2026-09-08 13:39:20,580] INFO tria_engine UI storage table ready
[2026-09-08 13:39:20,593] INFO tria_engine Database connection OK
[2026-09-08 13:39:20,728] INFO httpx HTTP Request: POST http://testserver/api/accounts/login/ "HTTP/1.1 200 OK"
[2026-09-08 13:39:20,751] INFO httpx HTTP Request: POST http://testserver/api/notifications/sync "HTTP/1.1 200 OK"
[2026-09-08 13:39:20,773] INFO httpx HTTP Request: POST http://testserver/api/notifications/sync "HTTP/1.1 200 OK"
[2026-09-08 13:39:20,784] INFO httpx HTTP Request: GET http://testserver/api/notifications "HTTP/1.1 200 OK"
[2026-09-08 13:39:20,798] DEBUG asyncio Using proactor: IocpProactor
[2026-09-08 13:39:20,800] INFO tria_engine Tria Engine (FastAPI) starting — env=development
[2026-09-08 13:39:20,802] INFO tria_engine UI storage table ready
[2026-09-08 13:39:20,816] INFO tria_engine Database connection OK
[2026-09-08 13:39:20,958] INFO httpx HTTP Request: POST http://testserver/api/accounts/login/ "HTTP/1.1 200 OK"
[2026-09-08 13:39:21,108] INFO httpx HTTP Request: POST http://testserver/api/notifications/sync "HTTP/1.1 200 OK"
[2026-09-08 13:39:21,265] INFO httpx HTTP Request: POST http://testserver/api/accounts/login/ "HTTP/1.1 200 OK"
[2026-09-08 13:39:21,291] INFO httpx HTTP Request: GET http://testserver/api/notifications "HTTP/1.1 200 OK"
[2026-09-08 13:39:21,315] INFO httpx HTTP Request: POST http://testserver/api/notifications/1/read "HTTP/1.1 404 Not Found"
[2026-09-08 13:39:21,342] DEBUG asyncio Using proactor: IocpProactor
[2026-09-08 13:39:21,349] INFO tria_engine Tria Engine (FastAPI) starting — env=development
[2026-09-08 13:39:21,352] INFO tria_engine UI storage table ready
[2026-09-08 13:39:21,376] INFO tria_engine Database connection OK
[2026-09-08 13:39:21,518] INFO httpx HTTP Request: POST http://testserver/api/accounts/login/ "HTTP/1.1 200 OK"
[2026-09-08 13:39:21,547] INFO httpx HTTP Request: POST http://testserver/api/notifications/sync "HTTP/1.1 200 OK"
[2026-09-08 13:39:21,578] INFO httpx HTTP Request: GET http://testserver/api/notifications "HTTP/1.1 200 OK"
[2026-09-08 13:39:21,620] INFO httpx HTTP Request: POST http://testserver/api/notifications/1/read "HTTP/1.1 200 OK"
[2026-09-08 13:39:21,645] INFO httpx HTTP Request: GET http://testserver/api/notifications "HTTP/1.1 200 OK"
[2026-09-08 13:39:21,666] INFO httpx HTTP Request: POST http://testserver/api/notifications/1/read "HTTP/1.1 200 OK"
[2026-09-08 13:39:21,678] INFO httpx HTTP Request: GET http://testserver/api/notifications "HTTP/1.1 200 OK"
[2026-09-08 13:39:21,695] DEBUG asyncio Using proactor: IocpProactor
[2026-09-08 13:39:21,698] INFO tria_engine Tria Engine (FastAPI) starting — env=development
[2026-09-08 13:39:21,700] INFO tria_engine UI storage table ready
[2026-09-08 13:39:21,711] INFO tria_engine Database connection OK
[2026-09-08 13:39:21,844] INFO httpx HTTP Request: POST http://testserver/api/accounts/login/ "HTTP/1.1 200 OK"
[2026-09-08 13:39:21,850] INFO httpx HTTP Request: POST http://testserver/api/notifications/sync "HTTP/1.1 400 Bad Request"
[2026-09-08 13:39:21,865] INFO httpx HTTP Request: POST http://testserver/api/notifications/sync "HTTP/1.1 200 OK"
[2026-09-08 13:39:45,888] DEBUG asyncio Using proactor: IocpProactor
[2026-09-08 13:39:45,891] INFO tria_engine Tria Engine (FastAPI) starting — env=development
[2026-09-08 13:39:45,920] INFO tria_engine UI storage table ready
[2026-09-08 13:39:45,929] INFO tria_engine Database connection OK
[2026-09-08 13:39:46,154] INFO audit {'event': 'user_registered', 'status': 'success', 'user_id': 2, 'user_email': 'u1788854985931@example.com', 'patient_id': None, 'patient_code': None, 'ip': 'testclient', 'path': '/api/accounts/register/', 'method': 'POST', 'details': {}}
[2026-09-08 13:39:46,156] INFO httpx HTTP Request: POST http://testserver/api/accounts/register/ "HTTP/1.1 201 Created"
[2026-09-08 13:39:46,307] INFO httpx HTTP Request: POST http://testserver/api/accounts/login/ "HTTP/1.1 200 OK"
[2026-09-08 13:39:46,334] INFO httpx HTTP Request: GET http://testserver/api/accounts/check-session/?username=u1788854985931 "HTTP/1.1 200 OK"
[2026-09-08 13:39:46,348] INFO httpx HTTP Request: GET http://testserver/api/accounts/users/?page_number=1&page_size=10 "HTTP/1.1 200 OK"
[2026-09-08 13:39:46,370] INFO httpx HTTP Request: POST http://testserver/api/accounts/logout/ "HTTP/1.1 200 OK"
[2026-09-08 13:39:46,374] DEBUG asyncio Using proactor: IocpProactor
[2026-09-08 13:39:46,376] INFO tria_engine Tria Engine (FastAPI) starting — env=development
[2026-09-08 13:39:46,377] INFO tria_engine UI storage table ready
[2026-09-08 13:39:46,387] INFO tria_engine Database connection OK
[2026-09-08 13:39:46,391] INFO audit {'event': 'login_failed', 'status': 'failed', 'user_id': None, 'user_email': None, 'patient_id': None, 'patient_code': None, 'ip': 'testclient', 'path': '/api/accounts/login/', 'method': 'POST', 'details': {'email': 'nobody@example.com'}}
[2026-09-08 13:39:46,404] INFO httpx HTTP Request: POST http://testserver/api/accounts/login/ "HTTP/1.1 401 Unauthorized"
[2026-09-08 13:39:46,414] DEBUG asyncio Using proactor: IocpProactor
[2026-09-08 13:39:46,419] INFO tria_engine Tria Engine (FastAPI) starting — env=development
[2026-09-08 13:39:46,421] INFO tria_engine UI storage table ready
[2026-09-08 13:39:46,435] INFO tria_engine Database connection OK
[2026-09-08 13:39:46,440] INFO httpx HTTP Request: POST http://testserver/api/accounts/login/ "HTTP/1.1 400 Bad Request"
[2026-09-08 13:39:46,444] DEBUG asyncio Using proactor: IocpProactor
[2026-09-08 13:39:46,446] INFO tria_engine Tria Engine (FastAPI) starting — env=development
[2026-09-08 13:39:46,447] INFO tria_engine UI storage table ready
[2026-09-08 13:39:46,456] INFO tria_engine Database connection OK
[2026-09-08 13:39:46,574] INFO audit {'event': 'user_registered', 'status': 'success', 'user_id': 3, 'user_email': 'u1788854986457@example.com', 'patient_id': None, 'patient_code': None, 'ip': 'testclient', 'path': '/api/accounts/register/', 'method': 'POST', 'details': {}}
[2026-09-08 13:39:46,576] INFO httpx HTTP Request: POST http://testserver/api/accounts/register/ "HTTP/1.1 201 Created"
[2026-09-08 13:39:46,581] INFO httpx HTTP Request: POST http://testserver/api/accounts/register/ "HTTP/1.1 409 Conflict"
[2026-09-08 13:39:46,586] DEBUG asyncio Using proactor: IocpProactor
[2026-09-08 13:39:46,588] INFO tria_engine Tria Engine (FastAPI) starting — env=development
[2026-09-08 13:39:46,589] INFO tria_engine UI storage table ready
[2026-09-08 13:39:46,596] INFO tria_engine Database connection OK
[2026-09-08 13:39:46,602] INFO httpx HTTP Request: GET http://testserver/api/accounts/users/ "HTTP/1.1 401 Unauthorized"
[2026-09-08 13:39:46,607] DEBUG asyncio Using proactor: IocpProactor
[2026-09-08 13:39:46,609] INFO tria_engine Tria Engine (FastAPI) starting — env=development
[2026-09-08 13:39:46,610] INFO tria_engine UI storage table ready
[2026-09-08 13:39:46,623] INFO tria_engine Database connection OK
[2026-09-08 13:39:46,740] INFO audit {'event': 'user_registered', 'status': 'success', 'user_id': 4, 'user_email': 'u1788854986624@example.com', 'patient_id': None, 'patient_code': None, 'ip': 'testclient', 'path': '/api/accounts/register/', 'method': 'POST', 'details': {}}
[2026-09-08 13:39:46,742] INFO httpx HTTP Request: POST http://testserver/api/accounts/register/ "HTTP/1.1 201 Created"
[2026-09-08 13:39:46,864] INFO httpx HTTP Request: POST http://testserver/api/accounts/login/ "HTTP/1.1 200 OK"
[2026-09-08 13:39:46,887] INFO audit {'event': 'document_uploaded', 'status': 'success', 'user_id': 4, 'user_email': 'u1788854986624@example.com', 'patient_id': None, 'patient_code': None, 'ip': 'testclient', 'path': '/api/accounts/documents/upload/', 'method': 'POST', 'details': {'user_id': 4, 'document_number': 1, 'file_name': 'notes.txt'}}
[2026-09-08 13:39:46,897] INFO httpx HTTP Request: POST http://testserver/api/accounts/documents/upload/ "HTTP/1.1 201 Created"
[2026-09-08 13:39:46,921] INFO httpx HTTP Request: GET http://testserver/api/accounts/documents/?page_size=10 "HTTP/1.1 200 OK"
[2026-09-08 13:39:46,937] INFO httpx HTTP Request: GET http://testserver/api/accounts/documents/download/?document_number=1 "HTTP/1.1 200 OK"
[2026-09-08 13:39:46,955] INFO audit {'event': 'document_deleted', 'status': 'success', 'user_id': 4, 'user_email': 'u1788854986624@example.com', 'patient_id': None, 'patient_code': None, 'ip': 'testclient', 'path': '/api/accounts/documents/delete/', 'method': 'DELETE', 'details': {'user_id': 4, 'document_number': 1, 'file_name': 'notes.txt'}}
[2026-09-08 13:39:46,967] INFO httpx HTTP Request: DELETE http://testserver/api/accounts/documents/delete/?user_id=4&document_number=1 "HTTP/1.1 200 OK"
[2026-09-08 13:39:46,977] DEBUG asyncio Using proactor: IocpProactor
[2026-09-08 13:39:46,981] INFO tria_engine Tria Engine (FastAPI) starting — env=development
[2026-09-08 13:39:46,986] INFO tria_engine UI storage table ready
[2026-09-08 13:39:47,004] INFO tria_engine Database connection OK
[2026-09-08 13:39:47,137] INFO audit {'event': 'user_registered', 'status': 'success', 'user_id': 5, 'user_email': 'u1788854987006@example.com', 'patient_id': None, 'patient_code': None, 'ip': 'testclient', 'path': '/api/accounts/register/', 'method': 'POST', 'details': {}}
[2026-09-08 13:39:47,139] INFO httpx HTTP Request: POST http://testserver/api/accounts/register/ "HTTP/1.1 201 Created"
[2026-09-08 13:39:47,292] INFO httpx HTTP Request: POST http://testserver/api/accounts/login/ "HTTP/1.1 200 OK"
[2026-09-08 13:39:47,304] INFO httpx HTTP Request: POST http://testserver/api/accounts/documents/upload/ "HTTP/1.1 400 Bad Request"
[2026-09-08 13:39:47,311] DEBUG asyncio Using proactor: IocpProactor
[2026-09-08 13:39:47,314] INFO tria_engine Tria Engine (FastAPI) starting — env=development
[2026-09-08 13:39:47,318] INFO tria_engine UI storage table ready
[2026-09-08 13:39:47,331] INFO tria_engine Database connection OK
[2026-09-08 13:39:47,463] INFO audit {'event': 'user_registered', 'status': 'success', 'user_id': 6, 'user_email': 'u1788854987334@example.com', 'patient_id': None, 'patient_code': None, 'ip': 'testclient', 'path': '/api/accounts/register/', 'method': 'POST', 'details': {}}
[2026-09-08 13:39:47,469] INFO httpx HTTP Request: POST http://testserver/api/accounts/register/ "HTTP/1.1 201 Created"
[2026-09-08 13:39:47,600] INFO httpx HTTP Request: POST http://testserver/api/accounts/login/ "HTTP/1.1 200 OK"
[2026-09-08 13:39:47,606] INFO httpx HTTP Request: POST http://testserver/api/accounts/documents/upload/ "HTTP/1.1 400 Bad Request"
[2026-09-08 13:39:47,610] DEBUG asyncio Using proactor: IocpProactor
[2026-09-08 13:39:47,611] INFO tria_engine Tria Engine (FastAPI) starting — env=development
[2026-09-08 13:39:47,612] INFO tria_engine UI storage table ready
[2026-09-08 13:39:47,622] INFO tria_engine Database connection OK
[2026-09-08 13:39:47,771] INFO httpx HTTP Request: POST http://testserver/api/accounts/login/ "HTTP/1.1 200 OK"
[2026-09-08 13:39:47,777] INFO httpx HTTP Request: GET http://testserver/api/accounts/users/?page_number=not-a-number "HTTP/1.1 400 Bad Request"
[2026-09-08 13:39:47,781] DEBUG asyncio Using proactor: IocpProactor
[2026-09-08 13:39:47,786] INFO tria_engine Tria Engine (FastAPI) starting — env=development
[2026-09-08 13:39:47,787] INFO tria_engine UI storage table ready
[2026-09-08 13:39:47,796] INFO tria_engine Database connection OK
[2026-09-08 13:39:47,939] INFO audit {'event': 'user_registered', 'status': 'success', 'user_id': 7, 'user_email': 'u1788854987797@example.com', 'patient_id': None, 'patient_code': None, 'ip': 'testclient', 'path': '/api/accounts/register/', 'method': 'POST', 'details': {}}
[2026-09-08 13:39:47,940] INFO httpx HTTP Request: POST http://testserver/api/accounts/register/ "HTTP/1.1 201 Created"
[2026-09-08 13:39:48,087] INFO httpx HTTP Request: POST http://testserver/api/accounts/login/ "HTTP/1.1 200 OK"
[2026-09-08 13:39:48,107] INFO audit {'event': 'profile_photo_uploaded', 'status': 'success', 'user_id': 7, 'user_email': 'u1788854987797@example.com', 'patient_id': None, 'patient_code': None, 'ip': 'testclient', 'path': '/api/accounts/profile-photo/upload/', 'method': 'POST', 'details': {'file_name': 'p.png'}}
[2026-09-08 13:39:48,116] INFO httpx HTTP Request: POST http://testserver/api/accounts/profile-photo/upload/ "HTTP/1.1 200 OK"
[2026-09-08 13:39:48,123] INFO audit {'event': 'profile_photo_viewed', 'status': 'success', 'user_id': 7, 'user_email': 'u1788854987797@example.com', 'patient_id': None, 'patient_code': None, 'ip': 'testclient', 'path': '/api/accounts/profile-photo/view/', 'method': 'GET', 'details': {}}
[2026-09-08 13:39:48,130] INFO httpx HTTP Request: GET http://testserver/api/accounts/profile-photo/view/ "HTTP/1.1 200 OK"
[2026-09-08 13:39:48,146] INFO audit {'event': 'profile_photo_deleted', 'status': 'success', 'user_id': 7, 'user_email': 'u1788854987797@example.com', 'patient_id': None, 'patient_code': None, 'ip': 'testclient', 'path': '/api/accounts/profile-photo/delete/', 'method': 'DELETE', 'details': {'file_name': 'profile_photos/user_7/006a69b55f2d475f87a9a647a957125d.png'}}
[2026-09-08 13:39:48,155] INFO httpx HTTP Request: DELETE http://testserver/api/accounts/profile-photo/delete/ "HTTP/1.1 200 OK"
[2026-09-08 13:39:48,159] DEBUG asyncio Using proactor: IocpProactor
[2026-09-08 13:39:48,161] INFO tria_engine Tria Engine (FastAPI) starting — env=development
[2026-09-08 13:39:48,163] INFO tria_engine UI storage table ready
[2026-09-08 13:39:48,174] INFO tria_engine Database connection OK
[2026-09-08 13:39:48,295] INFO audit {'event': 'user_registered', 'status': 'success', 'user_id': 8, 'user_email': 'u1788854988175@example.com', 'patient_id': None, 'patient_code': None, 'ip': 'testclient', 'path': '/api/accounts/register/', 'method': 'POST', 'details': {}}
[2026-09-08 13:39:48,297] INFO httpx HTTP Request: POST http://testserver/api/accounts/register/ "HTTP/1.1 201 Created"
[2026-09-08 13:39:48,431] INFO httpx HTTP Request: POST http://testserver/api/accounts/login/ "HTTP/1.1 200 OK"
[2026-09-08 13:39:48,464] INFO audit {'event': 'form_uploaded', 'status': 'success', 'user_id': 8, 'user_email': 'u1788854988175@example.com', 'patient_id': None, 'patient_code': None, 'ip': None, 'path': None, 'method': None, 'details': {'user_id': 8, 'form_type': 'IMAGE', 'file': 'scan.png'}}
[2026-09-08 13:39:48,479] INFO httpx HTTP Request: POST http://testserver/api/accounts/upload-form/ "HTTP/1.1 201 Created"
[2026-09-08 13:39:48,489] INFO audit {'event': 'form_viewed', 'status': 'success', 'user_id': 8, 'user_email': 'u1788854988175@example.com', 'patient_id': None, 'patient_code': None, 'ip': 'testclient', 'path': '/api/accounts/upload-form/view/', 'method': 'GET', 'details': {'form_id': 1, 'form_type': 'IMAGE', 'file_name': 'scan.png'}}
[2026-09-08 13:39:48,505] INFO httpx HTTP Request: GET http://testserver/api/accounts/upload-form/view/?form_id=1 "HTTP/1.1 200 OK"
[2026-09-08 13:39:48,539] INFO audit {'event': 'form_deleted', 'status': 'success', 'user_id': 8, 'user_email': 'u1788854988175@example.com', 'patient_id': None, 'patient_code': None, 'ip': 'testclient', 'path': '/api/accounts/upload-form/delete/', 'method': 'DELETE', 'details': {'user_id': 8, 'form_id': 1, 'form_type': 'IMAGE', 'file_name': 'scan.png'}}
[2026-09-08 13:39:48,547] INFO httpx HTTP Request: DELETE http://testserver/api/accounts/upload-form/delete/ "HTTP/1.1 200 OK"
[2026-09-08 13:39:48,553] DEBUG asyncio Using proactor: IocpProactor
[2026-09-08 13:39:48,555] INFO tria_engine Tria Engine (FastAPI) starting — env=development
[2026-09-08 13:39:48,556] INFO tria_engine UI storage table ready
[2026-09-08 13:39:48,564] INFO tria_engine Database connection OK
[2026-09-08 13:39:48,695] INFO audit {'event': 'user_registered', 'status': 'success', 'user_id': 9, 'user_email': 'u1788854988566@example.com', 'patient_id': None, 'patient_code': None, 'ip': 'testclient', 'path': '/api/accounts/register/', 'method': 'POST', 'details': {}}
[2026-09-08 13:39:48,697] INFO httpx HTTP Request: POST http://testserver/api/accounts/register/ "HTTP/1.1 201 Created"
[2026-09-08 13:39:48,841] INFO httpx HTTP Request: POST http://testserver/api/accounts/login/ "HTTP/1.1 200 OK"
[2026-09-08 13:39:49,084] INFO audit {'event': 'change_password_success', 'status': 'success', 'user_id': 9, 'user_email': 'u1788854988566@example.com', 'patient_id': None, 'patient_code': None, 'ip': 'testclient', 'path': '/api/accounts/change-password/', 'method': 'POST', 'details': {}}
[2026-09-08 13:39:49,092] INFO httpx HTTP Request: POST http://testserver/api/accounts/change-password/ "HTTP/1.1 200 OK"
[2026-09-08 13:39:49,110] INFO httpx HTTP Request: POST http://testserver/api/accounts/logout/ "HTTP/1.1 200 OK"
[2026-09-08 13:39:49,239] INFO audit {'event': 'otp_generated', 'status': 'success', 'user_id': 9, 'user_email': 'u1788854988566@example.com', 'patient_id': None, 'patient_code': None, 'ip': 'testclient', 'path': '/api/accounts/login-mfa/', 'method': 'POST', 'details': {'expires_at': '2026-09-08 08:19:49.227441'}}
[2026-09-08 13:39:49,258] INFO httpx HTTP Request: POST http://testserver/api/accounts/login-mfa/ "HTTP/1.1 200 OK"
[2026-09-08 13:39:49,282] INFO audit {'event': 'otp_verified', 'status': 'success', 'user_id': 9, 'user_email': 'u1788854988566@example.com', 'patient_id': None, 'patient_code': None, 'ip': 'testclient', 'path': '/api/accounts/verify-otp/', 'method': 'POST', 'details': {}}
[2026-09-08 13:39:49,312] INFO httpx HTTP Request: POST http://testserver/api/accounts/verify-otp/ "HTTP/1.1 200 OK"
[2026-09-08 13:39:49,348] INFO audit {'event': 'password_reset_otp_generated', 'status': 'success', 'user_id': 9, 'user_email': 'u1788854988566@example.com', 'patient_id': None, 'patient_code': None, 'ip': 'testclient', 'path': '/api/accounts/forgot-password/', 'method': 'POST', 'details': {}}
[2026-09-08 13:39:49,373] INFO httpx HTTP Request: POST http://testserver/api/accounts/forgot-password/ "HTTP/1.1 200 OK"
[2026-09-08 13:39:49,527] INFO audit {'event': 'password_reset_success', 'status': 'success', 'user_id': 9, 'user_email': 'u1788854988566@example.com', 'patient_id': None, 'patient_code': None, 'ip': 'testclient', 'path': '/api/accounts/reset-password/', 'method': 'POST', 'details': {}}
[2026-09-08 13:39:49,536] INFO httpx HTTP Request: POST http://testserver/api/accounts/reset-password/ "HTTP/1.1 200 OK"
[2026-09-08 13:39:49,540] DEBUG asyncio Using proactor: IocpProactor
[2026-09-08 13:39:49,542] INFO tria_engine Tria Engine (FastAPI) starting — env=development
[2026-09-08 13:39:49,543] INFO tria_engine UI storage table ready
[2026-09-08 13:39:49,553] INFO tria_engine Database connection OK
[2026-09-08 13:39:49,685] INFO audit {'event': 'user_registered', 'status': 'success', 'user_id': 10, 'user_email': 'u1788854989554@example.com', 'patient_id': None, 'patient_code': None, 'ip': 'testclient', 'path': '/api/accounts/register/', 'method': 'POST', 'details': {}}
[2026-09-08 13:39:49,688] INFO httpx HTTP Request: POST http://testserver/api/accounts/register/ "HTTP/1.1 201 Created"
[2026-09-08 13:39:49,830] INFO httpx HTTP Request: POST http://testserver/api/accounts/login/ "HTTP/1.1 200 OK"
[2026-09-08 13:39:49,839] INFO audit {'event': 'integrity_check_completed', 'status': 'success', 'user_id': 10, 'user_email': 'u1788854989554@example.com', 'patient_id': None, 'patient_code': None, 'ip': 'testclient', 'path': '/api/accounts/integrity-check/', 'method': 'POST', 'details': {}}
[2026-09-08 13:39:49,847] INFO httpx HTTP Request: POST http://testserver/api/accounts/integrity-check/ "HTTP/1.1 200 OK"
[2026-09-08 13:39:49,854] DEBUG asyncio Using proactor: IocpProactor
[2026-09-08 13:39:49,856] INFO tria_engine Tria Engine (FastAPI) starting — env=development
[2026-09-08 13:39:49,857] INFO tria_engine UI storage table ready
[2026-09-08 13:39:49,868] INFO tria_engine Database connection OK
[2026-09-08 13:39:49,993] INFO httpx HTTP Request: POST http://testserver/api/accounts/login/ "HTTP/1.1 200 OK"
[2026-09-08 13:39:50,013] INFO httpx HTTP Request: GET http://testserver/api/accounts/audit-logs/?page_number=1&page_size=10 "HTTP/1.1 200 OK"
[2026-09-08 13:39:50,020] DEBUG asyncio Using proactor: IocpProactor
[2026-09-08 13:39:50,022] INFO tria_engine Tria Engine (FastAPI) starting — env=development
[2026-09-08 13:39:50,023] INFO tria_engine UI storage table ready
[2026-09-08 13:39:50,030] INFO tria_engine Database connection OK
[2026-09-08 13:39:50,035] INFO httpx HTTP Request: GET http://testserver/swagger/ "HTTP/1.1 307 Temporary Redirect"
[2026-09-08 13:39:50,039] DEBUG asyncio Using proactor: IocpProactor
[2026-09-08 13:39:50,041] INFO tria_engine Tria Engine (FastAPI) starting — env=development
[2026-09-08 13:39:50,042] INFO tria_engine UI storage table ready
[2026-09-08 13:39:50,053] INFO tria_engine Database connection OK
[2026-09-08 13:39:50,189] INFO httpx HTTP Request: POST http://testserver/api/accounts/login/ "HTTP/1.1 200 OK"
[2026-09-08 13:39:50,392] INFO httpx HTTP Request: GET http://testserver/billing/plans/ "HTTP/1.1 200 OK"
[2026-09-08 13:39:50,424] INFO httpx HTTP Request: POST http://testserver/billing/plans/ "HTTP/1.1 200 OK"
[2026-09-08 13:39:50,446] INFO httpx HTTP Request: POST http://testserver/billing/plans/ "HTTP/1.1 200 OK"
[2026-09-08 13:39:50,458] INFO httpx HTTP Request: POST http://testserver/billing/plans/ "HTTP/1.1 409 Conflict"
[2026-09-08 13:39:50,486] INFO httpx HTTP Request: PUT http://testserver/billing/plans/2/ "HTTP/1.1 200 OK"
[2026-09-08 13:39:50,493] INFO httpx HTTP Request: GET http://testserver/billing/plans/ "HTTP/1.1 200 OK"
[2026-09-08 13:39:50,513] INFO httpx HTTP Request: DELETE http://testserver/billing/plans/1/ "HTTP/1.1 200 OK"
[2026-09-08 13:39:50,522] INFO httpx HTTP Request: GET http://testserver/billing/plans/ "HTTP/1.1 200 OK"
[2026-09-08 13:39:50,527] DEBUG asyncio Using proactor: IocpProactor
[2026-09-08 13:39:50,530] INFO tria_engine Tria Engine (FastAPI) starting — env=development
[2026-09-08 13:39:50,531] INFO tria_engine UI storage table ready
[2026-09-08 13:39:50,541] INFO tria_engine Database connection OK
[2026-09-08 13:39:50,679] INFO httpx HTTP Request: POST http://testserver/api/accounts/login/ "HTTP/1.1 200 OK"
[2026-09-08 13:39:50,703] INFO httpx HTTP Request: POST http://testserver/billing/plans/ "HTTP/1.1 200 OK"
[2026-09-08 13:39:50,740] INFO httpx HTTP Request: POST http://testserver/billing/subscription/assign/ "HTTP/1.1 200 OK"
[2026-09-08 13:39:50,749] INFO httpx HTTP Request: DELETE http://testserver/billing/plans/3/ "HTTP/1.1 409 Conflict"
[2026-09-08 13:39:50,755] DEBUG asyncio Using proactor: IocpProactor
[2026-09-08 13:39:50,757] INFO tria_engine Tria Engine (FastAPI) starting — env=development
[2026-09-08 13:39:50,758] INFO tria_engine UI storage table ready
[2026-09-08 13:39:50,766] INFO tria_engine Database connection OK
[2026-09-08 13:39:51,008] INFO httpx HTTP Request: POST http://testserver/api/accounts/login/ "HTTP/1.1 200 OK"
[2026-09-08 13:39:51,014] INFO httpx HTTP Request: POST http://testserver/billing/plans/ "HTTP/1.1 403 Forbidden"
[2026-09-08 13:39:51,023] INFO httpx HTTP Request: POST http://testserver/billing/subscription/assign/ "HTTP/1.1 403 Forbidden"
[2026-09-08 13:39:51,027] DEBUG asyncio Using proactor: IocpProactor
[2026-09-08 13:39:51,029] INFO tria_engine Tria Engine (FastAPI) starting — env=development
[2026-09-08 13:39:51,030] INFO tria_engine UI storage table ready
[2026-09-08 13:39:51,040] INFO tria_engine Database connection OK
[2026-09-08 13:39:51,195] INFO httpx HTTP Request: POST http://testserver/api/accounts/login/ "HTTP/1.1 200 OK"
[2026-09-08 13:39:51,218] INFO httpx HTTP Request: POST http://testserver/billing/plans/ "HTTP/1.1 200 OK"
[2026-09-08 13:39:51,227] INFO httpx HTTP Request: GET http://testserver/billing/subscription/me/ "HTTP/1.1 200 OK"
[2026-09-08 13:39:51,260] INFO httpx HTTP Request: POST http://testserver/billing/subscription/assign/ "HTTP/1.1 200 OK"
[2026-09-08 13:39:51,296] INFO httpx HTTP Request: PATCH http://testserver/billing/subscription/me/ "HTTP/1.1 200 OK"
[2026-09-08 13:39:51,304] DEBUG asyncio Using proactor: IocpProactor
[2026-09-08 13:39:51,306] INFO tria_engine Tria Engine (FastAPI) starting — env=development
[2026-09-08 13:39:51,308] INFO tria_engine UI storage table ready
[2026-09-08 13:39:51,320] INFO tria_engine Database connection OK
[2026-09-08 13:39:51,463] INFO httpx HTTP Request: POST http://testserver/api/accounts/login/ "HTTP/1.1 200 OK"
[2026-09-08 13:39:51,486] INFO httpx HTTP Request: POST http://testserver/billing/plans/ "HTTP/1.1 200 OK"
[2026-09-08 13:39:51,551] INFO httpx HTTP Request: POST http://testserver/billing/subscription/checkout/ "HTTP/1.1 200 OK"
[2026-09-08 13:39:51,577] INFO httpx HTTP Request: POST http://testserver/billing/subscription/confirm/ "HTTP/1.1 200 OK"
[2026-09-08 13:39:51,590] INFO httpx HTTP Request: POST http://testserver/billing/subscription/confirm/ "HTTP/1.1 409 Conflict"
[2026-09-08 13:39:51,595] DEBUG asyncio Using proactor: IocpProactor
[2026-09-08 13:39:51,597] INFO tria_engine Tria Engine (FastAPI) starting — env=development
[2026-09-08 13:39:51,599] INFO tria_engine UI storage table ready
[2026-09-08 13:39:51,607] INFO tria_engine Database connection OK
[2026-09-08 13:39:51,745] INFO httpx HTTP Request: POST http://testserver/api/accounts/login/ "HTTP/1.1 200 OK"
[2026-09-08 13:39:51,755] INFO httpx HTTP Request: POST http://testserver/billing/subscription/checkout/ "HTTP/1.1 404 Not Found"
[2026-09-08 13:39:51,759] DEBUG asyncio Using proactor: IocpProactor
[2026-09-08 13:39:51,760] INFO tria_engine Tria Engine (FastAPI) starting — env=development
[2026-09-08 13:39:51,761] INFO tria_engine UI storage table ready
[2026-09-08 13:39:51,771] INFO tria_engine Database connection OK
[2026-09-08 13:39:51,908] INFO httpx HTTP Request: POST http://testserver/api/accounts/login/ "HTTP/1.1 200 OK"
[2026-09-08 13:39:51,918] INFO httpx HTTP Request: POST http://testserver/api/site/amendments/ "HTTP/1.1 400 Bad Request"
[2026-09-08 13:39:51,925] INFO httpx HTTP Request: POST http://testserver/api/site/amendments/ "HTTP/1.1 400 Bad Request"
[2026-09-08 13:39:51,946] INFO httpx HTTP Request: POST http://testserver/api/site/amendments/ "HTTP/1.1 201 Created"
[2026-09-08 13:39:51,970] INFO httpx HTTP Request: GET http://testserver/api/accounts/audit-logs/?page_size=100 "HTTP/1.1 200 OK"
[2026-09-08 13:39:51,978] INFO httpx HTTP Request: POST http://testserver/api/site/amendments/AMD-MTSE2PMI/close "HTTP/1.1 400 Bad Request"
[2026-09-08 13:39:52,025] INFO httpx HTTP Request: POST http://testserver/api/site/amendments/AMD-MTSE2PMI/assess "HTTP/1.1 200 OK"
[2026-09-08 13:39:52,038] INFO httpx HTTP Request: POST http://testserver/api/site/amendments/AMD-MTSE2PMI/complete-task "HTTP/1.1 400 Bad Request"
[2026-09-08 13:39:52,070] INFO httpx HTTP Request: POST http://testserver/api/site/amendments/AMD-MTSE2PMI/publish "HTTP/1.1 200 OK"
[2026-09-08 13:39:52,109] INFO httpx HTTP Request: POST http://testserver/api/site/amendments/AMD-MTSE2PMI/complete-task "HTTP/1.1 200 OK"
[2026-09-08 13:39:52,145] INFO httpx HTTP Request: POST http://testserver/api/site/amendments/AMD-MTSE2PMI/sites/SITE-01/compliant "HTTP/1.1 200 OK"
[2026-09-08 13:39:52,168] INFO httpx HTTP Request: POST http://testserver/api/site/amendments/AMD-MTSE2PMI/close "HTTP/1.1 200 OK"
[2026-09-08 13:39:52,174] INFO httpx HTTP Request: DELETE http://testserver/api/site/amendments/AMD-MTSE2PMI "HTTP/1.1 400 Bad Request"
[2026-09-08 13:39:52,182] INFO httpx HTTP Request: GET http://testserver/api/site/amendments/?studyCode=STUDY-A "HTTP/1.1 200 OK"
[2026-09-08 13:39:52,189] INFO httpx HTTP Request: GET http://testserver/api/site/amendments/AMD-MTSE2PMI "HTTP/1.1 200 OK"
[2026-09-08 13:39:52,193] DEBUG asyncio Using proactor: IocpProactor
[2026-09-08 13:39:52,195] INFO tria_engine Tria Engine (FastAPI) starting — env=development
[2026-09-08 13:39:52,196] INFO tria_engine UI storage table ready
[2026-09-08 13:39:52,205] INFO tria_engine Database connection OK
[2026-09-08 13:39:52,346] INFO httpx HTTP Request: POST http://testserver/api/accounts/login/ "HTTP/1.1 200 OK"
[2026-09-08 13:39:52,372] INFO httpx HTTP Request: POST http://testserver/api/site/amendments/ "HTTP/1.1 201 Created"
[2026-09-08 13:39:52,401] INFO httpx HTTP Request: POST http://testserver/api/site/amendments/AMD-MTSE2PYA/assess "HTTP/1.1 200 OK"
[2026-09-08 13:39:52,435] INFO httpx HTTP Request: POST http://testserver/api/site/amendments/AMD-MTSE2PYA/publish "HTTP/1.1 200 OK"
[2026-09-08 13:39:52,464] INFO httpx HTTP Request: POST http://testserver/api/site/amendments/AMD-MTSE2PYA/complete-task "HTTP/1.1 200 OK"
[2026-09-08 13:39:52,477] INFO httpx HTTP Request: POST http://testserver/api/site/amendments/AMD-MTSE2PYA/sites/SITE-02/compliant "HTTP/1.1 400 Bad Request"
[2026-09-08 13:39:52,511] INFO httpx HTTP Request: PATCH http://testserver/api/site/amendments/AMD-MTSE2PYA/irb-ref "HTTP/1.1 200 OK"
[2026-09-08 13:39:52,545] INFO httpx HTTP Request: POST http://testserver/api/site/amendments/AMD-MTSE2PYA/sites/SITE-02/compliant "HTTP/1.1 200 OK"
[2026-09-08 13:39:52,579] INFO httpx HTTP Request: POST http://testserver/api/site/amendments/AMD-MTSE2PYA/close "HTTP/1.1 200 OK"
[2026-09-08 13:39:52,588] DEBUG asyncio Using proactor: IocpProactor
[2026-09-08 13:39:52,591] INFO tria_engine Tria Engine (FastAPI) starting — env=development
[2026-09-08 13:39:52,592] INFO tria_engine UI storage table ready
[2026-09-08 13:39:52,602] INFO tria_engine Database connection OK
[2026-09-08 13:39:52,729] INFO httpx HTTP Request: POST http://testserver/api/accounts/login/ "HTTP/1.1 200 OK"
[2026-09-08 13:39:52,760] INFO httpx HTTP Request: POST http://testserver/api/site/ip/shipments/ "HTTP/1.1 201 Created"
[2026-09-08 13:39:52,768] INFO httpx HTTP Request: POST http://testserver/api/site/ip/shipments/ "HTTP/1.1 400 Bad Request"
[2026-09-08 13:39:52,795] INFO httpx HTTP Request: POST http://testserver/api/site/ip/lots/IPL-MTSE2Q8X/receive "HTTP/1.1 200 OK"
[2026-09-08 13:39:52,804] INFO httpx HTTP Request: POST http://testserver/api/site/ip/lots/IPL-MTSE2Q8X/dispense "HTTP/1.1 400 Bad Request"
[2026-09-08 13:39:52,810] INFO httpx HTTP Request: GET http://testserver/api/site/ip/lots/IPL-MTSE2Q8X "HTTP/1.1 200 OK"
[2026-09-08 13:39:52,820] INFO httpx HTTP Request: POST http://testserver/api/site/ip/lots/IPL-MTSE2Q8X/excursions/EXC-mtse2qa0/disposition "HTTP/1.1 400 Bad Request"
[2026-09-08 13:39:52,854] INFO httpx HTTP Request: POST http://testserver/api/site/ip/lots/IPL-MTSE2Q8X/excursions/EXC-mtse2qa0/disposition "HTTP/1.1 200 OK"
[2026-09-08 13:39:52,864] INFO httpx HTTP Request: POST http://testserver/api/site/ip/lots/IPL-MTSE2Q8X/dispense "HTTP/1.1 400 Bad Request"
[2026-09-08 13:39:52,889] INFO httpx HTTP Request: POST http://testserver/api/site/ip/lots/IPL-MTSE2Q8X/dispense "HTTP/1.1 200 OK"
[2026-09-08 13:39:52,896] INFO httpx HTTP Request: POST http://testserver/api/site/ip/lots/IPL-MTSE2Q8X/return "HTTP/1.1 400 Bad Request"
[2026-09-08 13:39:52,905] INFO httpx HTTP Request: POST http://testserver/api/site/ip/lots/IPL-MTSE2Q8X/destroy "HTTP/1.1 400 Bad Request"
[2026-09-08 13:39:52,923] INFO httpx HTTP Request: POST http://testserver/api/site/ip/lots/IPL-MTSE2Q8X/return "HTTP/1.1 200 OK"
[2026-09-08 13:39:52,952] INFO httpx HTTP Request: POST http://testserver/api/site/ip/lots/IPL-MTSE2Q8X/destroy "HTTP/1.1 200 OK"
[2026-09-08 13:39:52,988] INFO httpx HTTP Request: POST http://testserver/api/site/ip/shipments/ "HTTP/1.1 201 Created"
[2026-09-08 13:39:53,014] INFO httpx HTTP Request: POST http://testserver/api/site/ip/lots/IPL-MTSE2QF1/receive "HTTP/1.1 200 OK"
[2026-09-08 13:39:53,045] INFO httpx HTTP Request: POST http://testserver/api/site/ip/lots/IPL-MTSE2QF1/dispense "HTTP/1.1 200 OK"
[2026-09-08 13:39:53,083] INFO httpx HTTP Request: POST http://testserver/api/site/ip/lots/IPL-MTSE2QF1/reconcile "HTTP/1.1 200 OK"
[2026-09-08 13:39:53,111] INFO httpx HTTP Request: GET http://testserver/api/accounts/audit-logs/?page_size=100 "HTTP/1.1 200 OK"
[2026-09-08 13:39:53,124] INFO httpx HTTP Request: GET http://testserver/api/site/ip/lots/?studyCode=STUDY-A "HTTP/1.1 200 OK"
[2026-09-08 13:39:53,129] DEBUG asyncio Using proactor: IocpProactor
[2026-09-08 13:39:53,132] INFO tria_engine Tria Engine (FastAPI) starting — env=development
[2026-09-08 13:39:53,134] INFO tria_engine UI storage table ready
[2026-09-08 13:39:53,141] INFO tria_engine Database connection OK
[2026-09-08 13:39:53,272] INFO httpx HTTP Request: POST http://testserver/api/accounts/login/ "HTTP/1.1 200 OK"
[2026-09-08 13:39:53,283] INFO httpx HTTP Request: POST http://testserver/api/site/irb/ "HTTP/1.1 400 Bad Request"
[2026-09-08 13:39:53,306] INFO httpx HTTP Request: POST http://testserver/api/site/irb/ "HTTP/1.1 201 Created"
[2026-09-08 13:39:53,316] INFO httpx HTTP Request: POST http://testserver/api/site/irb/IRB-MTSE2QO9/decision "HTTP/1.1 400 Bad Request"
[2026-09-08 13:39:53,330] INFO httpx HTTP Request: POST http://testserver/api/site/irb/IRB-MTSE2QO9/submit "HTTP/1.1 200 OK"
[2026-09-08 13:39:53,345] INFO httpx HTTP Request: POST http://testserver/api/site/irb/IRB-MTSE2QO9/start-review "HTTP/1.1 200 OK"
[2026-09-08 13:39:53,378] INFO httpx HTTP Request: POST http://testserver/api/site/irb/IRB-MTSE2QO9/decision "HTTP/1.1 200 OK"
[2026-09-08 13:39:53,395] INFO httpx HTTP Request: POST http://testserver/api/site/irb/IRB-MTSE2QO9/conditions/0/resolve "HTTP/1.1 200 OK"
[2026-09-08 13:39:53,411] INFO httpx HTTP Request: POST http://testserver/api/site/irb/IRB-MTSE2QO9/correspondence "HTTP/1.1 200 OK"
[2026-09-08 13:39:53,437] INFO httpx HTTP Request: POST http://testserver/api/site/irb/ "HTTP/1.1 201 Created"
[2026-09-08 13:39:53,455] INFO httpx HTTP Request: POST http://testserver/api/site/irb/IRB-MTSE2QRV/submit "HTTP/1.1 200 OK"
[2026-09-08 13:39:53,477] INFO httpx HTTP Request: POST http://testserver/api/site/irb/IRB-MTSE2QRV/start-review "HTTP/1.1 200 OK"
[2026-09-08 13:39:53,520] INFO httpx HTTP Request: POST http://testserver/api/site/irb/IRB-MTSE2QRV/decision "HTTP/1.1 200 OK"
[2026-09-08 13:39:53,559] INFO httpx HTTP Request: GET http://testserver/api/accounts/audit-logs/?page_size=100 "HTTP/1.1 200 OK"
[2026-09-08 13:39:53,567] DEBUG asyncio Using proactor: IocpProactor
[2026-09-08 13:39:53,569] INFO tria_engine Tria Engine (FastAPI) starting — env=development
[2026-09-08 13:39:53,570] INFO tria_engine UI storage table ready
[2026-09-08 13:39:53,587] INFO tria_engine Database connection OK
[2026-09-08 13:39:53,728] INFO httpx HTTP Request: POST http://testserver/api/accounts/login/ "HTTP/1.1 200 OK"
[2026-09-08 13:39:53,772] INFO httpx HTTP Request: POST http://testserver/api/site/icf/versions/ "HTTP/1.1 201 Created"
[2026-09-08 13:39:53,781] INFO httpx HTTP Request: POST http://testserver/api/site/icf/versions/ "HTTP/1.1 400 Bad Request"
[2026-09-08 13:39:53,790] INFO httpx HTTP Request: POST http://testserver/api/site/icf/events/ "HTTP/1.1 400 Bad Request"
[2026-09-08 13:39:53,808] INFO httpx HTTP Request: POST http://testserver/api/site/icf/versions/ICFV-MTSE2R0R/approve "HTTP/1.1 200 OK"
[2026-09-08 13:39:53,842] INFO httpx HTTP Request: POST http://testserver/api/site/icf/versions/ICFV-MTSE2R0R/activate "HTTP/1.1 200 OK"
[2026-09-08 13:39:53,853] INFO httpx HTTP Request: POST http://testserver/api/site/icf/events/ "HTTP/1.1 400 Bad Request"
[2026-09-08 13:39:53,877] INFO httpx HTTP Request: POST http://testserver/api/site/icf/events/ "HTTP/1.1 201 Created"
[2026-09-08 13:39:53,887] INFO httpx HTTP Request: GET http://testserver/api/site/icf/enroll-check?studyCode=STUDY-A&siteCode=SITE-01&subjectId=SUBJ-01 "HTTP/1.1 200 OK"
[2026-09-08 13:39:53,895] INFO httpx HTTP Request: GET http://testserver/api/site/icf/enroll-check?studyCode=STUDY-A&siteCode=SITE-01&subjectId=SUBJ-02 "HTTP/1.1 200 OK"
[2026-09-08 13:39:53,918] INFO httpx HTTP Request: POST http://testserver/api/site/icf/versions/ "HTTP/1.1 201 Created"
[2026-09-08 13:39:53,936] INFO httpx HTTP Request: POST http://testserver/api/site/icf/versions/ICFV-MTSE2R5B/approve "HTTP/1.1 200 OK"
[2026-09-08 13:39:53,968] INFO httpx HTTP Request: POST http://testserver/api/site/icf/versions/ICFV-MTSE2R5B/activate "HTTP/1.1 200 OK"
[2026-09-08 13:39:53,980] INFO httpx HTTP Request: GET http://testserver/api/site/icf/versions/?studyCode=STUDY-A "HTTP/1.1 200 OK"
[2026-09-08 13:39:54,007] INFO httpx HTTP Request: POST http://testserver/api/site/icf/campaigns/ "HTTP/1.1 201 Created"
[2026-09-08 13:39:54,042] INFO httpx HTTP Request: POST http://testserver/api/site/icf/campaigns/RC-MTSE2R7O/complete-subject "HTTP/1.1 200 OK"
[2026-09-08 13:39:54,051] INFO httpx HTTP Request: GET http://testserver/api/site/icf/procedures-blocked?studyCode=STUDY-A&subjectId=SUBJ-02 "HTTP/1.1 200 OK"
[2026-09-08 13:39:54,076] INFO httpx HTTP Request: POST http://testserver/api/site/icf/campaigns/RC-MTSE2R7O/complete-subject "HTTP/1.1 200 OK"
[2026-09-08 13:39:54,084] INFO httpx HTTP Request: GET http://testserver/api/site/icf/procedures-blocked?studyCode=STUDY-A&subjectId=SUBJ-02 "HTTP/1.1 200 OK"
[2026-09-08 13:39:54,091] INFO httpx HTTP Request: GET http://testserver/api/site/icf/events/?studyCode=STUDY-A&subjectId=SUBJ-01 "HTTP/1.1 200 OK"
[2026-09-08 13:39:54,116] INFO httpx HTTP Request: GET http://testserver/api/accounts/audit-logs/?page_size=100 "HTTP/1.1 200 OK"
[2026-09-08 13:39:54,122] DEBUG asyncio Using proactor: IocpProactor
[2026-09-08 13:39:54,124] INFO tria_engine Tria Engine (FastAPI) starting — env=development
[2026-09-08 13:39:54,125] INFO tria_engine UI storage table ready
[2026-09-08 13:39:54,145] INFO tria_engine Database connection OK
[2026-09-08 13:39:54,279] INFO httpx HTTP Request: POST http://testserver/api/accounts/login/ "HTTP/1.1 200 OK"
[2026-09-08 13:39:54,307] INFO httpx HTTP Request: POST http://testserver/api/site/vendors/ "HTTP/1.1 201 Created"
[2026-09-08 13:39:54,315] INFO httpx HTTP Request: POST http://testserver/api/site/vendors/ "HTTP/1.1 400 Bad Request"
[2026-09-08 13:39:54,347] INFO httpx HTTP Request: POST http://testserver/api/site/vendors/ "HTTP/1.1 201 Created"
[2026-09-08 13:39:54,362] INFO httpx HTTP Request: POST http://testserver/api/site/vendors/VND-MTSE2RG2/offboard "HTTP/1.1 400 Bad Request"
[2026-09-08 13:39:54,385] INFO httpx HTTP Request: POST http://testserver/api/site/vendors/VND-MTSE2RG2/activate "HTTP/1.1 200 OK"
[2026-09-08 13:39:54,413] INFO httpx HTTP Request: POST http://testserver/api/site/vendors/kits/ "HTTP/1.1 201 Created"
[2026-09-08 13:39:54,432] INFO httpx HTTP Request: POST http://testserver/api/site/vendors/kits/KT-MTSE2RIX/advance "HTTP/1.1 200 OK"
[2026-09-08 13:39:54,461] INFO httpx HTTP Request: POST http://testserver/api/site/vendors/kits/KT-MTSE2RIX/advance "HTTP/1.1 200 OK"
[2026-09-08 13:39:54,502] INFO httpx HTTP Request: POST http://testserver/api/site/vendors/kits/KT-MTSE2RIX/advance "HTTP/1.1 200 OK"
[2026-09-08 13:39:54,519] INFO httpx HTTP Request: POST http://testserver/api/site/vendors/kits/KT-MTSE2RIX/advance "HTTP/1.1 400 Bad Request"
[2026-09-08 13:39:54,546] INFO httpx HTTP Request: POST http://testserver/api/site/vendors/VND-MTSE2RG2/offboard "HTTP/1.1 200 OK"
[2026-09-08 13:39:54,559] INFO httpx HTTP Request: POST http://testserver/api/site/vendors/kits/ "HTTP/1.1 400 Bad Request"
[2026-09-08 13:39:54,568] INFO httpx HTTP Request: GET http://testserver/api/site/vendors/ "HTTP/1.1 200 OK"
[2026-09-08 13:39:54,603] INFO httpx HTTP Request: GET http://testserver/api/accounts/audit-logs/?page_size=100 "HTTP/1.1 200 OK"
[2026-09-08 13:39:54,609] DEBUG asyncio Using proactor: IocpProactor
[2026-09-08 13:39:54,611] INFO tria_engine Tria Engine (FastAPI) starting — env=development
[2026-09-08 13:39:54,612] INFO tria_engine UI storage table ready
[2026-09-08 13:39:54,622] INFO tria_engine Database connection OK
[2026-09-08 13:39:54,759] INFO httpx HTTP Request: POST http://testserver/api/accounts/login/ "HTTP/1.1 200 OK"
[2026-09-08 13:39:54,769] INFO httpx HTTP Request: PUT http://testserver/api/site/feasibility-scoring/ "HTTP/1.1 400 Bad Request"
[2026-09-08 13:39:54,786] INFO httpx HTTP Request: PUT http://testserver/api/site/feasibility-scoring/ "HTTP/1.1 200 OK"
[2026-09-08 13:39:54,813] INFO httpx HTTP Request: POST http://testserver/api/site/feasibility/ "HTTP/1.1 201 Created"
[2026-09-08 13:39:54,830] INFO httpx HTTP Request: POST http://testserver/api/site/feasibility/FC-MTSE2RU0/questionnaire-response "HTTP/1.1 400 Bad Request"
[2026-09-08 13:39:54,851] INFO httpx HTTP Request: POST http://testserver/api/site/feasibility/FC-MTSE2RU0/send-questionnaire "HTTP/1.1 200 OK"
[2026-09-08 13:39:54,870] INFO httpx HTTP Request: POST http://testserver/api/site/feasibility/FC-MTSE2RU0/questionnaire-response "HTTP/1.1 200 OK"
[2026-09-08 13:39:54,906] INFO httpx HTTP Request: POST http://testserver/api/site/feasibility/FC-MTSE2RU0/score "HTTP/1.1 200 OK"
[2026-09-08 13:39:54,925] INFO httpx HTTP Request: POST http://testserver/api/site/feasibility/FC-MTSE2RU0/decide "HTTP/1.1 400 Bad Request"
[2026-09-08 13:39:54,936] INFO httpx HTTP Request: POST http://testserver/api/site/feasibility/FC-MTSE2RU0/decide "HTTP/1.1 400 Bad Request"
[2026-09-08 13:39:54,952] INFO httpx HTTP Request: PUT http://testserver/api/site/feasibility-scoring/ "HTTP/1.1 200 OK"
[2026-09-08 13:39:54,981] INFO httpx HTTP Request: POST http://testserver/api/site/feasibility/FC-MTSE2RU0/decide "HTTP/1.1 200 OK"
[2026-09-08 13:39:55,017] INFO httpx HTTP Request: POST http://testserver/api/site/feasibility/FC-MTSE2RU0/convert "HTTP/1.1 200 OK"
[2026-09-08 13:39:55,031] INFO httpx HTTP Request: DELETE http://testserver/api/site/feasibility/FC-MTSE2RU0 "HTTP/1.1 400 Bad Request"
[2026-09-08 13:39:55,060] INFO httpx HTTP Request: POST http://testserver/api/site/feasibility/ "HTTP/1.1 201 Created"
[2026-09-08 13:39:55,094] INFO httpx HTTP Request: DELETE http://testserver/api/site/feasibility/FC-MTSE2S0U "HTTP/1.1 200 OK"
[2026-09-08 13:39:55,104] INFO httpx HTTP Request: GET http://testserver/api/site/feasibility/?studyCode=STUDY-A "HTTP/1.1 200 OK"
[2026-09-08 13:39:55,129] INFO httpx HTTP Request: GET http://testserver/api/accounts/audit-logs/?page_size=100 "HTTP/1.1 200 OK"
[2026-09-08 13:39:55,136] DEBUG asyncio Using proactor: IocpProactor
[2026-09-08 13:39:55,138] INFO tria_engine Tria Engine (FastAPI) starting — env=development
[2026-09-08 13:39:55,139] INFO tria_engine UI storage table ready
[2026-09-08 13:39:55,146] INFO tria_engine Database connection OK
[2026-09-08 13:39:55,153] INFO httpx HTTP Request: GET http://testserver/api/site/amendments/ "HTTP/1.1 401 Unauthorized"
[2026-09-08 13:39:55,157] INFO httpx HTTP Request: POST http://testserver/api/site/vendors/ "HTTP/1.1 401 Unauthorized"
[2026-09-08 13:39:55,161] DEBUG asyncio Using proactor: IocpProactor
[2026-09-08 13:39:55,163] INFO tria_engine Tria Engine (FastAPI) starting — env=development
[2026-09-08 13:39:55,165] INFO tria_engine UI storage table ready
[2026-09-08 13:39:55,173] INFO tria_engine Database connection OK
[2026-09-08 13:39:55,388] INFO httpx HTTP Request: POST http://testserver/api/accounts/login/ "HTTP/1.1 200 OK"
[2026-09-08 13:39:55,420] INFO httpx HTTP Request: POST http://testserver/api/site/amendments/ "HTTP/1.1 201 Created"
[2026-09-08 13:39:55,474] INFO httpx HTTP Request: GET http://testserver/api/accounts/audit-logs/?page_size=100 "HTTP/1.1 200 OK"
[2026-09-08 13:39:55,485] DEBUG asyncio Using proactor: IocpProactor
[2026-09-08 13:39:55,487] INFO tria_engine Tria Engine (FastAPI) starting — env=development
[2026-09-08 13:39:55,489] INFO tria_engine UI storage table ready
[2026-09-08 13:39:55,499] INFO tria_engine Database connection OK
[2026-09-08 13:39:55,739] INFO httpx HTTP Request: POST http://testserver/api/accounts/login/ "HTTP/1.1 200 OK"
[2026-09-08 13:39:55,756] INFO httpx HTTP Request: POST http://testserver/api/site/amendments/sync "HTTP/1.1 200 OK"
[2026-09-08 13:39:55,762] INFO httpx HTTP Request: GET http://testserver/api/site/amendments/ "HTTP/1.1 200 OK"
[2026-09-08 13:39:55,778] INFO httpx HTTP Request: POST http://testserver/api/site/amendments/sync "HTTP/1.1 200 OK"
[2026-09-08 13:39:55,786] INFO httpx HTTP Request: GET http://testserver/api/site/amendments/ "HTTP/1.1 200 OK"
[2026-09-08 13:39:55,790] DEBUG asyncio Using proactor: IocpProactor
[2026-09-08 13:39:55,791] INFO tria_engine Tria Engine (FastAPI) starting — env=development
[2026-09-08 13:39:55,792] INFO tria_engine UI storage table ready
[2026-09-08 13:39:55,802] INFO tria_engine Database connection OK
[2026-09-08 13:39:56,036] INFO httpx HTTP Request: POST http://testserver/api/accounts/login/ "HTTP/1.1 200 OK"
[2026-09-08 13:39:56,043] INFO httpx HTTP Request: POST http://testserver/api/site/amendments/sync "HTTP/1.1 200 OK"
[2026-09-08 13:39:56,049] DEBUG asyncio Using proactor: IocpProactor
[2026-09-08 13:39:56,051] INFO tria_engine Tria Engine (FastAPI) starting — env=development
[2026-09-08 13:39:56,052] INFO tria_engine UI storage table ready
[2026-09-08 13:39:56,060] INFO tria_engine Database connection OK
[2026-09-08 13:39:56,208] INFO httpx HTTP Request: POST http://testserver/api/accounts/login/ "HTTP/1.1 200 OK"
[2026-09-08 13:39:56,234] INFO httpx HTTP Request: POST http://testserver/api/site/ip/sync "HTTP/1.1 200 OK"
[2026-09-08 13:39:56,476] INFO httpx HTTP Request: POST http://testserver/api/accounts/login/ "HTTP/1.1 200 OK"
[2026-09-08 13:39:56,486] INFO httpx HTTP Request: POST http://testserver/api/site/ip/sync "HTTP/1.1 200 OK"
[2026-09-08 13:39:56,490] DEBUG asyncio Using proactor: IocpProactor
[2026-09-08 13:39:56,491] INFO tria_engine Tria Engine (FastAPI) starting — env=development
[2026-09-08 13:39:56,492] INFO tria_engine UI storage table ready
[2026-09-08 13:39:56,503] INFO tria_engine Database connection OK
[2026-09-08 13:39:56,755] INFO httpx HTTP Request: POST http://testserver/api/accounts/login/ "HTTP/1.1 200 OK"
[2026-09-08 13:39:56,766] INFO httpx HTTP Request: POST http://testserver/api/site/irb/sync "HTTP/1.1 403 Forbidden"
[2026-09-08 13:39:56,771] DEBUG asyncio Using proactor: IocpProactor
[2026-09-08 13:39:56,774] INFO tria_engine Tria Engine (FastAPI) starting — env=development
[2026-09-08 13:39:56,775] INFO tria_engine UI storage table ready
[2026-09-08 13:39:56,790] INFO tria_engine Database connection OK
[2026-09-08 13:39:57,039] INFO httpx HTTP Request: POST http://testserver/api/accounts/login/ "HTTP/1.1 200 OK"
[2026-09-08 13:39:57,057] INFO httpx HTTP Request: POST http://testserver/api/site/irb/sync "HTTP/1.1 200 OK"
[2026-09-08 13:39:57,077] INFO httpx HTTP Request: POST http://testserver/api/site/icf/versions/sync "HTTP/1.1 200 OK"
[2026-09-08 13:39:57,104] INFO httpx HTTP Request: POST http://testserver/api/site/icf/events/sync "HTTP/1.1 200 OK"
[2026-09-08 13:39:57,121] INFO httpx HTTP Request: POST http://testserver/api/site/icf/campaigns/sync "HTTP/1.1 200 OK"
[2026-09-08 13:39:57,138] INFO httpx HTTP Request: POST http://testserver/api/site/vendors/sync "HTTP/1.1 200 OK"
[2026-09-08 13:39:57,155] INFO httpx HTTP Request: POST http://testserver/api/site/vendors/kits/sync "HTTP/1.1 200 OK"
[2026-09-08 13:39:57,175] INFO httpx HTTP Request: POST http://testserver/api/site/feasibility/sync "HTTP/1.1 200 OK"
[2026-09-08 13:39:57,219] INFO httpx HTTP Request: POST http://testserver/api/site/feasibility-scoring/sync "HTTP/1.1 200 OK"
[2026-09-08 13:39:57,228] INFO httpx HTTP Request: GET http://testserver/api/site/vendors/ "HTTP/1.1 200 OK"
[2026-09-08 13:39:57,237] INFO httpx HTTP Request: GET http://testserver/api/site/feasibility/ "HTTP/1.1 200 OK"
[2026-09-08 13:39:57,242] DEBUG asyncio Using proactor: IocpProactor
[2026-09-08 13:39:57,244] INFO tria_engine Tria Engine (FastAPI) starting — env=development
[2026-09-08 13:39:57,245] INFO tria_engine UI storage table ready
[2026-09-08 13:39:57,255] INFO tria_engine Database connection OK
[2026-09-08 13:39:57,517] INFO httpx HTTP Request: POST http://testserver/api/accounts/login/ "HTTP/1.1 200 OK"
[2026-09-08 13:39:57,535] INFO httpx HTTP Request: POST http://testserver/api/site/amendments/sync "HTTP/1.1 200 OK"
[2026-09-08 13:39:57,805] INFO httpx HTTP Request: POST http://testserver/api/accounts/login/ "HTTP/1.1 200 OK"
[2026-09-08 13:39:57,824] INFO httpx HTTP Request: POST http://testserver/api/site/amendments/sync "HTTP/1.1 200 OK"
[2026-09-08 13:39:57,960] INFO httpx HTTP Request: POST http://testserver/api/accounts/login/ "HTTP/1.1 200 OK"
[2026-09-08 13:39:57,968] INFO httpx HTTP Request: GET http://testserver/api/site/amendments/ "HTTP/1.1 200 OK"
[2026-09-08 13:39:57,973] DEBUG asyncio Using proactor: IocpProactor
[2026-09-08 13:39:57,974] INFO tria_engine Tria Engine (FastAPI) starting — env=development
[2026-09-08 13:39:57,976] INFO tria_engine UI storage table ready
[2026-09-08 13:39:57,986] INFO tria_engine Database connection OK
[2026-09-08 13:39:57,990] INFO httpx HTTP Request: GET http://testserver/api/health/ "HTTP/1.1 200 OK"
[2026-09-08 13:39:57,994] DEBUG asyncio Using proactor: IocpProactor
[2026-09-08 13:39:57,996] INFO tria_engine Tria Engine (FastAPI) starting — env=development
[2026-09-08 13:39:57,998] INFO tria_engine UI storage table ready
[2026-09-08 13:39:58,006] INFO tria_engine Database connection OK
[2026-09-08 13:39:58,010] INFO httpx HTTP Request: GET http://testserver/api/health "HTTP/1.1 200 OK"
[2026-09-08 13:39:58,016] DEBUG asyncio Using proactor: IocpProactor
[2026-09-08 13:39:58,018] INFO tria_engine Tria Engine (FastAPI) starting — env=development
[2026-09-08 13:39:58,019] INFO tria_engine UI storage table ready
[2026-09-08 13:39:58,028] INFO tria_engine Database connection OK
[2026-09-08 13:39:58,034] INFO httpx HTTP Request: GET http://testserver/api/health/ready/ "HTTP/1.1 200 OK"
[2026-09-08 13:39:58,039] DEBUG asyncio Using proactor: IocpProactor
[2026-09-08 13:39:58,040] INFO tria_engine Tria Engine (FastAPI) starting — env=development
[2026-09-08 13:39:58,041] INFO tria_engine UI storage table ready
[2026-09-08 13:39:58,051] INFO tria_engine Database connection OK
[2026-09-08 13:39:58,187] INFO httpx HTTP Request: POST http://testserver/api/accounts/login/ "HTTP/1.1 200 OK"
[2026-09-08 13:39:58,210] INFO httpx HTTP Request: POST http://testserver/api/notifications/sync "HTTP/1.1 200 OK"
[2026-09-08 13:39:58,219] INFO httpx HTTP Request: GET http://testserver/api/notifications "HTTP/1.1 200 OK"
[2026-09-08 13:39:58,232] DEBUG asyncio Using proactor: IocpProactor
[2026-09-08 13:39:58,234] INFO tria_engine Tria Engine (FastAPI) starting — env=development
[2026-09-08 13:39:58,235] INFO tria_engine UI storage table ready
[2026-09-08 13:39:58,243] INFO tria_engine Database connection OK
[2026-09-08 13:39:58,370] INFO httpx HTTP Request: POST http://testserver/api/accounts/login/ "HTTP/1.1 200 OK"
[2026-09-08 13:39:58,384] INFO httpx HTTP Request: POST http://testserver/api/notifications/sync "HTTP/1.1 200 OK"
[2026-09-08 13:39:58,390] INFO httpx HTTP Request: POST http://testserver/api/notifications/sync "HTTP/1.1 200 OK"
[2026-09-08 13:39:58,398] INFO httpx HTTP Request: GET http://testserver/api/notifications "HTTP/1.1 200 OK"
[2026-09-08 13:39:58,412] INFO httpx HTTP Request: POST http://testserver/api/notifications/sync "HTTP/1.1 200 OK"
[2026-09-08 13:39:58,421] INFO httpx HTTP Request: GET http://testserver/api/notifications "HTTP/1.1 200 OK"
[2026-09-08 13:39:58,443] DEBUG asyncio Using proactor: IocpProactor
[2026-09-08 13:39:58,453] INFO tria_engine Tria Engine (FastAPI) starting — env=development
[2026-09-08 13:39:58,457] INFO tria_engine UI storage table ready
[2026-09-08 13:39:58,474] INFO tria_engine Database connection OK
[2026-09-08 13:39:58,609] INFO httpx HTTP Request: POST http://testserver/api/accounts/login/ "HTTP/1.1 200 OK"
[2026-09-08 13:39:58,629] INFO httpx HTTP Request: POST http://testserver/api/notifications/sync "HTTP/1.1 200 OK"
[2026-09-08 13:39:58,659] INFO httpx HTTP Request: POST http://testserver/api/notifications/sync "HTTP/1.1 200 OK"
[2026-09-08 13:39:58,668] INFO httpx HTTP Request: GET http://testserver/api/notifications "HTTP/1.1 200 OK"
[2026-09-08 13:39:58,678] DEBUG asyncio Using proactor: IocpProactor
[2026-09-08 13:39:58,682] INFO tria_engine Tria Engine (FastAPI) starting — env=development
[2026-09-08 13:39:58,683] INFO tria_engine UI storage table ready
[2026-09-08 13:39:58,692] INFO tria_engine Database connection OK
[2026-09-08 13:39:58,819] INFO httpx HTTP Request: POST http://testserver/api/accounts/login/ "HTTP/1.1 200 OK"
[2026-09-08 13:39:58,947] INFO httpx HTTP Request: POST http://testserver/api/notifications/sync "HTTP/1.1 200 OK"
[2026-09-08 13:39:59,090] INFO httpx HTTP Request: POST http://testserver/api/accounts/login/ "HTTP/1.1 200 OK"
[2026-09-08 13:39:59,097] INFO httpx HTTP Request: GET http://testserver/api/notifications "HTTP/1.1 200 OK"
[2026-09-08 13:39:59,107] INFO httpx HTTP Request: POST http://testserver/api/notifications/1/read "HTTP/1.1 404 Not Found"
[2026-09-08 13:39:59,118] DEBUG asyncio Using proactor: IocpProactor
[2026-09-08 13:39:59,120] INFO tria_engine Tria Engine (FastAPI) starting — env=development
[2026-09-08 13:39:59,121] INFO tria_engine UI storage table ready
[2026-09-08 13:39:59,128] INFO tria_engine Database connection OK
[2026-09-08 13:39:59,254] INFO httpx HTTP Request: POST http://testserver/api/accounts/login/ "HTTP/1.1 200 OK"
[2026-09-08 13:39:59,267] INFO httpx HTTP Request: POST http://testserver/api/notifications/sync "HTTP/1.1 200 OK"
[2026-09-08 13:39:59,274] INFO httpx HTTP Request: GET http://testserver/api/notifications "HTTP/1.1 200 OK"
[2026-09-08 13:39:59,289] INFO httpx HTTP Request: POST http://testserver/api/notifications/1/read "HTTP/1.1 200 OK"
[2026-09-08 13:39:59,295] INFO httpx HTTP Request: GET http://testserver/api/notifications "HTTP/1.1 200 OK"
[2026-09-08 13:39:59,309] INFO httpx HTTP Request: POST http://testserver/api/notifications/1/read "HTTP/1.1 200 OK"
[2026-09-08 13:39:59,317] INFO httpx HTTP Request: GET http://testserver/api/notifications "HTTP/1.1 200 OK"
[2026-09-08 13:39:59,327] DEBUG asyncio Using proactor: IocpProactor
[2026-09-08 13:39:59,329] INFO tria_engine Tria Engine (FastAPI) starting — env=development
[2026-09-08 13:39:59,331] INFO tria_engine UI storage table ready
[2026-09-08 13:39:59,339] INFO tria_engine Database connection OK
[2026-09-08 13:39:59,483] INFO httpx HTTP Request: POST http://testserver/api/accounts/login/ "HTTP/1.1 200 OK"
[2026-09-08 13:39:59,493] INFO httpx HTTP Request: POST http://testserver/api/notifications/sync "HTTP/1.1 400 Bad Request"
[2026-09-08 13:39:59,516] INFO httpx HTTP Request: POST http://testserver/api/notifications/sync "HTTP/1.1 200 OK"
[2026-09-08 13:39:59,540] DEBUG asyncio Using proactor: IocpProactor
[2026-09-08 13:39:59,545] INFO tria_engine Tria Engine (FastAPI) starting — env=development
[2026-09-08 13:39:59,549] INFO tria_engine UI storage table ready
[2026-09-08 13:39:59,561] INFO tria_engine Database connection OK
[2026-09-08 13:39:59,569] INFO httpx HTTP Request: GET http://testserver/api/site/amendments/ "HTTP/1.1 401 Unauthorized"
[2026-09-08 13:39:59,573] DEBUG asyncio Using proactor: IocpProactor
[2026-09-08 13:39:59,575] INFO tria_engine Tria Engine (FastAPI) starting — env=development
[2026-09-08 13:39:59,576] INFO tria_engine UI storage table ready
[2026-09-08 13:39:59,585] INFO tria_engine Database connection OK
[2026-09-08 13:39:59,846] INFO httpx HTTP Request: POST http://testserver/api/accounts/login/ "HTTP/1.1 200 OK"
[2026-09-08 13:39:59,866] INFO httpx HTTP Request: POST http://testserver/api/site/amendments/ "HTTP/1.1 403 Forbidden"
[2026-09-08 13:39:59,871] DEBUG asyncio Using proactor: IocpProactor
[2026-09-08 13:39:59,873] INFO tria_engine Tria Engine (FastAPI) starting — env=development
[2026-09-08 13:39:59,875] INFO tria_engine UI storage table ready
[2026-09-08 13:39:59,885] INFO tria_engine Database connection OK
[2026-09-08 13:40:00,155] INFO httpx HTTP Request: POST http://testserver/api/accounts/login/ "HTTP/1.1 200 OK"
[2026-09-08 13:40:00,170] INFO httpx HTTP Request: POST http://testserver/api/site/amendments/ "HTTP/1.1 403 Forbidden"
[2026-09-08 13:40:00,174] DEBUG asyncio Using proactor: IocpProactor
[2026-09-08 13:40:00,176] INFO tria_engine Tria Engine (FastAPI) starting — env=development
[2026-09-08 13:40:00,177] INFO tria_engine UI storage table ready
[2026-09-08 13:40:00,193] INFO tria_engine Database connection OK
[2026-09-08 13:40:00,427] INFO httpx HTTP Request: POST http://testserver/api/accounts/login/ "HTTP/1.1 200 OK"
[2026-09-08 13:40:00,444] INFO httpx HTTP Request: POST http://testserver/api/site/amendments/ "HTTP/1.1 403 Forbidden"
[2026-09-08 13:40:00,450] DEBUG asyncio Using proactor: IocpProactor
[2026-09-08 13:40:00,452] INFO tria_engine Tria Engine (FastAPI) starting — env=development
[2026-09-08 13:40:00,453] INFO tria_engine UI storage table ready
[2026-09-08 13:40:00,462] INFO tria_engine Database connection OK
[2026-09-08 13:40:00,707] INFO httpx HTTP Request: POST http://testserver/api/accounts/login/ "HTTP/1.1 200 OK"
[2026-09-08 13:40:00,737] INFO httpx HTTP Request: POST http://testserver/api/site/ip/shipments/ "HTTP/1.1 403 Forbidden"
[2026-09-08 13:40:00,742] DEBUG asyncio Using proactor: IocpProactor
[2026-09-08 13:40:00,744] INFO tria_engine Tria Engine (FastAPI) starting — env=development
[2026-09-08 13:40:00,747] INFO tria_engine UI storage table ready
[2026-09-08 13:40:00,759] INFO tria_engine Database connection OK
[2026-09-08 13:40:01,011] INFO httpx HTTP Request: POST http://testserver/api/accounts/login/ "HTTP/1.1 200 OK"
[2026-09-08 13:40:01,035] INFO httpx HTTP Request: POST http://testserver/api/site/ip/shipments/ "HTTP/1.1 403 Forbidden"
[2026-09-08 13:40:01,040] DEBUG asyncio Using proactor: IocpProactor
[2026-09-08 13:40:01,041] INFO tria_engine Tria Engine (FastAPI) starting — env=development
[2026-09-08 13:40:01,042] INFO tria_engine UI storage table ready
[2026-09-08 13:40:01,052] INFO tria_engine Database connection OK
[2026-09-08 13:40:01,302] INFO httpx HTTP Request: POST http://testserver/api/accounts/login/ "HTTP/1.1 200 OK"
[2026-09-08 13:40:01,308] INFO httpx HTTP Request: DELETE http://testserver/api/site/amendments/AMD-356a7a "HTTP/1.1 404 Not Found"
[2026-09-08 13:40:01,313] DEBUG asyncio Using proactor: IocpProactor
[2026-09-08 13:40:01,316] INFO tria_engine Tria Engine (FastAPI) starting — env=development
[2026-09-08 13:40:01,318] INFO tria_engine UI storage table ready
[2026-09-08 13:40:01,325] INFO tria_engine Database connection OK
[2026-09-08 13:40:01,562] INFO httpx HTTP Request: POST http://testserver/api/accounts/login/ "HTTP/1.1 200 OK"
[2026-09-08 13:40:01,588] INFO httpx HTTP Request: POST http://testserver/api/site/amendments/ "HTTP/1.1 201 Created"
[2026-09-08 13:40:01,592] DEBUG asyncio Using proactor: IocpProactor
[2026-09-08 13:40:01,594] INFO tria_engine Tria Engine (FastAPI) starting — env=development
[2026-09-08 13:40:01,595] INFO tria_engine UI storage table ready
[2026-09-08 13:40:01,604] INFO tria_engine Database connection OK
[2026-09-08 13:40:01,836] INFO httpx HTTP Request: POST http://testserver/api/accounts/login/ "HTTP/1.1 200 OK"
[2026-09-08 13:40:01,869] INFO httpx HTTP Request: POST http://testserver/api/site/ip/shipments/ "HTTP/1.1 201 Created"
[2026-09-08 13:40:01,874] DEBUG asyncio Using proactor: IocpProactor
[2026-09-08 13:40:01,877] INFO tria_engine Tria Engine (FastAPI) starting — env=development
[2026-09-08 13:40:01,878] INFO tria_engine UI storage table ready
[2026-09-08 13:40:01,891] INFO tria_engine Database connection OK
[2026-09-08 13:40:02,128] INFO httpx HTTP Request: POST http://testserver/api/accounts/login/ "HTTP/1.1 200 OK"
[2026-09-08 13:40:02,165] INFO httpx HTTP Request: POST http://testserver/api/site/amendments/ "HTTP/1.1 201 Created"
[2026-09-08 13:40:02,418] INFO httpx HTTP Request: POST http://testserver/api/accounts/login/ "HTTP/1.1 200 OK"
[2026-09-08 13:40:02,424] INFO httpx HTTP Request: GET http://testserver/api/site/amendments/AMD-MTSE2XHZ "HTTP/1.1 404 Not Found"
[2026-09-08 13:40:02,431] INFO httpx HTTP Request: GET http://testserver/api/site/amendments/ "HTTP/1.1 200 OK"
[2026-09-08 13:40:02,435] DEBUG asyncio Using proactor: IocpProactor
[2026-09-08 13:40:02,437] INFO tria_engine Tria Engine (FastAPI) starting — env=development
[2026-09-08 13:40:02,438] INFO tria_engine UI storage table ready
[2026-09-08 13:40:02,448] INFO tria_engine Database connection OK
[2026-09-08 13:40:02,693] INFO httpx HTTP Request: POST http://testserver/api/accounts/login/ "HTTP/1.1 200 OK"
[2026-09-08 13:40:02,716] INFO httpx HTTP Request: POST http://testserver/api/site/amendments/ "HTTP/1.1 201 Created"
[2026-09-08 13:40:02,749] INFO httpx HTTP Request: GET http://testserver/api/accounts/audit-logs/?page_size=100 "HTTP/1.1 200 OK"
[2026-09-08 13:40:02,753] DEBUG asyncio Using proactor: IocpProactor
[2026-09-08 13:40:02,755] INFO tria_engine Tria Engine (FastAPI) starting — env=development
[2026-09-08 13:40:02,756] INFO tria_engine UI storage table ready
[2026-09-08 13:40:02,766] INFO tria_engine Database connection OK
[2026-09-08 13:40:03,018] INFO httpx HTTP Request: POST http://testserver/api/accounts/login/ "HTTP/1.1 200 OK"
[2026-09-08 13:40:03,048] INFO httpx HTTP Request: POST http://testserver/api/site/amendments/ "HTTP/1.1 201 Created"
[2026-09-08 13:40:03,193] INFO httpx HTTP Request: POST http://testserver/api/accounts/login/ "HTTP/1.1 200 OK"
[2026-09-08 13:40:03,205] INFO httpx HTTP Request: GET http://testserver/api/site/amendments/AMD-MTSE2Y6N "HTTP/1.1 200 OK"
[2026-09-08 13:40:03,210] DEBUG asyncio Using proactor: IocpProactor
[2026-09-08 13:40:03,214] INFO tria_engine Tria Engine (FastAPI) starting — env=development
[2026-09-08 13:40:03,216] INFO tria_engine UI storage table ready
[2026-09-08 13:40:03,224] INFO tria_engine Database connection OK
[2026-09-08 13:40:03,232] INFO httpx HTTP Request: GET http://testserver/safety/ae-cases/ "HTTP/1.1 401 Unauthorized"
[2026-09-08 13:40:03,237] INFO httpx HTTP Request: GET http://testserver/monitoring/requests/ "HTTP/1.1 401 Unauthorized"
[2026-09-08 13:40:03,241] INFO httpx HTTP Request: GET http://testserver/organizations/ "HTTP/1.1 401 Unauthorized"
[2026-09-08 13:40:03,246] INFO httpx HTTP Request: GET http://testserver/ai-review/copilot?q=oncology "HTTP/1.1 401 Unauthorized"
[2026-09-08 13:40:03,252] INFO httpx HTTP Request: GET http://testserver/ai-review/sites/1/risk "HTTP/1.1 401 Unauthorized"
[2026-09-08 13:40:03,256] DEBUG asyncio Using proactor: IocpProactor
[2026-09-08 13:40:03,257] INFO tria_engine Tria Engine (FastAPI) starting — env=development
[2026-09-08 13:40:03,258] INFO tria_engine UI storage table ready
[2026-09-08 13:40:03,268] INFO tria_engine Database connection OK
[2026-09-08 13:40:03,417] INFO httpx HTTP Request: POST http://testserver/api/accounts/login/ "HTTP/1.1 200 OK"
[2026-09-08 13:40:03,454] INFO httpx HTTP Request: POST http://testserver/safety/ae-cases/ "HTTP/1.1 201 Created"
[2026-09-08 13:40:03,473] INFO httpx HTTP Request: GET http://testserver/safety/ae-cases/ "HTTP/1.1 200 OK"
[2026-09-08 13:40:03,490] INFO httpx HTTP Request: GET http://testserver/safety/ae-cases/summary/ "HTTP/1.1 200 OK"
[2026-09-08 13:40:03,503] INFO httpx HTTP Request: GET http://testserver/safety/ae-cases/AE-mtse2yhv/ "HTTP/1.1 200 OK"
[2026-09-08 13:40:03,510] INFO httpx HTTP Request: GET http://testserver/safety/ae-cases/UNKNOWN/ "HTTP/1.1 404 Not Found"
[2026-09-08 13:40:03,519] INFO httpx HTTP Request: GET http://testserver/safety/ae-cases/?studyId=OTHER "HTTP/1.1 200 OK"
[2026-09-08 13:40:03,525] INFO httpx HTTP Request: GET http://testserver/safety/ae-cases/summary/?studyId=OTHER "HTTP/1.1 200 OK"
[2026-09-08 13:40:03,531] DEBUG asyncio Using proactor: IocpProactor
[2026-09-08 13:40:03,533] INFO tria_engine Tria Engine (FastAPI) starting — env=development
[2026-09-08 13:40:03,534] INFO tria_engine UI storage table ready
[2026-09-08 13:40:03,542] INFO tria_engine Database connection OK
[2026-09-08 13:40:03,676] INFO httpx HTTP Request: POST http://testserver/api/accounts/login/ "HTTP/1.1 200 OK"
[2026-09-08 13:40:03,684] INFO httpx HTTP Request: POST http://testserver/safety/ae-cases/ "HTTP/1.1 400 Bad Request"
[2026-09-08 13:40:03,716] INFO httpx HTTP Request: POST http://testserver/safety/ae-cases/ "HTTP/1.1 201 Created"
[2026-09-08 13:40:03,751] INFO httpx HTTP Request: POST http://testserver/safety/ae-cases/ "HTTP/1.1 201 Created"
[2026-09-08 13:40:03,759] INFO httpx HTTP Request: GET http://testserver/safety/ae-cases/summary/?studyId=STUDY-VAL "HTTP/1.1 200 OK"
[2026-09-08 13:40:03,765] DEBUG asyncio Using proactor: IocpProactor
[2026-09-08 13:40:03,766] INFO tria_engine Tria Engine (FastAPI) starting — env=development
[2026-09-08 13:40:03,768] INFO tria_engine UI storage table ready
[2026-09-08 13:40:03,775] INFO tria_engine Database connection OK
[2026-09-08 13:40:03,907] INFO httpx HTTP Request: POST http://testserver/api/accounts/login/ "HTTP/1.1 200 OK"
[2026-09-08 13:40:03,937] INFO httpx HTTP Request: POST http://testserver/safety/ae-cases/ "HTTP/1.1 201 Created"
[2026-09-08 13:40:03,974] INFO httpx HTTP Request: PATCH http://testserver/safety/ae-cases/AE-mtse2yve/ "HTTP/1.1 200 OK"
[2026-09-08 13:40:04,008] INFO httpx HTTP Request: POST http://testserver/safety/ae-cases/AE-mtse2yve/reconcile/ "HTTP/1.1 200 OK"
[2026-09-08 13:40:04,023] INFO httpx HTTP Request: POST http://testserver/safety/ae-cases/AE-mtse2yve/reconcile/ "HTTP/1.1 400 Bad Request"
[2026-09-08 13:40:04,030] DEBUG asyncio Using proactor: IocpProactor
[2026-09-08 13:40:04,033] INFO tria_engine Tria Engine (FastAPI) starting — env=development
[2026-09-08 13:40:04,034] INFO tria_engine UI storage table ready
[2026-09-08 13:40:04,042] INFO tria_engine Database connection OK
[2026-09-08 13:40:04,400] INFO httpx HTTP Request: POST http://testserver/api/accounts/login/ "HTTP/1.1 200 OK"
[2026-09-08 13:40:04,407] INFO httpx HTTP Request: GET http://testserver/safety/ae-cases/?studyId=STUDY-SP "HTTP/1.1 200 OK"
[2026-09-08 13:40:04,429] INFO httpx HTTP Request: POST http://testserver/safety/ae-cases/ "HTTP/1.1 201 Created"
[2026-09-08 13:40:04,436] INFO httpx HTTP Request: GET http://testserver/safety/ae-cases/summary/?studyId=STUDY-SP "HTTP/1.1 200 OK"
[2026-09-08 13:40:04,575] INFO httpx HTTP Request: POST http://testserver/api/accounts/login/ "HTTP/1.1 200 OK"
[2026-09-08 13:40:04,585] INFO httpx HTTP Request: GET http://testserver/safety/ae-cases/ "HTTP/1.1 200 OK"
[2026-09-08 13:40:04,593] INFO httpx HTTP Request: POST http://testserver/safety/ae-cases/ "HTTP/1.1 403 Forbidden"
[2026-09-08 13:40:04,602] INFO httpx HTTP Request: POST http://testserver/safety/ae-cases/AE-mtse2z9a/reconcile/ "HTTP/1.1 403 Forbidden"
[2026-09-08 13:40:04,606] DEBUG asyncio Using proactor: IocpProactor
[2026-09-08 13:40:04,608] INFO tria_engine Tria Engine (FastAPI) starting — env=development
[2026-09-08 13:40:04,609] INFO tria_engine UI storage table ready
[2026-09-08 13:40:04,619] INFO tria_engine Database connection OK
[2026-09-08 13:40:04,860] INFO httpx HTTP Request: POST http://testserver/api/accounts/login/ "HTTP/1.1 200 OK"
[2026-09-08 13:40:04,886] INFO httpx HTTP Request: POST http://testserver/safety/ae-cases/ "HTTP/1.1 201 Created"
[2026-09-08 13:40:04,909] INFO httpx HTTP Request: POST http://testserver/safety/ae-cases/ "HTTP/1.1 201 Created"
[2026-09-08 13:40:05,046] INFO httpx HTTP Request: POST http://testserver/api/accounts/login/ "HTTP/1.1 200 OK"
[2026-09-08 13:40:05,055] INFO httpx HTTP Request: GET http://testserver/safety/ae-cases/ "HTTP/1.1 200 OK"
[2026-09-08 13:40:05,064] INFO httpx HTTP Request: GET http://testserver/safety/ae-cases/summary/ "HTTP/1.1 200 OK"
[2026-09-08 13:40:05,070] INFO httpx HTTP Request: POST http://testserver/safety/ae-cases/ "HTTP/1.1 403 Forbidden"
[2026-09-08 13:40:05,077] INFO httpx HTTP Request: GET http://testserver/safety/ae-cases/ "HTTP/1.1 200 OK"
[2026-09-08 13:40:05,099] INFO httpx HTTP Request: POST http://testserver/safety/ae-cases/ "HTTP/1.1 201 Created"
[2026-09-08 13:40:05,105] INFO httpx HTTP Request: GET http://testserver/safety/ae-cases/summary/ "HTTP/1.1 200 OK"
[2026-09-08 13:40:05,110] DEBUG asyncio Using proactor: IocpProactor
[2026-09-08 13:40:05,113] INFO tria_engine Tria Engine (FastAPI) starting — env=development
[2026-09-08 13:40:05,115] INFO tria_engine UI storage table ready
[2026-09-08 13:40:05,124] INFO tria_engine Database connection OK
[2026-09-08 13:40:05,350] INFO httpx HTTP Request: POST http://testserver/api/accounts/login/ "HTTP/1.1 200 OK"
[2026-09-08 13:40:05,368] INFO httpx HTTP Request: GET http://testserver/monitoring/requests/ "HTTP/1.1 200 OK"
[2026-09-08 13:40:05,375] INFO httpx HTTP Request: GET http://testserver/organizations/ "HTTP/1.1 200 OK"
[2026-09-08 13:40:05,734] INFO httpx HTTP Request: POST http://testserver/api/accounts/login/ "HTTP/1.1 200 OK"
[2026-09-08 13:40:05,757] INFO httpx HTTP Request: POST http://testserver/monitoring/requests/ "HTTP/1.1 201 Created"
[2026-09-08 13:40:05,765] INFO httpx HTTP Request: GET http://testserver/monitoring/requests/ "HTTP/1.1 200 OK"
[2026-09-08 13:40:05,772] INFO httpx HTTP Request: POST http://testserver/monitoring/requests/ "HTTP/1.1 400 Bad Request"
[2026-09-08 13:40:05,779] INFO httpx HTTP Request: POST http://testserver/monitoring/requests/ "HTTP/1.1 400 Bad Request"
[2026-09-08 13:40:05,787] INFO httpx HTTP Request: POST http://testserver/monitoring/requests/ "HTTP/1.1 400 Bad Request"
[2026-09-08 13:40:05,920] INFO httpx HTTP Request: POST http://testserver/api/accounts/login/ "HTTP/1.1 200 OK"
[2026-09-08 13:40:05,948] INFO httpx HTTP Request: PUT http://testserver/monitoring/requests/MA-mtse30a5/approve/ "HTTP/1.1 200 OK"
[2026-09-08 13:40:05,955] INFO httpx HTTP Request: PUT http://testserver/monitoring/requests/MA-mtse30a5/approve/ "HTTP/1.1 400 Bad Request"
[2026-09-08 13:40:06,091] INFO httpx HTTP Request: POST http://testserver/api/accounts/login/ "HTTP/1.1 200 OK"
[2026-09-08 13:40:06,100] INFO httpx HTTP Request: GET http://testserver/monitoring/requests/ "HTTP/1.1 200 OK"
[2026-09-08 13:40:06,107] INFO httpx HTTP Request: GET http://testserver/monitoring/access-check/?site=5 "HTTP/1.1 200 OK"
[2026-09-08 13:40:06,112] DEBUG asyncio Using proactor: IocpProactor
[2026-09-08 13:40:06,115] INFO tria_engine Tria Engine (FastAPI) starting — env=development
[2026-09-08 13:40:06,116] INFO tria_engine UI storage table ready
[2026-09-08 13:40:06,124] INFO tria_engine Database connection OK
[2026-09-08 13:40:06,481] INFO httpx HTTP Request: POST http://testserver/api/accounts/login/ "HTTP/1.1 200 OK"
[2026-09-08 13:40:06,532] INFO httpx HTTP Request: POST http://testserver/monitoring/requests/ "HTTP/1.1 201 Created"
[2026-09-08 13:40:06,668] INFO httpx HTTP Request: POST http://testserver/api/accounts/login/ "HTTP/1.1 200 OK"
[2026-09-08 13:40:06,716] INFO httpx HTTP Request: PUT http://testserver/monitoring/requests/MA-mtse30uv/reject/ "HTTP/1.1 200 OK"
[2026-09-08 13:40:06,738] INFO httpx HTTP Request: PUT http://testserver/monitoring/requests/MA-mtse30uv/reject/ "HTTP/1.1 400 Bad Request"
[2026-09-08 13:40:06,879] INFO httpx HTTP Request: POST http://testserver/api/accounts/login/ "HTTP/1.1 200 OK"
[2026-09-08 13:40:06,903] INFO httpx HTTP Request: POST http://testserver/monitoring/requests/ "HTTP/1.1 201 Created"
[2026-09-08 13:40:07,039] INFO httpx HTTP Request: POST http://testserver/api/accounts/login/ "HTTP/1.1 200 OK"
[2026-09-08 13:40:07,049] INFO httpx HTTP Request: PUT http://testserver/monitoring/requests/MA-mtse30uv/revoke/ "HTTP/1.1 400 Bad Request"
[2026-09-08 13:40:07,072] INFO httpx HTTP Request: PUT http://testserver/monitoring/requests/MA-mtse315z/approve/ "HTTP/1.1 200 OK"
[2026-09-08 13:40:07,095] INFO httpx HTTP Request: PUT http://testserver/monitoring/requests/MA-mtse315z/revoke/ "HTTP/1.1 200 OK"
[2026-09-08 13:40:07,102] INFO httpx HTTP Request: GET http://testserver/monitoring/access-check/?site=6 "HTTP/1.1 200 OK"
[2026-09-08 13:40:07,106] DEBUG asyncio Using proactor: IocpProactor
[2026-09-08 13:40:07,108] INFO tria_engine Tria Engine (FastAPI) starting — env=development
[2026-09-08 13:40:07,109] INFO tria_engine UI storage table ready
[2026-09-08 13:40:07,120] INFO tria_engine Database connection OK
[2026-09-08 13:40:07,508] INFO httpx HTTP Request: POST http://testserver/api/accounts/login/ "HTTP/1.1 200 OK"
[2026-09-08 13:40:07,543] INFO httpx HTTP Request: POST http://testserver/monitoring/requests/ "HTTP/1.1 201 Created"
[2026-09-08 13:40:07,684] INFO httpx HTTP Request: POST http://testserver/api/accounts/login/ "HTTP/1.1 200 OK"
[2026-09-08 13:40:07,695] INFO httpx HTTP Request: GET http://testserver/monitoring/requests/ "HTTP/1.1 200 OK"
[2026-09-08 13:40:07,705] INFO httpx HTTP Request: PUT http://testserver/monitoring/requests/MA-mtse31ni/approve/ "HTTP/1.1 404 Not Found"
[2026-09-08 13:40:07,949] INFO httpx HTTP Request: POST http://testserver/api/accounts/login/ "HTTP/1.1 200 OK"
[2026-09-08 13:40:07,957] INFO httpx HTTP Request: PUT http://testserver/monitoring/requests/MA-mtse31ni/approve/ "HTTP/1.1 403 Forbidden"
[2026-09-08 13:40:08,209] INFO httpx HTTP Request: POST http://testserver/api/accounts/login/ "HTTP/1.1 200 OK"
[2026-09-08 13:40:08,236] INFO httpx HTTP Request: PUT http://testserver/monitoring/requests/MA-mtse31ni/approve/ "HTTP/1.1 200 OK"
[2026-09-08 13:40:08,240] DEBUG asyncio Using proactor: IocpProactor
[2026-09-08 13:40:08,242] INFO tria_engine Tria Engine (FastAPI) starting — env=development
[2026-09-08 13:40:08,243] INFO tria_engine UI storage table ready
[2026-09-08 13:40:08,253] INFO tria_engine Database connection OK
[2026-09-08 13:40:08,401] INFO httpx HTTP Request: POST http://testserver/api/accounts/login/ "HTTP/1.1 200 OK"
[2026-09-08 13:40:08,418] INFO httpx HTTP Request: GET http://testserver/ai-review/sites/9/risk "HTTP/1.1 200 OK"
[2026-09-08 13:40:08,657] INFO httpx HTTP Request: POST http://testserver/api/accounts/login/ "HTTP/1.1 200 OK"
[2026-09-08 13:40:08,700] INFO httpx HTTP Request: POST http://testserver/monitoring/requests/ "HTTP/1.1 201 Created"
[2026-09-08 13:40:08,846] INFO httpx HTTP Request: POST http://testserver/api/accounts/login/ "HTTP/1.1 200 OK"
[2026-09-08 13:40:08,856] INFO httpx HTTP Request: GET http://testserver/ai-review/sites/9/risk "HTTP/1.1 200 OK"
[2026-09-08 13:40:08,864] DEBUG asyncio Using proactor: IocpProactor
[2026-09-08 13:40:08,866] INFO tria_engine Tria Engine (FastAPI) starting — env=development
[2026-09-08 13:40:08,867] INFO tria_engine UI storage table ready
[2026-09-08 13:40:08,879] INFO tria_engine Database connection OK
[2026-09-08 13:40:09,007] INFO httpx HTTP Request: POST http://testserver/api/accounts/login/ "HTTP/1.1 200 OK"
[2026-09-08 13:40:09,040] INFO httpx HTTP Request: GET http://testserver/ai-review/copilot?q=oncology+phase+2 "HTTP/1.1 200 OK"
[2026-09-08 13:40:09,086] INFO httpx HTTP Request: POST http://testserver/safety/ae-cases/ "HTTP/1.1 201 Created"
[2026-09-08 13:40:09,107] INFO httpx HTTP Request: GET http://testserver/ai-review/copilot?q=ONCO "HTTP/1.1 200 OK"
[2026-09-08 13:40:09,114] DEBUG asyncio Using proactor: IocpProactor
[2026-09-08 13:40:09,117] INFO tria_engine Tria Engine (FastAPI) starting — env=development
[2026-09-08 13:40:09,118] INFO tria_engine UI storage table ready
[2026-09-08 13:40:09,133] INFO tria_engine Database connection OK
[2026-09-08 13:40:09,272] INFO httpx HTTP Request: POST http://testserver/api/accounts/login/ "HTTP/1.1 200 OK"
[2026-09-08 13:40:09,286] INFO httpx HTTP Request: POST http://testserver/ai-review/documents/DOC-1/qc "HTTP/1.1 200 OK"
[2026-09-08 13:40:09,300] INFO httpx HTTP Request: POST http://testserver/ai-review/comments/C-1/triage "HTTP/1.1 200 OK"
[2026-09-08 13:40:09,306] INFO httpx HTTP Request: POST http://testserver/ai-review/findings/F-1/decision "HTTP/1.1 400 Bad Request"
[2026-09-08 13:40:09,320] INFO httpx HTTP Request: POST http://testserver/ai-review/findings/F-1/decision "HTTP/1.1 200 OK"
[2026-09-08 13:40:09,671] INFO httpx HTTP Request: POST http://testserver/api/accounts/login/ "HTTP/1.1 200 OK"
[2026-09-08 13:40:09,678] INFO httpx HTTP Request: POST http://testserver/ai-review/documents/DOC-2/qc "HTTP/1.1 403 Forbidden"
[2026-09-08 13:40:09,809] INFO httpx HTTP Request: POST http://testserver/api/accounts/login/ "HTTP/1.1 200 OK"
[2026-09-08 13:40:09,824] INFO httpx HTTP Request: POST http://testserver/ai-review/documents/DOC-2/qc "HTTP/1.1 200 OK"
[2026-09-08 13:40:09,831] DEBUG asyncio Using proactor: IocpProactor
[2026-09-08 13:40:09,833] INFO tria_engine Tria Engine (FastAPI) starting — env=development
[2026-09-08 13:40:09,835] INFO tria_engine UI storage table ready
[2026-09-08 13:40:09,848] INFO tria_engine Database connection OK
[2026-09-08 13:40:10,217] INFO httpx HTTP Request: POST http://testserver/api/accounts/login/ "HTTP/1.1 200 OK"
[2026-09-08 13:40:10,238] INFO httpx HTTP Request: POST http://testserver/safety/ae-cases/ "HTTP/1.1 201 Created"
[2026-09-08 13:40:10,379] INFO httpx HTTP Request: POST http://testserver/api/accounts/login/ "HTTP/1.1 200 OK"
[2026-09-08 13:40:10,387] INFO httpx HTTP Request: GET http://testserver/safety/ae-cases/ "HTTP/1.1 200 OK"
[2026-09-08 13:40:10,396] INFO httpx HTTP Request: GET http://testserver/safety/ae-cases/summary/ "HTTP/1.1 200 OK"
[2026-09-08 13:40:10,402] INFO httpx HTTP Request: GET http://testserver/safety/ae-cases/AE-mtse33qm/ "HTTP/1.1 200 OK"
[2026-09-08 13:40:10,408] INFO httpx HTTP Request: POST http://testserver/safety/ae-cases/ "HTTP/1.1 403 Forbidden"
[2026-09-08 13:40:10,417] INFO httpx HTTP Request: PATCH http://testserver/safety/ae-cases/AE-mtse33qm/ "HTTP/1.1 403 Forbidden"
[2026-09-08 13:40:10,430] INFO httpx HTTP Request: POST http://testserver/safety/ae-cases/AE-mtse33qm/reconcile/ "HTTP/1.1 403 Forbidden"
[2026-09-08 13:40:10,436] INFO httpx HTTP Request: GET http://testserver/safety/ae-cases/ "HTTP/1.1 200 OK"
[2026-09-08 13:40:10,442] INFO httpx HTTP Request: GET http://testserver/safety/ae-cases/AE-mtse33qm/ "HTTP/1.1 200 OK"
[2026-09-08 13:40:10,448] DEBUG asyncio Using proactor: IocpProactor
[2026-09-08 13:40:10,449] INFO tria_engine Tria Engine (FastAPI) starting — env=development
[2026-09-08 13:40:10,450] INFO tria_engine UI storage table ready
[2026-09-08 13:40:10,458] INFO tria_engine Database connection OK
[2026-09-08 13:40:10,905] INFO httpx HTTP Request: POST http://testserver/api/accounts/login/ "HTTP/1.1 200 OK"
[2026-09-08 13:40:10,914] INFO httpx HTTP Request: GET http://testserver/organizations/ "HTTP/1.1 200 OK"
[2026-09-08 13:40:10,920] INFO httpx HTTP Request: GET http://testserver/monitoring/requests/ "HTTP/1.1 200 OK"
[2026-09-08 13:40:10,944] INFO httpx HTTP Request: POST http://testserver/monitoring/requests/ "HTTP/1.1 201 Created"
[2026-09-08 13:40:10,951] INFO httpx HTTP Request: GET http://testserver/monitoring/requests/ "HTTP/1.1 200 OK"
[2026-09-08 13:40:10,957] INFO httpx HTTP Request: GET http://testserver/monitoring/access-check/?site=13 "HTTP/1.1 200 OK"
[2026-09-08 13:40:10,967] INFO httpx HTTP Request: PUT http://testserver/monitoring/requests/MA-mtse34a6/approve/ "HTTP/1.1 403 Forbidden"
[2026-09-08 13:40:10,974] INFO httpx HTTP Request: PUT http://testserver/monitoring/requests/MA-mtse34a6/reject/ "HTTP/1.1 403 Forbidden"
[2026-09-08 13:40:10,983] INFO httpx HTTP Request: PUT http://testserver/monitoring/requests/MA-mtse34a6/revoke/ "HTTP/1.1 403 Forbidden"
[2026-09-08 13:40:11,113] INFO httpx HTTP Request: POST http://testserver/api/accounts/login/ "HTTP/1.1 200 OK"
[2026-09-08 13:40:11,141] INFO httpx HTTP Request: PUT http://testserver/monitoring/requests/MA-mtse34a6/approve/ "HTTP/1.1 200 OK"
[2026-09-08 13:40:11,305] INFO httpx HTTP Request: POST http://testserver/api/accounts/login/ "HTTP/1.1 200 OK"
[2026-09-08 13:40:11,317] INFO httpx HTTP Request: GET http://testserver/monitoring/access-check/?site=13 "HTTP/1.1 200 OK"
[2026-09-08 13:40:11,322] DEBUG asyncio Using proactor: IocpProactor
[2026-09-08 13:40:11,324] INFO tria_engine Tria Engine (FastAPI) starting — env=development
[2026-09-08 13:40:11,325] INFO tria_engine UI storage table ready
[2026-09-08 13:40:11,336] INFO tria_engine Database connection OK
[2026-09-08 13:40:11,683] INFO httpx HTTP Request: POST http://testserver/api/accounts/login/ "HTTP/1.1 200 OK"
[2026-09-08 13:40:11,698] INFO httpx HTTP Request: PUT http://testserver/api/accounts/users/51/scope/ "HTTP/1.1 403 Forbidden"
[2026-09-08 13:40:11,703] DEBUG asyncio Using proactor: IocpProactor
[2026-09-08 13:40:11,705] INFO tria_engine Tria Engine (FastAPI) starting — env=development
[2026-09-08 13:40:11,706] INFO tria_engine UI storage table ready
[2026-09-08 13:40:11,717] INFO tria_engine Database connection OK
[2026-09-08 13:40:11,853] INFO httpx HTTP Request: POST http://testserver/api/accounts/login/ "HTTP/1.1 200 OK"
[2026-09-08 13:40:11,864] INFO httpx HTTP Request: PUT http://testserver/api/accounts/users/999999999/scope/ "HTTP/1.1 404 Not Found"
[2026-09-08 13:40:11,869] DEBUG asyncio Using proactor: IocpProactor
[2026-09-08 13:40:11,871] INFO tria_engine Tria Engine (FastAPI) starting — env=development
[2026-09-08 13:40:11,872] INFO tria_engine UI storage table ready
[2026-09-08 13:40:11,885] INFO tria_engine Database connection OK
[2026-09-08 13:40:12,133] INFO httpx HTTP Request: POST http://testserver/api/accounts/login/ "HTTP/1.1 200 OK"
[2026-09-08 13:40:12,154] INFO httpx HTTP Request: POST http://testserver/api/site/irb/ "HTTP/1.1 201 Created"
[2026-09-08 13:40:12,405] INFO httpx HTTP Request: POST http://testserver/api/accounts/login/ "HTTP/1.1 200 OK"
[2026-09-08 13:40:12,439] INFO httpx HTTP Request: POST http://testserver/api/site/irb/ "HTTP/1.1 201 Created"
[2026-09-08 13:40:12,681] INFO httpx HTTP Request: POST http://testserver/api/accounts/login/ "HTTP/1.1 200 OK"
[2026-09-08 13:40:12,705] INFO httpx HTTP Request: POST http://testserver/api/site/irb/ "HTTP/1.1 201 Created"
[2026-09-08 13:40:12,967] INFO httpx HTTP Request: POST http://testserver/api/accounts/login/ "HTTP/1.1 200 OK"
[2026-09-08 13:40:12,989] INFO httpx HTTP Request: PUT http://testserver/api/accounts/users/55/scope/ "HTTP/1.1 200 OK"
[2026-09-08 13:40:13,117] INFO httpx HTTP Request: POST http://testserver/api/accounts/login/ "HTTP/1.1 200 OK"
[2026-09-08 13:40:13,124] INFO httpx HTTP Request: GET http://testserver/api/site/irb/ "HTTP/1.1 200 OK"
[2026-09-08 13:40:13,130] DEBUG asyncio Using proactor: IocpProactor
[2026-09-08 13:40:13,132] INFO tria_engine Tria Engine (FastAPI) starting — env=development
[2026-09-08 13:40:13,133] INFO tria_engine UI storage table ready
[2026-09-08 13:40:13,168] INFO tria_engine Database connection OK
[2026-09-08 13:40:13,422] INFO httpx HTTP Request: POST http://testserver/api/accounts/login/ "HTTP/1.1 200 OK"
[2026-09-08 13:40:13,447] INFO httpx HTTP Request: POST http://testserver/api/site/irb/ "HTTP/1.1 201 Created"
[2026-09-08 13:40:13,697] INFO httpx HTTP Request: POST http://testserver/api/accounts/login/ "HTTP/1.1 200 OK"
[2026-09-08 13:40:13,719] INFO httpx HTTP Request: POST http://testserver/api/site/irb/ "HTTP/1.1 201 Created"
[2026-09-08 13:40:13,981] INFO httpx HTTP Request: POST http://testserver/api/accounts/login/ "HTTP/1.1 200 OK"
[2026-09-08 13:40:14,006] INFO httpx HTTP Request: PUT http://testserver/api/accounts/users/58/scope/ "HTTP/1.1 200 OK"
[2026-09-08 13:40:14,133] INFO httpx HTTP Request: POST http://testserver/api/accounts/login/ "HTTP/1.1 200 OK"
[2026-09-08 13:40:14,140] INFO httpx HTTP Request: GET http://testserver/api/site/irb/ "HTTP/1.1 200 OK"
[2026-09-08 13:40:14,145] DEBUG asyncio Using proactor: IocpProactor
[2026-09-08 13:40:14,147] INFO tria_engine Tria Engine (FastAPI) starting — env=development
[2026-09-08 13:40:14,148] INFO tria_engine UI storage table ready
[2026-09-08 13:40:14,156] INFO tria_engine Database connection OK
[2026-09-08 13:40:14,420] INFO httpx HTTP Request: POST http://testserver/api/accounts/login/ "HTTP/1.1 200 OK"
[2026-09-08 13:40:14,456] INFO httpx HTTP Request: POST http://testserver/api/site/irb/ "HTTP/1.1 201 Created"
[2026-09-08 13:40:14,687] INFO httpx HTTP Request: POST http://testserver/api/accounts/login/ "HTTP/1.1 200 OK"
[2026-09-08 13:40:14,719] INFO httpx HTTP Request: PUT http://testserver/api/accounts/users/60/scope/ "HTTP/1.1 200 OK"
[2026-09-08 13:40:14,860] INFO httpx HTTP Request: POST http://testserver/api/accounts/login/ "HTTP/1.1 200 OK"
[2026-09-08 13:40:14,870] INFO httpx HTTP Request: GET http://testserver/api/site/irb/ "HTTP/1.1 200 OK"
[2026-09-08 13:40:14,876] DEBUG asyncio Using proactor: IocpProactor
[2026-09-08 13:40:14,879] INFO tria_engine Tria Engine (FastAPI) starting — env=development
[2026-09-08 13:40:14,880] INFO tria_engine UI storage table ready
[2026-09-08 13:40:14,888] INFO tria_engine Database connection OK
[2026-09-08 13:40:15,123] INFO httpx HTTP Request: POST http://testserver/api/accounts/login/ "HTTP/1.1 200 OK"
[2026-09-08 13:40:15,158] INFO httpx HTTP Request: GET http://testserver/api/accounts/users/?page_size=100 "HTTP/1.1 200 OK"
[2026-09-08 13:40:15,170] DEBUG asyncio Using proactor: IocpProactor
[2026-09-08 13:40:15,172] INFO tria_engine Tria Engine (FastAPI) starting — env=development
[2026-09-08 13:40:15,173] INFO tria_engine UI storage table ready
[2026-09-08 13:40:15,190] INFO tria_engine Database connection OK
[2026-09-08 13:40:15,437] INFO httpx HTTP Request: POST http://testserver/api/accounts/login/ "HTTP/1.1 200 OK"
[2026-09-08 13:40:15,467] INFO httpx HTTP Request: POST http://testserver/api/site/irb/ "HTTP/1.1 201 Created"
[2026-09-08 13:40:15,746] INFO httpx HTTP Request: POST http://testserver/api/accounts/login/ "HTTP/1.1 200 OK"
[2026-09-08 13:40:15,794] INFO httpx HTTP Request: POST http://testserver/api/site/irb/ "HTTP/1.1 201 Created"
[2026-09-08 13:40:15,802] DEBUG asyncio Using proactor: IocpProactor
[2026-09-08 13:40:15,804] INFO tria_engine Tria Engine (FastAPI) starting — env=development
[2026-09-08 13:40:15,806] INFO tria_engine UI storage table ready
[2026-09-08 13:40:15,847] INFO tria_engine Database connection OK
[2026-09-08 13:40:16,097] INFO httpx HTTP Request: POST http://testserver/api/accounts/login/ "HTTP/1.1 200 OK"
[2026-09-08 13:40:16,123] INFO httpx HTTP Request: POST http://testserver/api/site/irb/ "HTTP/1.1 201 Created"
[2026-09-08 13:40:16,387] INFO httpx HTTP Request: POST http://testserver/api/accounts/login/ "HTTP/1.1 200 OK"
[2026-09-08 13:40:16,423] INFO httpx HTTP Request: POST http://testserver/api/site/irb/ "HTTP/1.1 201 Created"
[2026-09-08 13:40:16,664] INFO httpx HTTP Request: POST http://testserver/api/accounts/login/ "HTTP/1.1 200 OK"
[2026-09-08 13:40:16,690] INFO httpx HTTP Request: POST http://testserver/api/site/irb/ "HTTP/1.1 201 Created"
[2026-09-08 13:40:16,955] INFO httpx HTTP Request: POST http://testserver/api/accounts/login/ "HTTP/1.1 200 OK"
[2026-09-08 13:40:16,965] INFO httpx HTTP Request: GET http://testserver/api/site/irb/ "HTTP/1.1 200 OK"
[2026-09-08 13:40:16,972] INFO httpx HTTP Request: GET http://testserver/api/site/irb/IRB-MTSE38I5 "HTTP/1.1 404 Not Found"
[2026-09-08 13:40:16,981] INFO httpx HTTP Request: GET http://testserver/api/site/irb/IRB-MTSE389Y "HTTP/1.1 200 OK"
[2026-09-08 13:40:16,985] DEBUG asyncio Using proactor: IocpProactor
[2026-09-08 13:40:16,987] INFO tria_engine Tria Engine (FastAPI) starting — env=development
[2026-09-08 13:40:16,988] INFO tria_engine UI storage table ready
[2026-09-08 13:40:17,003] INFO tria_engine Database connection OK
[2026-09-08 13:40:17,261] INFO httpx HTTP Request: POST http://testserver/api/accounts/login/ "HTTP/1.1 200 OK"
[2026-09-08 13:40:17,292] INFO httpx HTTP Request: POST http://testserver/api/site/irb/ "HTTP/1.1 201 Created"
[2026-09-08 13:40:17,536] INFO httpx HTTP Request: POST http://testserver/api/accounts/login/ "HTTP/1.1 200 OK"
[2026-09-08 13:40:17,557] INFO httpx HTTP Request: POST http://testserver/api/site/irb/ "HTTP/1.1 201 Created"
[2026-09-08 13:40:17,789] INFO httpx HTTP Request: POST http://testserver/api/accounts/login/ "HTTP/1.1 200 OK"
[2026-09-08 13:40:17,798] INFO httpx HTTP Request: GET http://testserver/api/site/irb/ "HTTP/1.1 200 OK"
[2026-09-08 13:40:17,805] INFO httpx HTTP Request: GET http://testserver/api/site/irb/IRB-MTSE39DY "HTTP/1.1 404 Not Found"
[2026-09-08 13:40:17,810] DEBUG asyncio Using proactor: IocpProactor
[2026-09-08 13:40:17,812] INFO tria_engine Tria Engine (FastAPI) starting — env=development
[2026-09-08 13:40:17,813] INFO tria_engine UI storage table ready
[2026-09-08 13:40:17,821] INFO tria_engine Database connection OK
[2026-09-08 13:40:18,069] INFO httpx HTTP Request: POST http://testserver/api/accounts/login/ "HTTP/1.1 200 OK"
[2026-09-08 13:40:18,101] INFO httpx HTTP Request: POST http://testserver/api/site/irb/ "HTTP/1.1 201 Created"
[2026-09-08 13:40:18,348] INFO httpx HTTP Request: POST http://testserver/api/accounts/login/ "HTTP/1.1 200 OK"
[2026-09-08 13:40:18,369] INFO httpx HTTP Request: POST http://testserver/api/site/irb/ "HTTP/1.1 201 Created"
[2026-09-08 13:40:18,615] INFO httpx HTTP Request: POST http://testserver/api/accounts/login/ "HTTP/1.1 200 OK"
[2026-09-08 13:40:18,621] INFO httpx HTTP Request: GET http://testserver/api/site/irb/ "HTTP/1.1 200 OK"
[2026-09-08 13:40:18,630] INFO httpx HTTP Request: GET http://testserver/api/site/irb/IRB-MTSE3A0H "HTTP/1.1 404 Not Found"
[2026-09-08 13:40:18,634] DEBUG asyncio Using proactor: IocpProactor
[2026-09-08 13:40:18,635] INFO tria_engine Tria Engine (FastAPI) starting — env=development
[2026-09-08 13:40:18,636] INFO tria_engine UI storage table ready
[2026-09-08 13:40:18,647] INFO tria_engine Database connection OK
[2026-09-08 13:40:18,880] INFO httpx HTTP Request: POST http://testserver/api/accounts/login/ "HTTP/1.1 200 OK"
[2026-09-08 13:40:18,897] INFO httpx HTTP Request: POST http://testserver/api/site/irb/ "HTTP/1.1 403 Forbidden"
[2026-09-08 13:40:18,927] INFO httpx HTTP Request: POST http://testserver/api/site/ip/shipments/ "HTTP/1.1 403 Forbidden"
[2026-09-08 13:40:18,961] INFO httpx HTTP Request: POST http://testserver/api/site/ip/shipments/ "HTTP/1.1 201 Created"
[2026-09-08 13:40:18,965] DEBUG asyncio Using proactor: IocpProactor
[2026-09-08 13:40:18,967] INFO tria_engine Tria Engine (FastAPI) starting — env=development
[2026-09-08 13:40:18,968] INFO tria_engine UI storage table ready
[2026-09-08 13:40:18,978] INFO tria_engine Database connection OK
[2026-09-08 13:40:19,206] INFO httpx HTTP Request: POST http://testserver/api/accounts/login/ "HTTP/1.1 200 OK"
[2026-09-08 13:40:19,228] INFO httpx HTTP Request: POST http://testserver/api/site/irb/ "HTTP/1.1 201 Created"
[2026-09-08 13:40:19,465] INFO httpx HTTP Request: POST http://testserver/api/accounts/login/ "HTTP/1.1 200 OK"
[2026-09-08 13:40:19,471] INFO httpx HTTP Request: POST http://testserver/api/site/irb/IRB-MTSE3AOD/decision "HTTP/1.1 404 Not Found"
[2026-09-08 13:40:19,476] DEBUG asyncio Using proactor: IocpProactor
[2026-09-08 13:40:19,479] INFO tria_engine Tria Engine (FastAPI) starting — env=development
[2026-09-08 13:40:19,480] INFO tria_engine UI storage table ready
[2026-09-08 13:40:19,487] INFO tria_engine Database connection OK
[2026-09-08 13:40:19,746] INFO httpx HTTP Request: POST http://testserver/api/accounts/login/ "HTTP/1.1 200 OK"
[2026-09-08 13:40:19,777] INFO httpx HTTP Request: POST http://testserver/api/site/irb/ "HTTP/1.1 201 Created"
[2026-09-08 13:40:20,030] INFO httpx HTTP Request: POST http://testserver/api/accounts/login/ "HTTP/1.1 200 OK"
[2026-09-08 13:40:20,055] INFO httpx HTTP Request: POST http://testserver/api/site/irb/ "HTTP/1.1 201 Created"
[2026-09-08 13:40:20,323] INFO httpx HTTP Request: POST http://testserver/api/accounts/login/ "HTTP/1.1 200 OK"
[2026-09-08 13:40:20,335] INFO httpx HTTP Request: GET http://testserver/api/site/irb/ "HTTP/1.1 200 OK"
[2026-09-08 13:40:20,339] DEBUG asyncio Using proactor: IocpProactor
[2026-09-08 13:40:20,342] INFO tria_engine Tria Engine (FastAPI) starting — env=development
[2026-09-08 13:40:20,344] INFO tria_engine UI storage table ready
[2026-09-08 13:40:20,352] INFO tria_engine Database connection OK
[2026-09-08 13:40:20,581] INFO httpx HTTP Request: POST http://testserver/api/accounts/login/ "HTTP/1.1 200 OK"
[2026-09-08 13:40:20,602] INFO httpx HTTP Request: POST http://testserver/api/site/irb/ "HTTP/1.1 201 Created"
[2026-09-08 13:40:20,842] INFO httpx HTTP Request: POST http://testserver/api/accounts/login/ "HTTP/1.1 200 OK"
[2026-09-08 13:40:20,867] INFO httpx HTTP Request: POST http://testserver/api/site/irb/ "HTTP/1.1 201 Created"
[2026-09-08 13:40:20,996] INFO httpx HTTP Request: POST http://testserver/api/accounts/login/ "HTTP/1.1 200 OK"
[2026-09-08 13:40:21,003] INFO httpx HTTP Request: GET http://testserver/api/site/irb/ "HTTP/1.1 200 OK"
[2026-09-08 13:40:21,012] INFO httpx HTTP Request: GET http://testserver/api/site/irb/IRB-MTSE3BXU "HTTP/1.1 200 OK"
[2026-09-08 13:40:21,016] DEBUG asyncio Using proactor: IocpProactor
[2026-09-08 13:40:21,018] INFO tria_engine Tria Engine (FastAPI) starting — env=development
[2026-09-08 13:40:21,019] INFO tria_engine UI storage table ready
[2026-09-08 13:40:21,029] INFO tria_engine Database connection OK
[2026-09-08 13:40:22,653] DEBUG asyncio Using proactor: IocpProactor
[2026-09-08 13:40:22,656] INFO tria_engine Tria Engine (FastAPI) starting — env=development
[2026-09-08 13:40:22,658] INFO tria_engine UI storage table ready
[2026-09-08 13:40:22,667] INFO tria_engine Database connection OK
[2026-09-08 13:40:22,800] INFO httpx HTTP Request: POST http://testserver/api/accounts/login/ "HTTP/1.1 200 OK"
[2026-09-08 13:40:22,851] INFO httpx HTTP Request: POST http://testserver/api/eisf/documents "HTTP/1.1 200 OK"
[2026-09-08 13:40:22,890] INFO httpx HTTP Request: POST http://testserver/api/eisf/documents/EISF-MTSE3DG9/sign "HTTP/1.1 200 OK"
[2026-09-08 13:40:22,899] INFO httpx HTTP Request: GET http://testserver/api/eisf/documents/EISF-MTSE3DG9/signatures "HTTP/1.1 200 OK"
[2026-09-08 13:40:22,904] DEBUG asyncio Using proactor: IocpProactor
[2026-09-08 13:40:22,906] INFO tria_engine Tria Engine (FastAPI) starting — env=development
[2026-09-08 13:40:22,908] INFO tria_engine UI storage table ready
[2026-09-08 13:40:22,917] INFO tria_engine Database connection OK
[2026-09-08 13:40:23,072] INFO httpx HTTP Request: POST http://testserver/api/accounts/login/ "HTTP/1.1 200 OK"
[2026-09-08 13:40:23,105] INFO httpx HTTP Request: POST http://testserver/api/eisf/documents "HTTP/1.1 200 OK"
[2026-09-08 13:40:23,118] INFO httpx HTTP Request: POST http://testserver/api/eisf/documents/EISF-MTSE3DNR/sign "HTTP/1.1 400 Bad Request"
[2026-09-08 13:40:23,124] DEBUG asyncio Using proactor: IocpProactor
[2026-09-08 13:40:23,127] INFO tria_engine Tria Engine (FastAPI) starting — env=development
[2026-09-08 13:40:23,128] INFO tria_engine UI storage table ready
[2026-09-08 13:40:23,135] INFO tria_engine Database connection OK
[2026-09-08 13:40:23,275] INFO httpx HTTP Request: POST http://testserver/api/accounts/login/ "HTTP/1.1 200 OK"
[2026-09-08 13:40:23,307] INFO httpx HTTP Request: POST http://testserver/api/eisf/documents "HTTP/1.1 200 OK"
[2026-09-08 13:40:23,315] INFO httpx HTTP Request: GET http://testserver/api/eisf/documents/EISF-MTSE3DTD/verify-integrity "HTTP/1.1 200 OK"
[2026-09-08 13:40:23,331] INFO httpx HTTP Request: GET http://testserver/api/eisf/documents/EISF-MTSE3DTD/verify-integrity "HTTP/1.1 200 OK"
[2026-09-08 13:40:23,336] DEBUG asyncio Using proactor: IocpProactor
[2026-09-08 13:40:23,338] INFO tria_engine Tria Engine (FastAPI) starting — env=development
[2026-09-08 13:40:23,339] INFO tria_engine UI storage table ready
[2026-09-08 13:40:23,348] INFO tria_engine Database connection OK
[2026-09-08 13:40:23,501] INFO httpx HTTP Request: POST http://testserver/api/accounts/login/ "HTTP/1.1 200 OK"
[2026-09-08 13:40:23,549] INFO httpx HTTP Request: POST http://testserver/api/eisf/documents "HTTP/1.1 200 OK"
[2026-09-08 13:40:23,556] INFO httpx HTTP Request: GET http://testserver/api/eisf/documents/EISF-MTSE3DZZ/download "HTTP/1.1 400 Bad Request"
[2026-09-08 13:40:23,566] INFO httpx HTTP Request: GET http://testserver/api/eisf/documents/EISF-MTSE3DZZ/download?token=***REDACTED*** "HTTP/1.1 403 Forbidden"
[2026-09-08 13:40:23,576] INFO httpx HTTP Request: GET http://testserver/api/eisf/documents/EISF-MTSE3DZZ/download-token "HTTP/1.1 200 OK"
[2026-09-08 13:40:23,583] INFO httpx HTTP Request: GET http://testserver/api/eisf/documents/EISF-MTSE3DZZ/download?token=***REDACTED*** "HTTP/1.1 200 OK"
[2026-09-08 13:40:23,619] INFO httpx HTTP Request: POST http://testserver/api/eisf/documents "HTTP/1.1 200 OK"
[2026-09-08 13:40:23,629] INFO httpx HTTP Request: GET http://testserver/api/eisf/documents/EISF-MTSE3E1W/download?token=***REDACTED*** "HTTP/1.1 403 Forbidden"
[2026-09-08 13:40:23,633] DEBUG asyncio Using proactor: IocpProactor
[2026-09-08 13:40:23,634] INFO tria_engine Tria Engine (FastAPI) starting — env=development
[2026-09-08 13:40:23,635] INFO tria_engine UI storage table ready
[2026-09-08 13:40:23,646] INFO tria_engine Database connection OK
[2026-09-08 13:40:23,773] INFO httpx HTTP Request: POST http://testserver/api/accounts/login/ "HTTP/1.1 200 OK"
[2026-09-08 13:40:23,789] INFO httpx HTTP Request: POST http://testserver/api/audit/signatures "HTTP/1.1 200 OK"
[2026-09-08 13:40:23,794] DEBUG asyncio Using proactor: IocpProactor
[2026-09-08 13:40:23,796] INFO tria_engine Tria Engine (FastAPI) starting — env=development
[2026-09-08 13:40:23,797] INFO tria_engine UI storage table ready
[2026-09-08 13:40:23,805] INFO tria_engine Database connection OK
[2026-09-08 13:40:23,946] INFO httpx HTTP Request: POST http://testserver/api/accounts/login/ "HTTP/1.1 200 OK"
[2026-09-08 13:40:24,080] INFO httpx HTTP Request: POST http://testserver/api/signature-requests/ "HTTP/1.1 200 OK"
[2026-09-08 13:40:24,087] INFO httpx HTTP Request: GET http://testserver/api/signature-requests/ "HTTP/1.1 200 OK"
[2026-09-08 13:40:24,121] INFO httpx HTTP Request: POST http://testserver/api/signature-requests/1/sign "HTTP/1.1 200 OK"
[2026-09-08 13:40:24,283] INFO httpx HTTP Request: POST http://testserver/api/accounts/login/ "HTTP/1.1 200 OK"
[2026-09-08 13:40:24,309] INFO httpx HTTP Request: POST http://testserver/api/signature-requests/1/sign "HTTP/1.1 200 OK"
[2026-09-08 13:40:24,435] INFO httpx HTTP Request: POST http://testserver/api/accounts/login/ "HTTP/1.1 200 OK"
[2026-09-08 13:40:24,444] INFO httpx HTTP Request: POST http://testserver/api/signature-requests/1/sign "HTTP/1.1 400 Bad Request"
[2026-09-08 13:40:24,448] DEBUG asyncio Using proactor: IocpProactor
[2026-09-08 13:40:24,449] INFO tria_engine Tria Engine (FastAPI) starting — env=development
[2026-09-08 13:40:24,450] INFO tria_engine UI storage table ready
[2026-09-08 13:40:24,460] INFO tria_engine Database connection OK
[2026-09-08 13:40:24,466] INFO httpx HTTP Request: GET http://testserver/api/site/subjects/enrollment-counts/ "HTTP/1.1 401 Unauthorized"
[2026-09-08 13:40:24,470] DEBUG asyncio Using proactor: IocpProactor
[2026-09-08 13:40:24,472] INFO tria_engine Tria Engine (FastAPI) starting — env=development
[2026-09-08 13:40:24,475] INFO tria_engine UI storage table ready
[2026-09-08 13:40:24,483] INFO tria_engine Database connection OK
[2026-09-08 13:40:24,626] INFO httpx HTTP Request: POST http://testserver/api/accounts/login/ "HTTP/1.1 200 OK"
[2026-09-08 13:40:24,655] INFO httpx HTTP Request: POST http://testserver/api/site/subjects/sync "HTTP/1.1 200 OK"
[2026-09-08 13:40:24,667] INFO httpx HTTP Request: GET http://testserver/api/site/subjects/enrollment-counts/ "HTTP/1.1 200 OK"
[2026-09-08 13:40:24,701] DEBUG asyncio Using proactor: IocpProactor
[2026-09-08 13:40:24,705] INFO tria_engine Tria Engine (FastAPI) starting — env=development
[2026-09-08 13:40:24,710] INFO tria_engine UI storage table ready
[2026-09-08 13:40:24,726] INFO tria_engine Database connection OK
[2026-09-08 13:40:24,855] INFO httpx HTTP Request: POST http://testserver/api/accounts/login/ "HTTP/1.1 200 OK"
[2026-09-08 13:40:24,872] INFO httpx HTTP Request: POST http://testserver/api/site/subjects/sync "HTTP/1.1 200 OK"
[2026-09-08 13:40:24,880] INFO httpx HTTP Request: GET http://testserver/api/site/subjects/enrollment-counts/ "HTTP/1.1 200 OK"
[2026-09-08 13:40:24,896] INFO httpx HTTP Request: GET http://testserver/api/site/subjects/enrollment-counts/ "HTTP/1.1 200 OK"
[2026-09-08 13:40:24,903] INFO httpx HTTP Request: POST http://testserver/api/site/subjects/sync "HTTP/1.1 200 OK"
[2026-09-08 13:40:24,911] INFO httpx HTTP Request: GET http://testserver/api/site/subjects/enrollment-counts/ "HTTP/1.1 200 OK"
[2026-09-08 13:40:24,923] DEBUG asyncio Using proactor: IocpProactor
[2026-09-08 13:40:24,926] INFO tria_engine Tria Engine (FastAPI) starting — env=development
[2026-09-08 13:40:24,927] INFO tria_engine UI storage table ready
[2026-09-08 13:40:24,935] INFO tria_engine Database connection OK
[2026-09-08 13:40:25,296] INFO httpx HTTP Request: POST http://testserver/api/accounts/login/ "HTTP/1.1 200 OK"
[2026-09-08 13:40:25,316] INFO httpx HTTP Request: POST http://testserver/api/site/subjects/sync "HTTP/1.1 200 OK"
[2026-09-08 13:40:25,463] INFO httpx HTTP Request: POST http://testserver/api/accounts/login/ "HTTP/1.1 200 OK"
[2026-09-08 13:40:25,484] INFO httpx HTTP Request: POST http://testserver/api/site/subjects/sync "HTTP/1.1 200 OK"
[2026-09-08 13:40:25,496] INFO httpx HTTP Request: GET http://testserver/api/site/subjects/enrollment-counts/ "HTTP/1.1 200 OK"
[2026-09-08 13:40:25,514] DEBUG asyncio Using proactor: IocpProactor
[2026-09-08 13:40:25,517] INFO tria_engine Tria Engine (FastAPI) starting — env=development
[2026-09-08 13:40:25,518] INFO tria_engine UI storage table ready
[2026-09-08 13:40:25,532] INFO tria_engine Database connection OK
[2026-09-08 13:40:25,540] INFO httpx HTTP Request: POST http://testserver/api/site/subjects/history/sync "HTTP/1.1 401 Unauthorized"
[2026-09-08 13:40:25,547] INFO httpx HTTP Request: GET http://testserver/api/site/subjects/TNX-HIST%3A%3AS-1001/history "HTTP/1.1 401 Unauthorized"
[2026-09-08 13:40:25,551] INFO httpx HTTP Request: GET http://testserver/api/site/subjects/TNX-HIST%3A%3AS-1001/consent "HTTP/1.1 401 Unauthorized"
[2026-09-08 13:40:25,555] DEBUG asyncio Using proactor: IocpProactor
[2026-09-08 13:40:25,559] INFO tria_engine Tria Engine (FastAPI) starting — env=development
[2026-09-08 13:40:25,560] INFO tria_engine UI storage table ready
[2026-09-08 13:40:25,568] INFO tria_engine Database connection OK
[2026-09-08 13:40:25,695] INFO httpx HTTP Request: POST http://testserver/api/accounts/login/ "HTTP/1.1 200 OK"
[2026-09-08 13:40:25,701] INFO httpx HTTP Request: GET http://testserver/api/site/subjects/TNX-NOPE%3A%3AS-0/history "HTTP/1.1 404 Not Found"
[2026-09-08 13:40:25,711] INFO httpx HTTP Request: GET http://testserver/api/site/subjects/TNX-NOPE%3A%3AS-0/consent "HTTP/1.1 404 Not Found"
[2026-09-08 13:40:25,717] DEBUG asyncio Using proactor: IocpProactor
[2026-09-08 13:40:25,719] INFO tria_engine Tria Engine (FastAPI) starting — env=development
[2026-09-08 13:40:25,720] INFO tria_engine UI storage table ready
[2026-09-08 13:40:25,730] INFO tria_engine Database connection OK
[2026-09-08 13:40:25,870] INFO httpx HTTP Request: POST http://testserver/api/accounts/login/ "HTTP/1.1 200 OK"
[2026-09-08 13:40:25,885] INFO httpx HTTP Request: POST http://testserver/api/site/subjects/sync "HTTP/1.1 200 OK"
[2026-09-08 13:40:25,903] INFO httpx HTTP Request: POST http://testserver/api/site/subjects/history/sync "HTTP/1.1 200 OK"
[2026-09-08 13:40:26,138] INFO httpx HTTP Request: POST http://testserver/api/accounts/login/ "HTTP/1.1 200 OK"
[2026-09-08 13:40:26,146] INFO httpx HTTP Request: GET http://testserver/api/site/subjects/TNX-HIST-ORG%3A%3AS-1001/history "HTTP/1.1 404 Not Found"
[2026-09-08 13:40:26,152] INFO httpx HTTP Request: GET http://testserver/api/site/subjects/TNX-HIST-ORG%3A%3AS-1001/consent "HTTP/1.1 404 Not Found"
[2026-09-08 13:40:26,179] DEBUG asyncio Using proactor: IocpProactor
[2026-09-08 13:40:26,185] INFO tria_engine Tria Engine (FastAPI) starting — env=development
[2026-09-08 13:40:26,188] INFO tria_engine UI storage table ready
[2026-09-08 13:40:26,214] INFO tria_engine Database connection OK
[2026-09-08 13:40:26,538] INFO httpx HTTP Request: POST http://testserver/api/accounts/login/ "HTTP/1.1 200 OK"
[2026-09-08 13:40:26,561] INFO httpx HTTP Request: POST http://testserver/api/site/subjects/history/sync "HTTP/1.1 403 Forbidden"
[2026-09-08 13:40:26,570] DEBUG asyncio Using proactor: IocpProactor
[2026-09-08 13:40:26,576] INFO tria_engine Tria Engine (FastAPI) starting — env=development
[2026-09-08 13:40:26,578] INFO tria_engine UI storage table ready
[2026-09-08 13:40:26,595] INFO tria_engine Database connection OK
[2026-09-08 13:40:26,734] INFO httpx HTTP Request: POST http://testserver/api/accounts/login/ "HTTP/1.1 200 OK"
[2026-09-08 13:40:26,755] INFO httpx HTTP Request: POST http://testserver/api/site/subjects/sync "HTTP/1.1 200 OK"
[2026-09-08 13:40:26,799] INFO httpx HTTP Request: POST http://testserver/api/site/subjects/history/sync "HTTP/1.1 200 OK"
[2026-09-08 13:40:26,816] INFO httpx HTTP Request: GET http://testserver/api/site/subjects/TNX-HIST-APPEND%3A%3AS-1001/history "HTTP/1.1 200 OK"
[2026-09-08 13:40:26,831] DEBUG asyncio Using proactor: IocpProactor
[2026-09-08 13:40:26,833] INFO tria_engine Tria Engine (FastAPI) starting — env=development
[2026-09-08 13:40:26,835] INFO tria_engine UI storage table ready
[2026-09-08 13:40:26,848] INFO tria_engine Database connection OK
[2026-09-08 13:40:26,980] INFO httpx HTTP Request: POST http://testserver/api/accounts/login/ "HTTP/1.1 200 OK"
[2026-09-08 13:40:26,994] INFO httpx HTTP Request: POST http://testserver/api/site/subjects/sync "HTTP/1.1 200 OK"
[2026-09-08 13:40:27,007] INFO httpx HTTP Request: POST http://testserver/api/site/subjects/history/sync "HTTP/1.1 200 OK"
[2026-09-08 13:40:27,024] INFO httpx HTTP Request: POST http://testserver/api/site/visits/sync "HTTP/1.1 200 OK"
[2026-09-08 13:40:27,044] INFO httpx HTTP Request: POST http://testserver/api/site/icf/versions/sync "HTTP/1.1 200 OK"
[2026-09-08 13:40:27,082] INFO httpx HTTP Request: POST http://testserver/api/site/icf/events/sync "HTTP/1.1 200 OK"
[2026-09-08 13:40:27,097] INFO httpx HTTP Request: GET http://testserver/api/site/subjects/TNX-HIST-MERGE%3A%3AS-1001/history "HTTP/1.1 200 OK"
[2026-09-08 13:40:27,116] DEBUG asyncio Using proactor: IocpProactor
[2026-09-08 13:40:27,117] INFO tria_engine Tria Engine (FastAPI) starting — env=development
[2026-09-08 13:40:27,118] INFO tria_engine UI storage table ready
[2026-09-08 13:40:27,129] INFO tria_engine Database connection OK
[2026-09-08 13:40:27,259] INFO httpx HTTP Request: POST http://testserver/api/accounts/login/ "HTTP/1.1 200 OK"
[2026-09-08 13:40:27,273] INFO httpx HTTP Request: POST http://testserver/api/site/subjects/sync "HTTP/1.1 200 OK"
[2026-09-08 13:40:27,284] INFO httpx HTTP Request: GET http://testserver/api/site/subjects/TNX-HIST-CONSENT%3A%3AS-1001/consent "HTTP/1.1 200 OK"
[2026-09-08 13:40:27,300] INFO httpx HTTP Request: POST http://testserver/api/site/icf/versions/sync "HTTP/1.1 200 OK"
[2026-09-08 13:40:27,317] INFO httpx HTTP Request: POST http://testserver/api/site/icf/events/sync "HTTP/1.1 200 OK"
[2026-09-08 13:40:27,330] INFO httpx HTTP Request: GET http://testserver/api/site/subjects/TNX-HIST-CONSENT%3A%3AS-1001/consent "HTTP/1.1 200 OK"
[2026-09-08 13:40:27,345] INFO httpx HTTP Request: POST http://testserver/api/site/icf/campaigns/sync "HTTP/1.1 200 OK"
[2026-09-08 13:40:27,358] INFO httpx HTTP Request: GET http://testserver/api/site/subjects/TNX-HIST-CONSENT%3A%3AS-1001/consent "HTTP/1.1 200 OK"
[2026-09-08 13:40:27,375] INFO httpx HTTP Request: POST http://testserver/api/site/icf/campaigns/sync "HTTP/1.1 200 OK"
[2026-09-08 13:40:27,384] INFO httpx HTTP Request: GET http://testserver/api/site/subjects/TNX-HIST-CONSENT%3A%3AS-1001/consent "HTTP/1.1 200 OK"
[2026-09-08 13:40:27,400] DEBUG asyncio Using proactor: IocpProactor
[2026-09-08 13:40:27,402] INFO tria_engine Tria Engine (FastAPI) starting — env=development
[2026-09-08 13:40:27,403] INFO tria_engine UI storage table ready
[2026-09-08 13:40:27,413] INFO tria_engine Database connection OK
[2026-09-08 13:40:27,419] INFO httpx HTTP Request: GET http://testserver/api/site/subjects/ "HTTP/1.1 401 Unauthorized"
[2026-09-08 13:40:27,426] INFO httpx HTTP Request: GET http://testserver/api/site/visits/ "HTTP/1.1 401 Unauthorized"
[2026-09-08 13:40:27,430] INFO httpx HTTP Request: POST http://testserver/api/site/subjects/sync "HTTP/1.1 401 Unauthorized"
[2026-09-08 13:40:27,434] INFO httpx HTTP Request: POST http://testserver/api/site/visits/sync "HTTP/1.1 401 Unauthorized"
[2026-09-08 13:40:27,440] DEBUG asyncio Using proactor: IocpProactor
[2026-09-08 13:40:27,443] INFO tria_engine Tria Engine (FastAPI) starting — env=development
[2026-09-08 13:40:27,444] INFO tria_engine UI storage table ready
[2026-09-08 13:40:27,452] INFO tria_engine Database connection OK
[2026-09-08 13:40:27,593] INFO httpx HTTP Request: POST http://testserver/api/accounts/login/ "HTTP/1.1 200 OK"
[2026-09-08 13:40:27,608] INFO httpx HTTP Request: POST http://testserver/api/site/subjects/sync "HTTP/1.1 200 OK"
[2026-09-08 13:40:27,615] INFO httpx HTTP Request: GET http://testserver/api/site/subjects/ "HTTP/1.1 200 OK"
[2026-09-08 13:40:27,621] INFO httpx HTTP Request: GET http://testserver/api/site/subjects/?studyId=TNX-A "HTTP/1.1 200 OK"
[2026-09-08 13:40:27,641] INFO httpx HTTP Request: POST http://testserver/api/site/subjects/sync "HTTP/1.1 200 OK"
[2026-09-08 13:40:27,653] INFO httpx HTTP Request: GET http://testserver/api/site/subjects/ "HTTP/1.1 200 OK"
[2026-09-08 13:40:27,663] INFO httpx HTTP Request: GET http://testserver/api/site/subjects/TNX-A%3A%3AS-1001 "HTTP/1.1 200 OK"
[2026-09-08 13:40:27,667] DEBUG asyncio Using proactor: IocpProactor
[2026-09-08 13:40:27,669] INFO tria_engine Tria Engine (FastAPI) starting — env=development
[2026-09-08 13:40:27,670] INFO tria_engine UI storage table ready
[2026-09-08 13:40:27,680] INFO tria_engine Database connection OK
[2026-09-08 13:40:28,146] INFO httpx HTTP Request: POST http://testserver/api/accounts/login/ "HTTP/1.1 200 OK"
[2026-09-08 13:40:28,153] INFO httpx HTTP Request: POST http://testserver/api/site/subjects/sync "HTTP/1.1 403 Forbidden"
[2026-09-08 13:40:28,283] INFO httpx HTTP Request: POST http://testserver/api/accounts/login/ "HTTP/1.1 200 OK"
[2026-09-08 13:40:28,298] INFO httpx HTTP Request: POST http://testserver/api/site/subjects/sync "HTTP/1.1 200 OK"
[2026-09-08 13:40:28,433] INFO httpx HTTP Request: POST http://testserver/api/accounts/login/ "HTTP/1.1 200 OK"
[2026-09-08 13:40:28,449] INFO httpx HTTP Request: POST http://testserver/api/site/subjects/sync "HTTP/1.1 200 OK"
[2026-09-08 13:40:28,452] DEBUG asyncio Using proactor: IocpProactor
[2026-09-08 13:40:28,454] INFO tria_engine Tria Engine (FastAPI) starting — env=development
[2026-09-08 13:40:28,457] INFO tria_engine UI storage table ready
[2026-09-08 13:40:28,465] INFO tria_engine Database connection OK
[2026-09-08 13:40:28,720] INFO httpx HTTP Request: POST http://testserver/api/accounts/login/ "HTTP/1.1 200 OK"
[2026-09-08 13:40:28,744] INFO httpx HTTP Request: POST http://testserver/api/site/subjects/sync "HTTP/1.1 200 OK"
[2026-09-08 13:40:28,761] INFO httpx HTTP Request: GET http://testserver/api/site/subjects/ "HTTP/1.1 200 OK"
[2026-09-08 13:40:28,908] INFO httpx HTTP Request: POST http://testserver/api/accounts/login/ "HTTP/1.1 200 OK"
[2026-09-08 13:40:28,916] INFO httpx HTTP Request: GET http://testserver/api/site/subjects/?studyId=ST-B "HTTP/1.1 200 OK"
[2026-09-08 13:40:28,920] DEBUG asyncio Using proactor: IocpProactor
[2026-09-08 13:40:28,924] INFO tria_engine Tria Engine (FastAPI) starting — env=development
[2026-09-08 13:40:28,926] INFO tria_engine UI storage table ready
[2026-09-08 13:40:28,933] INFO tria_engine Database connection OK
[2026-09-08 13:40:29,076] INFO httpx HTTP Request: POST http://testserver/api/accounts/login/ "HTTP/1.1 200 OK"
[2026-09-08 13:40:29,092] INFO httpx HTTP Request: POST http://testserver/api/site/visits/sync "HTTP/1.1 200 OK"
[2026-09-08 13:40:29,100] INFO httpx HTTP Request: GET http://testserver/api/site/visits/ "HTTP/1.1 200 OK"
[2026-09-08 13:40:29,118] INFO httpx HTTP Request: POST http://testserver/api/site/visits/sync "HTTP/1.1 200 OK"
[2026-09-08 13:40:29,152] INFO httpx HTTP Request: GET http://testserver/api/site/visits/ "HTTP/1.1 200 OK"
[2026-09-08 13:40:29,180] INFO httpx HTTP Request: GET http://testserver/api/site/visits/?studyId=TNX-A "HTTP/1.1 200 OK"
[2026-09-08 13:40:29,188] DEBUG asyncio Using proactor: IocpProactor
[2026-09-08 13:40:29,193] INFO tria_engine Tria Engine (FastAPI) starting — env=development
[2026-09-08 13:40:29,195] INFO tria_engine UI storage table ready
[2026-09-08 13:40:29,207] INFO tria_engine Database connection OK
[2026-09-08 13:40:29,465] INFO httpx HTTP Request: POST http://testserver/api/accounts/login/ "HTTP/1.1 200 OK"
[2026-09-08 13:40:29,490] INFO httpx HTTP Request: POST http://testserver/api/site/visits/sync "HTTP/1.1 200 OK"
[2026-09-08 13:40:29,500] INFO httpx HTTP Request: GET http://testserver/api/site/visits/ "HTTP/1.1 200 OK"
[2026-09-08 13:40:29,628] INFO httpx HTTP Request: POST http://testserver/api/accounts/login/ "HTTP/1.1 200 OK"
[2026-09-08 13:40:29,879] INFO httpx HTTP Request: POST http://testserver/api/accounts/login/ "HTTP/1.1 200 OK"
[2026-09-08 13:40:29,887] INFO httpx HTTP Request: POST http://testserver/api/site/visits/sync "HTTP/1.1 403 Forbidden"
[2026-09-08 13:40:29,893] DEBUG asyncio Using proactor: IocpProactor
[2026-09-08 13:40:29,896] INFO tria_engine Tria Engine (FastAPI) starting — env=development
[2026-09-08 13:40:29,897] INFO tria_engine UI storage table ready
[2026-09-08 13:40:29,911] INFO tria_engine Database connection OK
[2026-09-08 13:40:30,048] INFO httpx HTTP Request: POST http://testserver/api/accounts/login/ "HTTP/1.1 200 OK"
[2026-09-08 13:40:30,062] INFO httpx HTTP Request: POST http://testserver/api/site/subjects/sync "HTTP/1.1 200 OK"
[2026-09-08 13:40:30,076] INFO httpx HTTP Request: POST http://testserver/api/site/visits/sync "HTTP/1.1 200 OK"
[2026-09-08 13:40:30,327] INFO httpx HTTP Request: POST http://testserver/api/accounts/login/ "HTTP/1.1 200 OK"
[2026-09-08 13:40:30,342] INFO httpx HTTP Request: POST http://testserver/api/site/subjects/sync "HTTP/1.1 200 OK"
[2026-09-08 13:40:30,357] INFO httpx HTTP Request: POST http://testserver/api/site/visits/sync "HTTP/1.1 200 OK"
[2026-09-08 13:40:30,364] INFO httpx HTTP Request: GET http://testserver/api/site/subjects/ "HTTP/1.1 200 OK"
[2026-09-08 13:40:30,373] INFO httpx HTTP Request: GET http://testserver/api/site/visits/ "HTTP/1.1 200 OK"
[2026-09-08 13:40:30,377] DEBUG asyncio Using proactor: IocpProactor
[2026-09-08 13:40:30,379] INFO tria_engine Tria Engine (FastAPI) starting — env=development
[2026-09-08 13:40:30,380] INFO tria_engine UI storage table ready
[2026-09-08 13:40:30,389] INFO tria_engine Database connection OK
[2026-09-08 13:40:30,395] INFO httpx HTTP Request: GET http://testserver/api/site/subjects/summary/ "HTTP/1.1 401 Unauthorized"
[2026-09-08 13:40:30,400] INFO httpx HTTP Request: GET http://testserver/api/site/visits/summary/ "HTTP/1.1 401 Unauthorized"
[2026-09-08 13:40:30,403] DEBUG asyncio Using proactor: IocpProactor
[2026-09-08 13:40:30,406] INFO tria_engine Tria Engine (FastAPI) starting — env=development
[2026-09-08 13:40:30,408] INFO tria_engine UI storage table ready
[2026-09-08 13:40:30,416] INFO tria_engine Database connection OK
[2026-09-08 13:40:30,544] INFO httpx HTTP Request: POST http://testserver/api/accounts/login/ "HTTP/1.1 200 OK"
[2026-09-08 13:40:30,560] INFO httpx HTTP Request: POST http://testserver/api/site/subjects/sync "HTTP/1.1 200 OK"
[2026-09-08 13:40:30,567] INFO httpx HTTP Request: GET http://testserver/api/site/subjects/summary/?studyId=TNX-SUM-A "HTTP/1.1 200 OK"
[2026-09-08 13:40:30,575] INFO httpx HTTP Request: GET http://testserver/api/site/subjects/summary/?studyId=TNX-SUM-B "HTTP/1.1 200 OK"
[2026-09-08 13:40:30,581] INFO httpx HTTP Request: GET http://testserver/api/site/subjects/summary/?studyId=TNX-NOPE "HTTP/1.1 200 OK"
[2026-09-08 13:40:30,585] DEBUG asyncio Using proactor: IocpProactor
[2026-09-08 13:40:30,587] INFO tria_engine Tria Engine (FastAPI) starting — env=development
[2026-09-08 13:40:30,589] INFO tria_engine UI storage table ready
[2026-09-08 13:40:30,598] INFO tria_engine Database connection OK
[2026-09-08 13:40:30,732] INFO httpx HTTP Request: POST http://testserver/api/accounts/login/ "HTTP/1.1 200 OK"
[2026-09-08 13:40:30,751] INFO httpx HTTP Request: POST http://testserver/api/site/visits/sync "HTTP/1.1 200 OK"
[2026-09-08 13:40:30,759] INFO httpx HTTP Request: GET http://testserver/api/site/visits/summary/?studyId=TNX-VSUM "HTTP/1.1 200 OK"
[2026-09-08 13:40:30,766] INFO httpx HTTP Request: GET http://testserver/api/site/visits/summary/?studyId=TNX-VSUM&window=1 "HTTP/1.1 200 OK"
[2026-09-08 13:40:30,774] INFO httpx HTTP Request: GET http://testserver/api/site/visits/summary/?studyId=TNX-VSUM-OTHER "HTTP/1.1 200 OK"
[2026-09-08 13:40:30,778] DEBUG asyncio Using proactor: IocpProactor
[2026-09-08 13:40:30,780] INFO tria_engine Tria Engine (FastAPI) starting — env=development
[2026-09-08 13:40:30,781] INFO tria_engine UI storage table ready
[2026-09-08 13:40:30,790] INFO tria_engine Database connection OK
[2026-09-08 13:40:31,325] INFO httpx HTTP Request: POST http://testserver/api/accounts/login/ "HTTP/1.1 200 OK"
[2026-09-08 13:40:31,346] INFO httpx HTTP Request: POST http://testserver/api/site/subjects/sync "HTTP/1.1 200 OK"
[2026-09-08 13:40:31,383] INFO httpx HTTP Request: POST http://testserver/api/site/visits/sync "HTTP/1.1 200 OK"
[2026-09-08 13:40:31,549] INFO httpx HTTP Request: POST http://testserver/api/accounts/login/ "HTTP/1.1 200 OK"
[2026-09-08 13:40:31,578] INFO httpx HTTP Request: POST http://testserver/api/site/subjects/sync "HTTP/1.1 200 OK"
[2026-09-08 13:40:31,609] INFO httpx HTTP Request: POST http://testserver/api/site/visits/sync "HTTP/1.1 200 OK"
[2026-09-08 13:40:31,761] INFO httpx HTTP Request: POST http://testserver/api/accounts/login/ "HTTP/1.1 200 OK"
[2026-09-08 13:40:31,772] INFO httpx HTTP Request: GET http://testserver/api/site/subjects/summary/ "HTTP/1.1 200 OK"
[2026-09-08 13:40:31,781] INFO httpx HTTP Request: GET http://testserver/api/site/visits/summary/ "HTTP/1.1 200 OK"
[2026-09-08 13:40:31,789] INFO httpx HTTP Request: GET http://testserver/api/site/subjects/summary/?studyId=OTHER-ST "HTTP/1.1 200 OK"
[2026-09-08 13:42:11,807] DEBUG asyncio Using proactor: IocpProactor
[2026-09-08 13:42:11,883] INFO tria_engine Tria Engine (FastAPI) starting — env=development
[2026-09-08 13:42:12,082] INFO tria_engine UI storage table ready
[2026-09-08 13:42:12,082] INFO tria_engine Database connection OK
[2026-09-08 13:43:09,313] INFO audit {'event': 'user_registered', 'status': 'success', 'user_id': 1, 'user_email': 'n2@tria.test', 'patient_id': None, 'patient_code': None, 'ip': '127.0.0.1', 'path': '/api/accounts/register/', 'method': 'POST', 'details': {}}
[2026-09-08 13:43:09,314] INFO uvicorn.access 127.0.0.1:64491 - "POST /api/accounts/register/ HTTP/1.1" 201
[2026-09-08 13:43:09,509] INFO uvicorn.access 127.0.0.1:64492 - "POST /api/accounts/login/ HTTP/1.1" 200
[2026-09-08 13:43:09,853] INFO uvicorn.access 127.0.0.1:64493 - "POST /api/notifications/sync HTTP/1.1" 200
[2026-09-08 13:43:09,927] INFO uvicorn.access 127.0.0.1:64494 - "POST /api/notifications/sync HTTP/1.1" 200
